{"1": [-78352.93679925668, -79933.00003119314, -78464.1149378625, -79162.47636658022, -79955.17187491417, -82318.94662954626, -74672.48142861133, -41165.93506018669, -10777.782113902073, -1075.290792964201, -4557.263479296724, 8855.373197057033, 9768.547941745894, 10433.391432787908, 12225.004983406048, 12549.322273107464, 16675.590002896555, 19038.883661872158, 19527.296789351087, 19980.9656014773, 21135.168891741232, 18387.02864805323, 19441.26896009563, 20027.923632449056, 18122.930133279307], "2": [-78332.87608786821, -79981.9980691433, -78503.19534890055, -79193.33414401114, -79981.90329268575, -82345.5368971914, -74578.5105635196, -38971.76527009495, -9310.039453878999, -211.63592139014509, -3544.3330676225014, 9227.042588715942, 10008.224332224068, 10476.40365644251, 11987.700693805842, 12098.52348027665, 15570.570483593774, 18107.593013382306, 18113.32329468376, 18414.65846863505, 19471.919710934282, 17145.517195178694, 17584.379014299462, 17420.929439886975, 16095.11533166045], "3": [-78498.0, -80066.0, -78591.2, -79282.0, -80066.0, -82418.0, -74334.4, -38950.4, -9701.0, -281.9, -3781.3, 7146.2, 6859.8, 6949.0, 7220.4, 7651.200054967403, 9599.604904835252, 10989.191469635163, 10605.610856805026, 11211.802956522199, 13995.2721578304, 14169.282028591973, 16931.77901296998, 17744.964230594207, 16435.24354613703], "4": [-78497.66918743849, -79998.50811938402, -78500.78198331417, -79266.64467366734, -80046.37633619769, -82385.18935967267, -74721.48113505822, -38197.66686228641, -10614.693504611972, -875.7705380825792, -4260.248202434598, 9744.678134363232, 10330.977577138343, 11058.21858505732, 12161.290907876391, 13287.560161859239, 16672.91802660426, 18473.96873864787, 18425.420080213804, 18520.600727486148, 19594.708559755974, 16967.46817373103, 16771.960217600372, 15901.227852329373, 15154.433312465952], "5": [-78584.9, -80144.69999996424, -78674.39999997616, -79364.89999996424, -80144.9, -82484.5, -74808.1, -41020.0, -10476.2, -284.6, -4307.9, 9170.1, 9064.8, 9149.6, 9876.0, 10806.8, 13026.3, 15019.9, 13934.3, 13782.1, 12847.2, 10989.8, 11306.8, 10953.0, 9851.40000000596]}