{"1": [146.34184950124472, 150.36452621647624, 160.45393433843273, 168.4569697148516, 173.1487927353475, 172.93727094945498, 173.87043007020839, 169.72844835669383, 131.87908305431483, 117.9071345123346, 116.76236497783103, 70.68651529035415, 45.52464773572865, 35.09960410775384, 30.20713709294796, 23.369395707306104, 16.8466673246352, 13.233976113182143, 12.718215922283708, 12.034831227638643, 10.274868467380292, 12.550155803628149, 9.490729581675259, 9.187385891700979, 9.377458404231584], "2": [199.8323475599289, 199.9885009765625, 199.99033460617065, 198.7338636249304, 199.7765862867236, 199.32995866537095, 199.231403457094, 184.75474448632448, 165.70900146737694, 155.90208843776492, 157.59198892833666, 71.47852354837815, 52.2970314697799, 43.74693812211044, 44.36315882797353, 35.75239811392676, 33.44548158436955, 30.767016944126226, 30.600116616644662, 26.801659026325797, 24.867863765891524, 22.64872981334629, 20.322671306107075, 19.33889840404445, 18.063997170043876], "3": [200.0, 200.0, 200.0, 200.0, 200.0, 200.0, 198.7, 186.1, 170.8, 164.5, 165.8, 124.8, 112.9, 108.4, 106.0, 98.79994503259658, 79.71582023617812, 74.81803895207122, 63.788847470999464, 48.413634923903736, 25.99507213474135, 20.836401413971906, 15.469174088156432, 13.395302515436196, 12.776905796673963], "4": [199.4383348956704, 197.1158455505967, 185.76913375696168, 183.4402607830707, 178.92566323815845, 165.58777926731855, 128.9387378687039, 50.663942946278254, 38.35391000570962, 29.418555296072736, 25.823624041161384, 26.713288996840127, 23.26938649476215, 21.686639502531033, 22.36141321043251, 19.043054930423388, 18.9487911098171, 18.450649572288967, 16.995810931085725, 16.097307151960557, 16.04203859810368, 15.54175168889924, 14.465705650273595, 14.32867267075344, 13.083171138147009], "5": [200.0, 199.7999999642372, 199.39999997615814, 199.89999996423722, 199.9, 199.5, 196.7, 180.9, 167.3, 160.7, 161.9, 122.1, 109.5, 103.9, 102.9, 97.2, 81.4, 80.6, 73.7, 64.1, 49.6, 47.4, 42.0, 41.6, 41.29999999403954]}