{"1": [3101.1889051344992, 558.4161977806683, 2079.9205681285257, 2114.4856334725055, 2025.7259097686401], "2": [3048.830000429748, -2501.7521251577273, 2090.3349222716197, 2798.1011098276667, 2930.907389283913], "3": [2757.0883404334763, 517.0491370093081, 1923.2184078108507, 1999.5280921796718, 1995.860599280968], "4": [2975.2531319543, -2422.6743550656975, 2153.437663019633, 2788.429529102298, 2982.238905707885], "5": [7984.234842854818, 2399.0274410769152, 8160.188889382867, 9234.765210894067, 9448.549859620125]}