{"1": [156.41094865500926, 76.98802219331264, 75.19431871473789, 72.44366527497769, 72.74090231359006], "2": [148.3499957025051, 6.261261419770017, 4.783781576484034, 4.645018088977667, 4.701632168072683], "3": [137.41653562546708, 72.0086202390492, 70.71591433063149, 68.71906779631972, 68.99399503394962], "4": [6.559125508627039, 4.506893177272286, 3.6730925380630652, 3.7037399768436443, 3.669459680291766], "5": [40.93564150705934, 4.907400102615066, 3.5609437386141507, 3.7170608840388013, 3.368960853428871]}