{"1": [-79804.70000000393, -27671.58493184428, -18819.50451115942, -14841.169441031903, -16883.328975025037, -17441.61447061979, -15123.463865457295, -16439.787845116833, -14948.133437192155, -15884.3088251234, -12712.89985604914, -11900.573000344939, -14010.236582946363, -12581.401173955213, -10528.234697757198, -11581.017726581515, -12174.260924322105, -9600.905360726401, -10569.28768708209, -7965.732163498248, -7667.782427370274, -7797.429026559282, -9912.106421054974, -8088.226691918721, -5440.482550911083, -5384.065876323167, -5100.497010278727, -4101.0282240611505, -4302.513130180214, -1658.1947814059756, -2456.376560496511, -3384.3876514027615, 218.28020342817777, 634.2626352456006, 825.9877776569905, 305.1401734655794, 1356.6157116550698, 768.3446174510647, 2654.522606385442, 852.4666610538236, 2061.3432955116004, 2533.589917818451, 7697.924513201319], "2": [-79804.27819233568, -32563.487496181693, -24824.683677602094, -19352.213148129707, -21894.757198426698, -23299.5607024945, -19995.10613211694, -21722.26799340378, -19952.870308451267, -20951.048560772004, -16724.003744347483, -15862.580244181872, -18391.957835805657, -17080.625389677596, -14370.046786061992, -15860.76093240768, -16372.016710946937, -13923.5436959524, -15007.475956981469, -11412.385881015183, -11170.863920245918, -11138.948551549689, -14142.610602805818, -11519.817879498794, -8364.320502147128, -8464.124494679096, -8705.66324373546, -7003.354318722317, -7363.283282844961, -3685.867338853517, -4961.860462838696, -6054.433363830381, -1544.5102656805495, -964.4287978351462, -761.0849674979205, -1716.2125265122181, -270.40148270690565, -1227.8787320322647, 1419.6954370922265, -834.7366954903085, 494.9031293734723, 1244.0733800464752, 8787.927371073227], "3": [-79889.60000000392, -28129.7049999982, -20329.39999999924, -16162.600000000228, -17987.40499999971, -18724.209999999435, -16522.57999999957, -17405.89999999947, -15953.420000000138, -16772.779999999864, -13342.800000000654, -13106.600000000635, -14664.470000000432, -13567.70500000066, -11499.990000000656, -12652.595000000656, -13186.080000000671, -10854.025000000689, -11584.0450000005, -8794.42500000056, -8623.810000000558, -8561.105000000638, -10752.78000000056, -8672.620000000521, -6391.350000000197, -6233.340000000246, -6292.150000000067, -4974.2799999997205, -5321.064999999941, -2521.0649999990083, -3295.229999997164, -4226.939999986271, -575.9349999672409, -221.16999992908868, -18.069999844445213, -521.6549996769526, 470.4650007232878, -148.85499818624265, 1715.2700055090531, -37.069969411503294, 1018.2852673283262, 1737.9499401089556, 7323.118139932511], "4": [-79889.60000000392, -32687.19013800499, -24751.39599740498, -19094.680898282168, -21622.66656871756, -22981.246918212295, -19982.43364548827, -21705.76004865386, -19953.961179518366, -20760.74342252575, -16853.30052383623, -15965.103392359073, -18293.12904466313, -17084.02509424881, -14189.186154545503, -15921.628507473597, -16503.620470871858, -13908.233694880619, -15145.701595652416, -11394.44639560438, -11223.703753746644, -11163.379620054879, -14185.971830383827, -11672.433171838024, -8551.791829220105, -8648.595138566967, -8884.252402839242, -7189.537663076658, -7506.946831041042, -3929.3797119295377, -5186.118671303308, -6227.232496242477, -1809.026279198939, -1236.718415509135, -1046.4843389042726, -1973.55416846889, -593.8213958525945, -1447.6417244047832, 927.9685569243981, -1138.2712103717436, 173.01792100794302, 989.0721243595314, 8308.340228940424], "5": [-79969.50000000393, -31561.754999998102, -23072.244999998882, -18187.1399999998, -20525.13499999926, -21518.929999999073, -18543.53999999937, -20143.249999999163, -18491.039999999815, -19450.15499999935, -15379.430000000308, -14912.00499999998, -16913.36999999983, -15739.189999999999, -13395.900000000383, -14618.94000000009, -14990.720000000107, -12765.61000000067, -13600.40500000045, -10420.160000000547, -10177.530000000555, -10018.015000000623, -12758.650000000582, -10332.620000000516, -7518.255000000378, -7576.510000000308, -7554.745000000371, -6188.405000000339, -6566.690000000359, -3113.604999999902, -4142.679999999855, -5269.745000000183, -1044.3999999999908, -570.2450000000363, -326.0999999999447, -1030.1649999999756, 68.47000000027, -555.1799999997196, 2009.2850000004648, -230.2700000000138, 909.1600000006125, 1812.2450000000692, 8548.034999999842]}