{"1": [200.0, 176.8493027359247, 163.5424440652132, 170.69366607666015, 167.7827756792307, 162.64015516638756, 167.63809497356414, 165.8759943932295, 165.82901589274405, 165.5872442752123, 166.99834138453008, 169.2179699987173, 163.36286997795105, 165.4504397392273, 165.79787835180758, 162.66422629803418, 165.08962205424905, 162.52676708996296, 161.35184172680601, 163.77402259409428, 165.76096389219165, 163.0274613860529, 160.00075740641915, 159.6617341157049, 161.26041147694923, 161.58415319616907, 156.43580788280815, 156.70462179146708, 158.53220322802662, 157.86505168881268, 156.1616288550198, 154.83710117484443, 154.5865209885407, 155.70979687735672, 148.52493526265025, 150.46685992137063, 152.20527679137885, 146.97354043733793, 145.68644381533377, 149.71650032172911, 143.97552859047428, 147.0680664465297, 135.07072632554917], "2": [195.15833303844556, 95.75615964426979, 80.12394951585739, 87.03254625899717, 80.43422971345572, 78.42560167861521, 83.24313627957308, 79.96180116706819, 78.98667177973694, 75.85375061355008, 83.82506600417256, 84.51819143877219, 79.75937499376596, 81.57473156490305, 80.19316178716254, 78.40928171596897, 78.38846145451097, 74.02171609512152, 76.05535329427804, 75.53370406632457, 76.59061502333643, 75.00988323787752, 68.74843635461147, 73.84453811991844, 71.47359564890795, 72.33251017892471, 67.10322480734612, 64.66503717946179, 67.66264391277073, 63.88067815440445, 65.94323343283031, 63.99390336600045, 67.24881406721106, 65.35401509238, 60.76509371638531, 61.57464126250561, 62.60399202879635, 57.15072519680107, 57.29277348511823, 60.33911179209099, 59.41026713186293, 57.59800330312282, 63.27640260126937], "3": [200.0, 176.55, 168.5, 174.0, 170.05, 166.1, 171.3, 168.0, 168.7, 166.8, 167.5, 172.5, 164.2, 168.05, 168.9, 165.45, 167.8, 166.25, 163.95, 167.25, 168.6, 165.55, 162.8, 161.7, 166.0, 164.9, 161.49999999701976, 160.79999999403952, 161.14999999701976, 161.6499999910593, 160.2999999701977, 157.8999998539686, 158.8499996572733, 160.19999926090242, 156.69999836981296, 156.04999667704107, 157.84999243617057, 152.5499813437462, 152.29994281828402, 155.19968223571777, 151.64715039134026, 152.48653684556484, 117.07132525380003], "4": [200.0, 72.91327103586373, 72.15454154685867, 86.01445219741872, 76.81938179352582, 71.6793119529204, 79.17879789123398, 68.88132052004076, 71.51825148953795, 67.93344422898372, 63.931419728946636, 76.94580878283014, 59.90871097133495, 66.21672691213898, 67.21051568092953, 62.92157651596354, 57.862181185121884, 62.35483886647562, 54.10711240130477, 61.15443422709795, 63.96437260372768, 55.72258112053969, 54.498028244441954, 46.75661510382488, 54.599147906468716, 52.532169307864386, 48.48218489618157, 50.51972170600784, 44.62164248899062, 49.76361925833335, 43.72985366070934, 39.74242976605019, 39.23974015424028, 37.02346707596007, 34.72026172129263, 32.83324692033348, 31.421821282636664, 29.139192628490854, 27.424360965093364, 27.843885873931868, 24.889213131963334, 25.427451153805304, 25.2355205908927], "5": [200.0, 174.1, 166.7, 171.2, 167.25, 163.55, 167.7, 166.0, 166.8, 165.55, 164.7, 170.05, 161.55, 166.3, 166.4, 163.3, 164.7, 164.7, 161.1, 164.9, 166.6, 163.05, 161.35, 159.5, 161.9, 161.9, 157.8, 158.0, 158.95, 158.3, 157.35, 155.85, 156.2, 155.8, 154.25, 153.34999999701978, 154.64999999701976, 150.34999999701978, 149.59999999403954, 151.8, 150.04999999403952, 149.15, 138.04999999701977]}