{"1": [-10484858998.655436, -9568337175.804794, -7080451788.528165, -6800532105.009406, -3784132974.1376143, -4552649860.56146, -4948129534.386645, -3192876832.729234, -2749949979.4128423, -3602143045.7320175, -3164092139.4951005, -2694379515.6908298, -4026112917.11445, -3195121849.0481005, -2714186286.526086, -3577011344.26268, -973987243.1531299, -2627504145.674674, -3064046083.4348116, -1362883201.9798346, -2311491501.35024, -3090564522.3449864, -3549263933.0944605, -2691187089.189378, -2316975180.5103855, -52985251.17867618, -904312087.6657146, -97701.05120612026, -445310233.2775717, -425433356.3173427, -20424474.22834947, -18027.964796236607, -61424.352505589566, -856200669.5443684, -733635.6071237745, -265126.3423647334], "2": [-10484859015.81223, -9568337192.961578, -6146523498.486876, -6715182800.874927, -3732055133.499818, -4525622456.498096, -4918029085.644249, -3165910405.033728, -2702617394.8459806, -3582224453.5155387, -3147616086.594301, -2671221579.143899, -4034990271.1189184, -3162539475.769496, -2713662314.517577, -3563483213.4457893, -966264906.4799938, -2610782947.73175, -3041348747.4062943, -1360374901.6790676, -2242547375.7379518, -3079239511.1099524, -3525934243.266298, -2606489528.091413, -2284150924.285268, -52632650.264062494, -847411967.4121577, -69543.39028081145, -437322095.239802, -337434694.5503147, -14642556.27129365, -14196.938713063588, -46163.86754175107, -675945364.5011344, -344397.7189089417, -118828.75425330766], "3": [-10484859023.628403, -9568337175.43429, -7139256389.72584, -7047449832.407207, -3901127871.4996824, -4763542391.304033, -5205030514.8257265, -3366791747.45914, -2894151011.893066, -3805119770.479088, -3348437467.414702, -2867220082.663531, -4249282395.3004866, -3384537026.903539, -2884698126.3207808, -3795323118.7697372, -1045196196.7990906, -2795793710.0133133, -3259087155.1389217, -1443863880.1839767, -2392868601.2590814, -3290419385.853842, -3774030086.8835855, -2840375042.0977583, -2508974315.4458914, -56607504.899399534, -975732479.1210632, -171954.44166851774, -474996805.01208913, -457344707.5174182, -42594252.92384028, -27097.557507566293, -105546.15605191884, -912015626.5399193, -1147349.3726147613, -996988.8459849833], "4": [-10484312812.60643, -9565935202.194729, -6523715753.2587, -6569279599.584898, -3614972177.6298614, -4412429546.560263, -4804298270.886024, -3104211225.125011, -2667569885.36158, -3506208864.3181176, -3091701268.252603, -2617621892.378726, -3940420026.971999, -3104352197.3307505, -2647955246.936865, -3507886711.391333, -891199498.1535997, -2565450412.021348, -2993360010.3283396, -1328335964.009606, -2186103514.8388658, -3037253351.28588, -3448099626.719069, -2578677679.2266426, -2234159749.3708982, -51112306.79205692, -880969903.260915, -69333.79280503004, -427450305.04337007, -370302124.8787448, -12933274.494852098, -12338.736067610878, -35249.76310480217, -741970273.9277312, -245063.65815426843, -646436.2645650834], "5": [-10482607100.607515, -9535579729.032017, -7138542680.846326, -7081819059.690405, -3933584145.9936357, -4810942918.564613, -5227522966.617487, -3396719926.4368353, -2904501637.3368735, -3832176586.4448943, -3377850194.293802, -2864724234.0689316, -4281075023.280783, -3386844487.3483396, -2897024129.459324, -3802984397.021422, -1058724700.912496, -2795803174.101075, -3259547955.559728, -1455189402.2461712, -2333987373.83624, -3301707485.6935635, -3774224793.5463166, -2848770789.7651978, -2553508229.4643273, -57574640.50608609, -984881924.8865407, -201771.7837229948, -475327020.730364, -463049715.41296405, -47530824.254228935, -29618.87571182903, -122157.9167248749, -922803321.7779465, -1282829.9539879772, -1349698.5177139954]}