{"1": [-79910.59390974045, -78572.50632076264, -68399.30387043953, -44879.106388312575, -47278.53163698092, -21605.477971271397, -16508.869702757103, -15727.048960724915, -14912.926483933275, -15814.188902820446, -13624.306617384296, -17310.400542072566, -10256.129866561803, -12272.937823422792, -13998.931085151879, -7882.690861939724, -8929.230857079194, -2403.8881867596474, -1412.8655326260837, 878.3825869568129, -299.44705714131703, 1463.9636654097935, -1208.9836652044237, -14898.570917052111], "2": [-79838.6, -79445.8, -66056.6, -47265.9, -61219.1, -36731.2, -36340.0, -32854.2, -28373.8, -29054.5, -26370.1, -27441.1, -13035.199818050862, -18519.36508127451, -13082.988216370344, 1015.366538829403, 1355.6165927741677, 4466.755994665716, 3989.8910439282654, 4731.75639493987, 3943.2394277223384, 3835.6603463517504, 2996.513824971765, 1932.763426559209], "3": [-79919.46441087723, -76907.54830095769, -56358.89372930303, -40720.31438030805, -56981.28629324362, -42499.52113396525, -36249.4537445724, -30913.56370447278, -26667.5347594738, -27269.52544412017, -24730.430503457785, -26053.581601381302, -12589.437862342596, -17062.74975451827, -12629.493306732178, -1709.1406088935096, -1296.605704623676, 1029.1546238025535, 450.2738191348268, 2216.7809902441163, 24.60936689346272, 1153.348662763252, -551.3533440074127, -9890.787732766108], "4": [-78527.83683166504, -69754.24663218352, -53275.1937319576, -32056.028814404923, -40750.60754308973, -19191.416008715973, -17042.30809333803, -15853.746236295498, -14156.2150799397, -14333.000293968664, -16201.705356949611, -16021.45205633824, -8032.302423079818, -11382.082031287016, -9430.480130296954, 980.1906244878016, 1702.6343316066486, 3361.592262227682, 3404.2448876249427, 3581.5031010576176, 3409.564493527802, 3372.1744760151023, 2656.6307178052316, -2447.8449275257503], "5": [-81555.6, -78814.8, -69194.9, -54842.2, -63180.1, -34815.6, -27619.4, -23291.2, -20228.900001883507, -20954.29995421171, -18961.44495230913, -19393.47237288952, -9304.728388601541, -12711.561671972275, -9650.645465755462, 884.1981666207314, 1143.757564550638, 2921.3736016408657, 2813.04142751093, 3229.9657745874256, 2793.353445445659, 2862.3342813354307, 2445.1380681933542, 785.3573001540965], "6": [-79983.20140799806, -78068.8433444921, -55837.22434670567, -33062.62355870763, -36372.70115749187, -24364.3374806462, -20870.427188380207, -17796.590537148975, -15426.768102617603, -16456.57507760483, -14794.603844503126, -15305.957344821963, -8851.264952189924, -11827.680227703642, -8123.835903543816, 2094.1741678191815, 3450.645904015383, 9559.510542271042, 10642.742205742677, 12202.478589159746, 10730.201589952954, 11570.15117644714, 8591.022784513456, -4932.948979659364]}