{"1": [167.45, 18.250739172616157, 14.800093151803594, 15.181786096686846, 15.38010755128489], "2": [163.7, 105.64999978542328, 100.79999966919422, 103.34999966919422, 102.74999971985817], "3": [29.622327231241798, 8.060241272332496, 7.4217447038245155, 7.039576478110393, 7.50611198941333], "4": [154.44999906420708, 101.31518810726702, 99.21778802126646, 100.07826457554475, 100.85368407325004], "5": [42.31859618123853, 25.329138775709726, 25.092566456866916, 24.84803645957436, 24.517064669699174]}