{"1": [-14840.045000000067, 9001.306382103978, 11265.851122901015, 9474.95962011519, 11235.192199163426], "2": [-14390.92000000013, 6137.385000021235, 7090.620000032906, 6058.965000032917, 6917.175000027794], "3": [-17835.53547177274, 9111.392765832334, 11619.513692705183, 9403.637915447443, 11447.340844012851], "4": [-13566.544999906726, 5660.718481189123, 6695.628221197729, 5576.492173542332, 6549.114631592516], "5": [-18666.89086096506, 6891.282832322528, 9177.176796351676, 7044.471860352624, 9029.64455036112]}