{"1": [-53610.599151725284, -17137.05583211056, -13127.598656700347, -10095.720543234609, -10043.25886160356, -11550.118586131543, -17867.418281731785, -10025.539185213544, -11209.373209275283, -11381.532153306249, -9204.864931747996, -11483.397504471513, -11142.558514816676, -9271.26868776885, -20021.13788908546, -10651.36856864375, -8365.008421131093, -12822.236370770264, -11720.777287692905, -10974.652951868196, -8210.341443196481, -11967.37069550181, -13034.451934231, -10243.392289655083, -12646.216882965096, -14499.175938883276, -9072.962931640981, -7680.93851195491, -13381.900722675355, -12259.108062923642, -10914.037504752128, -10246.512264652978, -16119.743048775734, -8439.384925307551, -9878.991096361175, -15073.202042078425, -11213.59963026364, -11708.772922592803, -12041.217061651409, -10249.40580767815, -7802.200821474221, -9825.9395597807, -16825.960803510472, -13090.668545161125, -6642.144421851352, -11854.439054343191, -10347.48982273622, -10830.0653524447, -11649.402417130052, -8300.11786941186, -11906.397686148312, -9267.148878329177, -14283.597243105582, -11013.573752654398, -8175.422888303571, -9748.704417868965, -12906.18026193175, -11355.837427432922, -10393.965662645986, -8269.992565160834, -11424.43447154596, -9004.636395796466, -11749.060571654332, -7112.050975822114, -8671.07314310346, -5918.423883980744, -10351.95658918236, -9830.445973053529, -8597.974750551384, -8962.812798427844, -3479.1130113657164, -1428.7429204191492, -1205.2753741000229, -2948.6575724775576, 285.31686554868594, -753.9352293337579, 562.7237143252767, 913.7137532067854], "2": [-51281.209999877596, -12342.274999942225, -8492.054999854585, -7074.674999901382, -6700.834999882025, -7300.064999817912, -12620.984999895145, -6443.884999771448, -7579.2349997750225, -7593.789999892731, -6259.904999731511, -7466.439999971738, -7660.529999922558, -5711.524999873361, -14712.029999549664, -6969.909999593826, -4973.609999568175, -8913.419999961894, -7424.139999927926, -7591.509999936243, -4836.049999845924, -7770.3199997735155, -8794.62999994102, -6997.00999974492, -8182.8849997213665, -9463.564999504426, -5301.384999397718, -4775.924998174329, -8612.764999420064, -7481.519998676202, -7000.18499702876, -6540.009999091071, -10947.789998346894, -4698.6149968496, -6660.114997622982, -10358.83499112581, -7459.6999970662855, -7609.799991985288, -7970.409994139413, -6407.594958226115, -4609.974963118154, -5587.74998671174, -11224.779924824566, -8475.964921346016, -3958.399635067889, -7930.709374220688, -6470.148831149337, -6822.222733772712, -7220.452308860428, -5113.353483914157, -7738.54522168524, -5596.890320893787, -9382.882094550569, -7511.507052690469, -5029.744560265496, -6049.022191093378, -8470.617299793688, -7227.69359928434, -6077.709336455835, -4706.167986851234, -7766.422465239058, -5098.670374625433, -7056.134011592718, -4179.194644534193, -5011.044038786746, -3518.498454004927, -6592.262906433755, -5965.654397171844, -4596.04332642929, -5269.027749212371, -1117.951906211486, 220.37889727396856, 259.12054434062895, -1150.1662621319122, 1347.0419858051073, 337.3082406981756, 1123.2727792093158, 1309.2591778163794], "3": [-51900.62999999726, -15119.474211183453, -11247.596794225861, -8797.541113617723, -8393.772810509257, -9822.564501615758, -15285.504749214038, -8914.344837310045, -9416.649742226326, -9767.414800801293, -7912.519840735522, -9819.229859970239, -9744.92987219189, -7842.464874769493, -17443.084850119983, -9070.069901443158, -7096.9248589328035, -11058.484831783167, -9873.34983348695, -9432.739849450005, -7023.719807138744, -10064.659856493454, -11282.509842573145, -8815.094869811863, -10896.669887089718, -12496.544839262668, -7438.23983187229, -6599.494754755811, -11307.874626787027, -10493.78459512471, -9312.709514373251, -9004.464598035262, -13508.834514206645, -7217.064622690395, -8571.779568695434, -13136.524583663651, -9754.834642297938, -10182.374595842086, -10542.239568644472, -8685.669641256334, -6716.579601844564, -8204.844524211883, -14682.42464194357, -11187.879620010584, -5602.1595113372805, -10305.174463415473, -8848.999499634512, -9340.509471478184, -9747.829426855144, -7238.1143512365425, -10035.614203591063, -7852.72936040911, -12257.064202868052, -9330.849068684587, -7052.189143868394, -8209.203958263079, -11111.789021064911, -9618.189154103397, -8784.93385427268, -7124.723890512888, -10287.548779025072, -7449.0932833349925, -10025.592974943816, -6214.197378011347, -7449.095265197173, -5034.107787584367, -8868.290326533897, -8528.455527129157, -7267.764643377666, -7535.714795253742, -3162.693268184994, -1384.7376119616392, -1058.7168785429235, -2811.6868840885636, 436.529245824369, -734.5318947095891, 632.2863038481325, 784.9049268512201], "4": [-46283.953473617636, -11695.838319847117, -9705.975028927849, -6234.991705523911, -6633.542311805066, -7468.864973466906, -14108.407406121341, -5693.7713492682, -7478.507897698718, -8012.132744254339, -4246.331353442937, -8250.211227462745, -6931.912289289857, -5809.81654211227, -15453.054094608622, -6538.714150428659, -5189.466949796539, -8520.616735072426, -7652.592727339627, -6510.882809004792, -4560.282229860603, -8530.885117505193, -9551.388559127252, -6054.314915184438, -8823.612090038594, -10765.636958112975, -5292.909700571372, -4143.506787708606, -9598.329471971254, -8720.339699228587, -7028.994797498982, -6190.499857055711, -12272.590653982723, -5044.629436440875, -6965.23236653381, -10663.834251066379, -7285.964132445262, -8010.400571679779, -8968.716088386765, -6179.655861679843, -4118.87985496315, -6735.56896211382, -13036.43786062155, -9121.066633830982, -3164.6092522548324, -8391.877907873162, -7083.7793710381375, -7236.607402904001, -8036.3144630757215, -3584.490021120325, -9278.013999678902, -5764.317166446123, -10445.947422057876, -7657.531665595567, -4081.6730785779887, -6421.1602386880995, -9347.079935993665, -7738.647552905265, -7149.352723776038, -4692.242914225741, -7387.166712173268, -6907.664611706807, -8556.383371010399, -4232.960170618257, -5825.239885070104, -3604.2293807070855, -7617.310749161853, -6641.675587240372, -5391.586632460492, -5627.972743126111, -1094.617229691102, -451.3209010947588, -105.32826406113841, -1017.0722558405629, 1232.0149525575118, 326.272197681032, 935.0643419782443, 1233.9522314605103], "5": [-52393.65499999856, -15265.244999999955, -10868.240000000007, -7852.270000000024, -7697.730000000032, -9276.559999999994, -15995.03000000001, -7533.465000000026, -8527.545000000026, -9420.190000000002, -6592.875000000027, -9263.225000000028, -9037.97000000004, -7082.195000000029, -18206.429999999953, -8085.275000000018, -5684.565000000011, -10516.410000000005, -9305.215000000018, -8576.01500000001, -6058.2750000000015, -9624.060000000009, -11095.125000000018, -7789.840000000014, -10479.535, -12279.370000000004, -6709.675000000008, -5303.965000000013, -11167.72000000002, -10235.885000000007, -8844.585000000026, -8118.430000000034, -13714.305000000004, -5979.200000000003, -7712.895000000011, -13213.955000000016, -8872.08500000001, -9499.13500000005, -10037.460000000021, -7528.125000000015, -5551.965000000015, -7543.920000000007, -15033.769999999986, -11223.270000000013, -3962.515000000001, -9844.274999999996, -7979.844999999991, -8318.925000000025, -9284.290000000003, -5646.910000000013, -9712.560000000029, -7220.640000000014, -12244.100000000015, -8728.480000000014, -5748.560000000021, -7576.580000000019, -10687.645000000002, -8938.630000000012, -7884.445000000016, -5874.995000000011, -9111.305000000013, -6878.960000000008, -9585.200000000006, -4648.275, -5980.245000000005, -3388.8050000000003, -8187.79500000001, -7320.475000000015, -6122.780000000004, -6394.955000000002, 178.48999999999955, 2447.1150000000007, 3328.3200000000056, 1322.4699999999903, 5295.774999999998, 4140.349999999998, 5742.05, 6036.494999999997]}