{"1": [51.53984520790109, 20.395948198753466, 18.845965678920038, 19.087512836107635, 18.628460463712692, 18.63475976487971, 18.447711754855117, 18.443475178076188, 17.981160017442015, 19.609497565707716, 19.157420544004708, 18.84346555851953, 19.345426371245413, 19.077144723245873, 18.149335287112628, 18.195485919133354, 19.24262388608913, 18.327130715028034, 17.262401514324303, 18.398964176558366, 19.21105476882367, 17.97325488163915, 17.598893990152284, 17.819629972119582, 17.907211215225107, 17.020450465893372, 17.54449396037817, 17.81885035221203, 16.784645263821584, 17.67780208709737, 17.29029706667934, 17.190396171023895, 17.018238418755935, 17.967060575057985, 17.167502527305622, 16.894364420177588, 16.78225853085605, 17.39746205868287, 16.51392362416227, 16.50201019334054, 16.883346346575127, 16.591084071573277, 16.135651647977646, 16.511506746809754, 16.35747753211617, 16.138587936956903, 16.573127778399794, 16.256738603951817, 15.11195185004035, 15.90036584202171, 16.580045476841043, 16.189985097030878, 15.061653365861275, 15.676244219162617, 15.711893414139922, 15.126971551723546, 15.240783665687195, 15.200847798414179, 14.752991749311331, 14.794641291562584, 15.20493469840876, 15.504399273823946, 14.407478883056319, 14.916670825863548, 14.899971599539276, 14.863553477061213, 15.270597497111885, 15.106810467994364, 14.526274050296342, 14.303784964176884, 14.990970682080661, 16.07489739945304, 15.274908323078126, 15.433296064029856, 14.954599607638375, 14.546614227314421, 15.350037067830272, 15.119167424704937], "2": [189.8999987900257, 154.89999942183493, 146.44999854564668, 148.69999901354313, 149.44999881982804, 148.5999981790781, 153.59999895095825, 152.99999771416188, 148.94999774992465, 152.44999892711638, 149.54999731481075, 145.54999971687795, 149.29999922513963, 146.8999987334013, 151.7999954968691, 150.44999593794347, 148.79999568164348, 150.29999961853028, 146.3499992787838, 149.9499993622303, 147.09999845921993, 151.6499977350235, 150.39999940991402, 148.09999744892121, 153.34999721348285, 149.74999504387378, 147.74999397695063, 143.84998174309732, 145.39999420046806, 147.6499867618084, 149.99997028708458, 144.79999091029168, 150.89998346865178, 145.34996849596502, 147.19997622966767, 151.24991125762463, 146.49997066259385, 147.2999198526144, 146.99994139373302, 144.44958226084708, 145.9996311813593, 148.24986711740493, 149.89924824535848, 149.9992134600878, 145.04635067880153, 145.7437422066927, 146.9883114784956, 146.72733772695065, 148.62308850884438, 144.63483656346799, 147.15221092440188, 148.25320830577985, 147.02094207238406, 148.87048203721642, 144.79554449862334, 148.5719079297036, 145.92294195890426, 145.1357851896435, 144.6429929887876, 140.72885900624095, 144.8741059347987, 144.053704155609, 144.88985190540552, 141.79472816176713, 141.93597859293223, 143.9322803805582, 148.9737707445398, 144.96268466226758, 142.7806086139288, 144.1227239040658, 139.35594900362193, 135.20532112140208, 133.14274813812227, 132.05102330697702, 127.53341972790659, 129.42346083014272, 128.6062872399576, 126.81375592780532], "3": [190.79999998807907, 172.84211180210113, 168.51794218420983, 167.91113612055779, 170.12810502052307, 168.49501613676549, 172.04749210476876, 170.04837307929992, 166.94742224514485, 171.6480079859495, 169.04840732216834, 169.79859967827798, 170.0487218976021, 168.69874767065048, 168.69850117862225, 170.54901440441608, 169.39858931005, 171.49831781387329, 167.99833483994007, 169.2984944820404, 169.9980713635683, 170.44856491684914, 170.19842571020126, 167.69869808554648, 173.04887086749076, 171.14839262068273, 168.6983187019825, 166.29754754006862, 170.64626783430577, 170.84595119059085, 170.14514367580415, 168.24598030745983, 171.19514196813105, 169.54622685313225, 168.5956868171692, 170.1958365470171, 169.29642289876938, 168.195958340168, 169.14568629860878, 166.54641242325306, 167.34601833224298, 169.74524200558662, 172.04641935825347, 171.54619995057584, 165.74511319696904, 169.3946338802576, 168.59499587118626, 169.5947144985199, 169.54426787495612, 166.3435118407011, 169.14203493893146, 169.2936026841402, 169.44202670753003, 168.34068177044392, 165.44143294990062, 169.039571416378, 169.1401991456747, 170.29152904748918, 170.78850750923158, 166.2888392627239, 168.9877372711897, 169.582207852602, 170.92946521639823, 165.92268957197666, 169.90126725435258, 166.9707857787609, 170.79411910772325, 168.02269788086414, 165.8927871450782, 162.7228397164261, 127.54619274792203, 110.66812696208945, 102.95217676931352, 102.53976760209771, 92.13461319951311, 91.09389811855071, 86.5726604123367, 80.99061369099654], "4": [175.2401680355193, 144.87845712890848, 142.51534619554877, 134.54612427811372, 142.90745784360917, 139.76109044793992, 151.61761166583165, 137.2822842143476, 138.6326882045716, 149.35219421526418, 138.63553435988723, 146.32904179501347, 143.0778419658076, 142.2589379284531, 145.40290247425438, 143.81012348094956, 142.76977858021854, 146.35865376396106, 139.4541770820506, 142.28908577177208, 143.468280075863, 144.29245172981172, 146.95479221120476, 137.31383041767404, 151.73405001865467, 147.66859309307182, 141.85559886302798, 138.68778915305157, 150.34273993223906, 147.76601128927433, 145.22680651918054, 140.05080876480787, 151.94792587831617, 143.87387028895319, 139.70230413889513, 142.67934498456307, 140.25669350624085, 139.68124943203293, 145.25219056564384, 136.8172477386892, 139.2598192157224, 144.4161968016997, 149.14586017131805, 150.41668221931906, 135.0697388159344, 145.34308442827313, 142.209992740117, 145.6158892866224, 143.57400956479833, 132.47106996485962, 147.205066647465, 142.04795328420587, 147.00585547266527, 144.5218126513064, 132.79896641802043, 143.70405530286953, 145.4456866942346, 148.31987735368892, 148.12393946871163, 137.6155379515141, 139.71094154585154, 147.84093907249627, 151.2996129417792, 137.02127260825947, 147.89433576243465, 138.0971325106919, 148.77984594115986, 143.16398443188518, 142.60641547590495, 142.05721130315214, 143.86202767596114, 151.39395600063727, 147.50486323013902, 144.66631479524077, 144.8461301880423, 143.28877306319774, 142.97032087482512, 144.5817769765854], "5": [187.6, 169.6, 166.55, 164.0, 167.2, 166.8, 170.2, 166.4, 164.75, 168.55, 164.6, 166.9, 167.2, 165.45, 166.05, 166.35, 166.2, 168.5, 165.6, 165.25, 166.1, 168.2, 167.8, 164.1, 169.5, 168.7, 166.45, 163.65, 167.5, 166.75, 168.2, 164.75, 169.7, 165.3, 163.65, 166.2, 165.25, 164.4, 165.8, 163.8, 162.75, 166.4, 169.35, 168.9, 162.55, 165.4, 165.65, 166.6, 166.75, 162.75, 166.6, 165.8, 166.9, 164.7, 161.85, 165.9, 165.15, 165.9, 167.25, 162.55, 164.5, 167.2, 167.45, 162.0, 165.85, 162.25, 167.0, 165.45, 163.25, 165.1, 155.35, 154.95, 151.05, 150.15, 148.0, 146.0, 146.25, 144.95]}