{"1": [-78746.50092343663, -72886.61130327836, -76457.05576747812, -57249.40965556602, -48879.00882365741, -37514.46353697134, -24460.50641039037, -18353.476095222217, 633.078810631507, 4047.7302506957667, 6040.076071703178, 5673.0103968030835, 12252.913650240505, 13629.420630555833, 14552.92938769907, 12112.037744662206, 14413.154642385944, 17002.554465378285, 19004.83519271267, 15053.564469591569, 18711.102634753963, 16369.106466850959, 14460.572475726553, 15334.885750405967], "2": [-78635.26064102686, -72829.81202341913, -76473.81187558996, -57206.74816110057, -49198.72158462222, -38891.330055339364, -27035.045676772705, -22035.035037208778, -355.9599363809219, 4044.2627993387227, 6520.3021982143455, 6381.674330183782, 14701.513037439796, 15178.599018189028, 15161.12914339927, 12477.474089472898, 14802.179896479061, 18256.195842927256, 20316.914833236908, 16416.298882490795, 21206.96353261549, 20219.10254711849, 19002.702227471214, 18674.727386402672], "3": [-78787.99165798034, -72982.20837348439, -76532.92911467838, -56521.438194069735, -47606.02604568917, -36644.1098014646, -24427.467223388863, -18803.385267374942, 170.39343135268427, 3857.2229341160505, 5912.559756418271, 5690.842957844376, 12405.99755450571, 13026.02483924427, 10234.80054487664, 9455.641359874979, 10136.3181554351, 7800.8890471931545, 7709.819504974596, 5996.229996393912, 5448.480747750402, 4809.054617416626, 4160.077707034279, 4281.841366612772], "4": [-78791.90299996187, -72955.05558963318, -76502.61164596782, -57124.32993870855, -48962.64775683915, -38312.20378561147, -26692.28619994321, -21854.031119973697, -766.7497742018255, 3692.2538083046793, 6027.574173566594, 5811.559980910696, 13403.445207115583, 14624.980339356043, 13167.819735657493, 11897.677406608313, 13498.98730254866, 15556.060057655175, 16815.2119389119, 15211.025796321734, 18721.181415392937, 18214.569064602656, 17328.20154572311, 17404.408628081444], "5": [-78693.3, -72848.5, -76271.7, -54912.3, -47119.2, -35782.8, -25001.1, -20432.9, 372.2, 4629.7, 7385.1, 7389.4, 15477.400022339822, 16770.90011937022, 14101.101029741763, 13027.806801259518, 14125.423910653592, 21059.002518487054, 21464.951350508396, 19063.151608531974, 21742.821116359897, 21933.411510253813, 20684.638318477097, 20379.944558023086]}