{"1": [-58705.808038721676, -52677.67296771016, -45221.43974018282, -49401.10131376111, -52857.03325417433, -61721.151261563224, -55262.27078240514, -45207.6626379557, -26570.03513898128, -6878.138144166232, -1646.0156394141231, 2571.664016016503, 1659.2441499651904, -944.8953766625054, 2409.8046959057683, 2762.1741381217666, 3682.1212560746876, 3471.167193889327, 3308.6678008056215, 2180.126218442479, 795.7910964562383, 670.5080955306272, 718.0924922524282, 568.4182332959288, 809.4145654367109, 448.3560020089848, 2075.0902640969025, 2058.6616771400904, 1652.7124927421944, 1132.1244080553704, 1728.2810541978106, 2764.8679042770527, 2376.836628870701, 1876.1169401874881, 1566.5787185766762, 1228.578179367879, 1948.89531710835, 2430.4934536475457, 2252.135627429947, 2740.994273079434, 1949.953280119825, 2624.492323913396, 1849.8476397751278, 2777.042653614667, 2122.2122303237643, 2325.5174939640565, 2184.2704529072857, 2138.4524517681975, 2499.6637829523943, 2572.704378404119, 2507.7010965749914], "2": [-63026.52335150838, -60663.817492341994, -63598.876647615434, -57947.1328892719, -58437.821093176215, -60935.65734523647, -53504.36111936734, -43328.064531823526, -25253.640503017232, -9899.267067775503, -856.4496357590891, 6001.708415650157, 5192.205423588015, 3829.9794397159044, 2101.1521893962577, 2005.1360732217465, 2605.44200432316, 187.296443120623, -114.21971954194596, 1249.1467985457857, 325.4716152986424, 71.79082647818723, 131.30266488154302, 1380.3802740055369, 660.6397163068352, 579.2123417792812, 965.8722315482125, -172.19107846762927, 702.0827218156658, 247.23488138122775, 445.9218829400779, 1737.7844093387248, 1960.2717828744849, 985.5306121500558, 969.4942144341621, 1894.8408590708277, 1473.875372738327, 1768.4648737206123, 1872.2306536567223, 2425.3776747240454, 1103.8912218979967, 2002.1353128129995, 2087.5328769472953, 1934.3902324170485, 2038.3526928485342, 1654.0228905206284, 1853.6276847664005, 1851.0668785039568, 1474.509737562755, 2157.1495521999605, 1684.355459809513], "3": [-63895.9962843895, -63111.99986786246, -63111.999730545285, -58407.99858942032, -59191.488081085685, -62276.43393521607, -54678.16431145668, -46047.69639852047, -31005.9546559155, -11865.697693002225, -1681.1999920248986, 5820.200000971556, 4564.100009548664, 3669.2998128056524, 4580.799870103598, 5043.500004208088, 5483.099580192566, 4229.199742925167, 3141.3023259758947, 3552.298671454191, 2880.1001499712465, 2830.6916609466075, 2692.199978399277, 2836.4002208888533, 2536.8996925234796, 2146.6950906574725, 2698.5973551630973, 1850.1205485403539, 2382.852160036564, 1902.4140818059445, 2460.5932907819747, 3003.716463756561, 2937.043838016689, 2278.5454914093016, 2214.5145903497933, 2300.6664339482786, 2212.3458138167857, 2567.386330777407, 2884.075025728345, 2888.497843141481, 2164.655598281976, 2785.5936170578, 2508.872968405485, 2868.9063622653484, 2478.425856971741, 2569.837185919285, 2458.088566094637, 2573.552606856823, 2507.046779670566, 2734.604878616333, 2465.4929129943253], "4": [-65464.0, -62328.0, -62282.8, -59192.0, -58408.0, -64349.59998727441, -55862.19995548725, -42349.59962053299, -26424.498065537213, -9153.385212260484, -1811.8841572128936, 5727.540901467018, 4728.376653145626, 3467.117005653848, 4312.060868987837, 4726.034300891263, 4898.505848067842, 4307.111126486669, 3659.84432790899, 3366.5930246106873, 3262.9897958831484, 3233.744464990354, 3075.813288863559, 3419.2542688574295, 3357.2690437870565, 2755.9580147208994, 3234.8586813839383, 2607.788113643625, 2903.3039964834084, 2670.72878908267, 2955.523310828855, 3184.3771864386567, 2847.513528571132, 2382.577831470352, 2539.862790070908, 2568.2860589868797, 2658.5198582931216, 2461.7210283287595, 2684.792159841984, 2573.698539954785, 2119.4906770326515, 2697.8491455499984, 2342.9168453496736, 2764.771662775101, 2801.470303438703, 3004.597811028018, 2463.693772319972, 2949.1720710555032, 2422.0322675597768, 2802.381275452205, 2632.3599097144674], "5": [-61519.391310298444, -60830.844253981115, -64027.52322151661, -60837.85888356566, -61616.66362763047, -44492.47297004606, -33263.16452555141, -25208.624622662708, -16910.337742101394, -6983.340600583353, -1745.1329413932458, 4708.504377738706, 4034.7592655146755, 4262.00746811225, 4252.977835813159, 5928.359268158148, 6854.640467506065, 6057.866210886708, 3125.437146319245, 5434.364688372554, 4725.782107341254, 4971.325580918783, 4984.311627110545, 4742.230579536772, 3999.638394775227, 2815.193285539074, 4401.779887983046, 1083.3703018650529, 3004.2683030512358, 1256.609779714831, 4063.423253975605, 5855.5668334197135, 5871.9568860008, 4132.21010719504, 3967.993848234878, 3869.63699260501, 3470.5381232448794, 4981.827977602807, 6106.510792945977, 7005.487880633288, 4272.345434234472, 6773.92951093415, 5941.28665097476, 5812.465951024607, 4969.800745899614, 5638.849789861508, 5187.8215574008445, 5895.920932635903, 4804.375401624769, 7217.286823006437, 5196.630100219804]}