{"1": [171.9, 4.925140152113454, 3.3964790737460135, 3.3574385048967086], "2": [155.84999682605266, 75.55, 69.3, 66.45], "3": [139.09793768313247, 73.3453544292599, 68.77888090778143, 66.51339023907204], "4": [75.17748133518617, 3.512330203826423, 3.04031733355514, 2.9486019765128733], "5": [11.839240690585575, 2.987254528970516, 2.5590474663622444, 2.4701266953721643]}