{"1": [2283.3599999999087, 20755.718446518695, 22122.46694586726, 22614.96981003634], "2": [2637.565000317306, 8839.044999999762, 8358.819999999794, 8198.954999999803], "3": [2149.890205823989, 8376.665464551956, 8149.9221119049935, 8071.448660973045], "4": [3077.383975344919, 19814.55869644669, 20231.754411345904, 20503.06354969806], "5": [668.0143241301048, 18004.81354130743, 18777.380511676303, 19427.32378813219]}