{"1": [-41093.48232773772, -33059.36230766016, -6303.954241177327, -3983.839064952333, -2418.2842814388664, -911.2328438895586, -434.8318407748213, -286.3692725006233, -255.99508198792287, -237.97677054053125, -193.15113049229558, -182.87406345449068, -155.9121813396465, -159.03917727780544, -145.580336655103, -126.993448944963, -124.85717047935661, -126.95510763678081, -122.18309651624122, -99.93457114360712, -117.46139969154567, -113.51509425506342, -107.52987446551825, -130.8084273664094, -128.5235780663035], "2": [-45334.16713178133, -31926.02185075353, -7725.763847544385, -4122.131123173003, -1399.6215301149707, -1174.5344856702673, -591.6506056708448, -383.6002267139526, -355.6389726458764, -345.8028874894462, -297.63203789835393, -287.02507905907464, -242.87887586185107, -307.2852768783819, -250.78018187499805, -217.51663004394965, -210.35047232639945, -222.6825026627861, -255.3816334849261, -209.4631515543369, -236.07046500978194, -255.10906315723588, -210.3767242895517, -228.82674315436856, -252.6538086638966], "3": [-38433.73361352262, -35051.62569856769, -4050.0282496366954, -3276.861728662099, -2388.012333524692, -1151.339136421067, -550.1308563525462, -377.88208195177253, -343.2576323095032, -331.1206366112234, -277.1090315794975, -286.600704152907, -252.49606297469555, -321.49817293904385, -273.0179913022198, -243.51621162195374, -237.71407235242995, -248.62445994085118, -278.1278245754023, -245.20758031270475, -271.2755077746488, -276.7794972859824, -252.82795801037156, -281.08493240013064, -305.6763476190442], "4": [-41614.884780215696, -30365.075176091428, -3674.3310862120916, -1727.2804100803746, -1142.876744493279, -873.4197366616709, -512.8520432148309, -310.88761998711226, -334.809299899157, -317.7436860679202, -256.049081108441, -291.2662102338792, -249.05143942584988, -301.25514066322216, -284.8320746343102, -239.83652612346094, -235.1878734958014, -253.91298098928806, -288.87609893452725, -250.5464526451408, -296.0608910009081, -261.21590041919967, -249.30234034627262, -304.7506552288975, -312.51110395142075], "5": [-44558.511676738264, -34453.11661862564, -4694.9054920804, -4303.80199209588, -5249.223089076276, -4492.520531300626, -674.7198310286473, 2341.47489806595, 2582.0831818046568, 3481.938415491203, 4825.810951119718, 4402.727322873308, 5505.091140503316, 4025.1145139643645, 4849.386987375422, 5662.881357990624, 5395.155285574549, 4724.180524174918, 4080.080458440999, 4904.083920742273, 4237.012733346464, 4282.739228919137, 4593.849637788148, 4199.685966920653, 3483.2022279375064]}