{"1": [199.9999970674515, 199.99999458789824, 174.49997498989106, 181.79998409748077, 172.59998387098312, 129.19997835755348, 120.89998324513435, 110.09998607635498, 104.99998595118522, 97.59998481273651, 87.89999645352364, 83.39999958276749, 74.79999917149544, 66.89999924898147, 66.5999989926815, 62.09998932480812, 61.57247928977013, 54.0471072181128, 47.21226565730758, 42.63966254540719, 39.71978556383401, 35.339985551976135, 34.699518875370266, 32.85439921554062, 33.139801426889605], "2": [199.99999451637268, 199.99999778866768, 159.6999878525734, 166.89996368288993, 152.42077225316316, 115.86732796902069, 100.91670276893419, 90.68585651119065, 88.53049228217569, 81.29760505822196, 75.80985388279078, 71.87442268406448, 67.76276834114688, 59.96154429959133, 58.06468487395614, 51.34543472866062, 51.82759345337399, 43.1431645077857, 33.801199832177375, 26.799947596821585, 25.957895805564476, 23.3109456784121, 22.38750610803545, 22.058886878506748, 21.501025986712193], "3": [199.79216698408126, 199.05491486787795, 173.380093626678, 177.916841340065, 167.5433516025543, 94.77700900238706, 62.66520681410039, 50.99257207327173, 47.39130030640517, 43.55793738841312, 39.215637666889236, 37.049939317279495, 35.04095219349547, 33.09890861485619, 32.08850262380729, 29.236119376699207, 28.880139776461874, 28.820769763007412, 27.274345083217487, 24.048831812318532, 24.789412961289052, 22.188533314305822, 20.791446620746864, 20.929656243289354, 20.321340662948206], "4": [196.60622035712004, 158.28802617581096, 70.31771339492407, 64.35321548245847, 59.1546557414782, 41.07363374381384, 29.098995410231872, 21.175520817318464, 20.075703487795543, 17.617589033945116, 15.606533868820406, 14.534790569535108, 13.860847625927999, 12.315148984047118, 12.08431128813827, 10.891620080338907, 10.012200713157654, 10.30179505778069, 9.986055583160487, 8.990881726655061, 9.11364242710697, 7.512638948377571, 7.6764291750412665, 7.720166401195456, 7.93282490982674], "5": [178.20261334346142, 155.72011977355578, 134.11416177213542, 134.65245854498062, 123.27082376229228, 82.22402877614077, 102.48669499489479, 89.48864136257907, 79.5120001086907, 69.00672821149928, 54.716587819095004, 44.69802478039637, 31.15838573803194, 24.213821640773677, 20.599296908502584, 17.67606417404313, 16.062502852035685, 15.018240477563813, 13.484767897173878, 12.235678832550184, 12.30307568826247, 11.285253940903932, 10.60670607846696, 10.270728807221166, 10.205010329696233]}