{"1": [-77593.32930292125, -63094.07562221119, -62134.55632330334, -60109.841141630124, -60582.435904329795, -57943.50422357213, -60047.728478135876, -55901.363277424614, -52625.92256373823, -54540.96272100219, -52947.58013138125, -51820.413739496886, -49298.2968064888, -54026.29909378763, -49079.766138688086, -50401.643956604246, -49673.81090523486, -45081.07475423302, -50163.39170204357, -48864.92341286241, -50949.292092202835, -48783.733919234284, -49777.923421435175, -49023.26968161391, -49024.095529183905, -43190.344978368856, -40994.71822314795, -38562.76279229701, -35593.05810419407, -40400.81424233921, -38378.91065260419, -38443.00080009085, -38706.21473693908, -37262.321003166166, -33440.566107982995, -33884.12020954293, -34946.409828848016, -35116.632695848544, -37898.06613311068, -35878.96936672236, -33882.920277503144, -35699.1416551628, -33737.059517978036, -32579.639653205977, -26874.444478583544, -30002.945138947794, -28539.919211606233, -27201.03558610407, -25658.628122106766, -24769.513355641007, -30496.3626822756, -23508.38233180689, -26061.507075431302, -23410.863639207382, -19380.924046081615, -19042.489240287265, -21374.100194231978, -18063.160278034586, -19851.81570781243, -18624.255809656406, -16954.351455962606, -17472.391575341775, -15730.241487301959, -15175.18627182207, -12747.418420764277, -16604.677511395384, -13055.867484027778, -15916.913903813644, -11381.888157948577, -10473.660329281904, -11650.23344835958, -8222.5537240835, -9502.757893128648, -9185.22434736031, -9132.841877019611, -6739.435422946868, -6850.394558617232, -6967.004279856163, -5531.698556225056, -5853.592499094413, -3873.671021257186, -4880.183916607614, -7744.681979435755, -4846.988443304721, -4702.921363183552, -2922.306107333353, -1682.3879204051725, 809.4893405239652, 2155.9640797317284, 68.64326742285762, -1826.399247023671, -1061.4891340672011, -2657.0464416361406, 751.5087962280403, -2149.2956360600997, -4720.171378165473, -1790.2149171272893], "2": [-77561.44500000356, -60501.634999999646, -59736.819999999345, -56758.03999999828, -57465.11999999831, -54871.099999997416, -56917.77999999827, -52900.719999997, -49222.55499999684, -51183.82999999701, -49664.25999999699, -48326.58999999715, -45561.22999999703, -50559.93999999709, -45623.5899999972, -46962.62999999667, -46171.67999999692, -41630.25999999721, -46720.33999999716, -45116.11999999722, -47340.739999997066, -44811.804999997206, -46271.53499999716, -45578.1549999972, -45299.1649999974, -38984.50999999761, -37491.89999999767, -34825.5749999977, -32404.689999997696, -36335.5699999977, -34596.99499999764, -34742.42999999774, -35066.10999999792, -33864.03999999787, -29862.384999997877, -30654.034999997886, -31410.379999997946, -31735.00999999798, -34253.67499999766, -32313.769999997872, -30099.059999998008, -32123.979999998195, -29861.769999997698, -29041.979999997664, -24019.73999999835, -26417.864999998397, -25255.30499999861, -23924.769999998414, -23171.06999999861, -21465.0049999989, -26675.87499999829, -20737.21999999835, -22850.489999998626, -20320.54499999895, -16590.67499999955, -16658.549999999308, -18468.969999998724, -15335.979999999665, -17189.489999999645, -15851.799999998959, -14437.579999999609, -14094.684999998077, -13183.650000000305, -12614.429999999425, -10661.324999998933, -14049.824999998385, -10399.13999999854, -12989.219999998557, -9041.564999994234, -8184.50999999649, -9208.549999994342, -6054.264999991666, -6997.149999991736, -6939.364999985635, -6776.384999982295, -4607.334999971745, -4727.49999995179, -4919.249999957578, -3472.3699999313153, -4005.5499998971522, -1993.239999869655, -2774.3749998228004, -5393.699999685666, -2972.9799996246456, -2699.949999337373, -1289.1649990141311, -284.999998344205, 1917.2200030476743, 2911.1500059293035, 1360.4950125974574, -215.52996798810054, 375.41511696544796, -818.1541477852294, 1925.1399584523047, -559.8861774692643, -2939.4116967650075, -533.2491259171543], "3": [-77472.77226908985, -60259.30154115937, -59577.48058154962, -57427.171017081346, -57826.104517407344, -55174.71155543621, -57285.96594261371, -52878.81209555267, -49781.81783403353, -51783.07251506958, -50321.297793744394, -48939.21721067242, -46489.837610617804, -50880.3156728484, -46584.50809535338, -47484.56344283762, -46757.1406983121, -42110.42455776171, -47526.797895862626, -45789.92510026716, -48015.70943763893, -45716.374806265725, -46901.770010256296, -46018.58185173962, -45881.1336247465, -40254.6078755551, -38375.353617544766, -35381.91315256677, -33305.63764347172, -37465.75934924657, -35644.455904048475, -35808.82741697948, -36347.8442562778, -34855.05515873902, -31195.597004370862, -31524.67387143025, -32393.012675386963, -32649.07259049455, -35120.618885338525, -32978.283777874196, -31216.857102985465, -33033.256469367996, -30949.752656252043, -30219.334142768268, -24719.60523565789, -27538.96102783052, -26207.30051175125, -25076.151270360086, -23801.906342867296, -22362.38930023972, -27889.813272899453, -21484.627636334488, -23798.670953640136, -21197.816678010124, -17396.386083303274, -17412.52671750817, -19252.35982022316, -16237.616876261149, -17950.55566981798, -16488.00009413632, -15229.076778977851, -15062.232857853927, -14254.863219666013, -13481.991138806556, -11533.481988736401, -14528.821974588343, -11001.52796347949, -13853.207338217026, -9816.716903840057, -8804.365914992462, -10118.967312031624, -6945.487852082532, -8065.900042709451, -7609.96993021665, -7827.85467031312, -5446.868414077078, -5572.778185042995, -5841.067855184139, -4442.446770752552, -4816.884412383538, -2895.3245012078696, -3784.159503383928, -6199.775431283519, -3924.872307776174, -3651.8608367766383, -2198.0444563674027, -1152.4849113812033, 982.6584664417549, 2051.1506873684925, 507.6468228439476, -1250.6262533023046, -558.756769212313, -1882.2592893139365, 926.822665417275, -1397.7872660471949, -3148.895843747444, -855.4614135131167], "4": [-77200.13500000349, -56878.55499999842, -57565.32999999842, -54170.73999999745, -56271.91499999815, -52800.229999997166, -53889.97999999736, -50486.07499999706, -45919.15499999736, -48823.259999997106, -47504.4499999972, -46260.50999999734, -41887.25499999737, -48442.674999997245, -42898.619999997536, -44009.999999997264, -42435.56499999754, -39531.5949999974, -43327.98499999741, -42516.62999999748, -46964.40999999714, -43641.74499999732, -45767.499999997206, -44142.414999997345, -44974.779999997445, -38320.099999997685, -33971.55999999786, -32453.394999997894, -30693.299999997933, -35735.48499999779, -32769.759999998125, -31875.29999999801, -33213.569999998035, -32172.349999997918, -28495.85499999802, -28352.64999999809, -31010.704999998026, -29091.584999998257, -33645.26999999772, -29993.519999998476, -28812.61999999812, -29583.324999998506, -28973.394999998098, -28159.73999999808, -21298.059999998797, -25412.239999998703, -24362.64999999888, -22997.11499999886, -20738.34999999876, -20738.24999999898, -26043.4499999987, -20029.369999999057, -21980.85999999927, -19623.614999999023, -15129.089999999987, -15036.800000000268, -18047.114999999445, -14404.29000000029, -16463.934999999685, -15495.48499999987, -14003.54000000045, -14302.155000000115, -12418.110000000628, -12184.325000000586, -9876.570000000354, -13500.330000000278, -9910.440000000592, -13245.37000000045, -9134.950000000483, -7850.970000000617, -9260.375000000575, -6425.1500000003625, -7481.080000000455, -7417.425000000566, -7084.8150000004625, -5092.910000000421, -5060.050000000131, -5494.470000000237, -4128.579999999916, -4379.8050000000285, -2789.80999999985, -3229.6600000000058, -5783.125000000474, -3659.7399999998715, -3418.504999999843, -1982.36999999994, -1000.8500000000095, 1232.69000000008, 1684.4750000001332, 405.54999999996903, -1227.5349999998375, -584.8650000000135, -1663.859999999827, 1120.074999999994, -1460.2949999999878, -3095.9149999999045, -641.3499999999582],