{"1": [108.53240627665654, 84.05914192403289, 90.34321004666563, 79.49380917837406, 85.98193474243162, 80.90021748195431, 80.05094308270637, 83.87515050440125, 78.03064095518349, 84.85099537869682, 90.63743564039032, 81.93287440787972, 83.05984196315839, 82.3326996776057, 80.8954786338334, 81.5676532114172, 81.8378555631527, 84.91657637153693, 85.19846487703035, 75.97903038065706, 80.12527137576399, 81.17179617134971, 79.52705665424727, 82.72105448699877, 77.13330448225607, 79.57873587866925, 84.01889040229143, 84.49138569402422, 82.18620473045011, 76.91205156452051, 78.31100703073025, 81.16032283834065, 78.37647271320311, 83.87017319174484, 81.80390546426933, 79.93833933302085, 74.87250153425558, 79.8875921832805, 76.3727793029946, 73.31741252656502, 78.34867586899637, 70.1166405513446, 68.92792987500434, 78.51108913131029, 86.4091588516385, 75.62593167066515, 75.24424958148884, 77.77975659664371, 79.02320841920591, 75.05665248572768, 66.51617208124954, 70.17807483602374, 65.56965390525292, 75.06254332182871, 68.65487662421802, 73.38406641719193, 72.41140432188112, 66.00728234627604, 69.19697055370344, 67.04157273320598, 67.9922886262415, 66.82477546469163, 69.20526241639018, 63.83335658783326, 63.05905361653422, 59.71134707006568, 62.993799103329366, 55.17916606835352, 61.94695733664703, 61.1052960573099, 54.305756621171895, 58.721818195482776, 51.70977111473767, 53.082277412580154, 58.538072055659725, 59.860327977586714, 51.98101492050773, 57.78727516438958, 53.29878773416713, 50.83241000918351, 52.28238716430933, 51.37186107492598, 47.82253245023021, 49.15617834112345, 47.93204182068148, 51.44574549491081, 50.82191210649471, 52.408877286493954, 53.093672355657326, 53.51968049871793, 48.69686182941077, 50.042845339959605, 44.19453277572175, 50.520716721372445, 44.696100366882455, 43.54695050102164, 42.759782508238274], "2": [199.95, 193.35, 194.2, 189.9, 192.7, 190.0, 189.3, 190.7, 186.54999999701977, 188.3, 188.1, 186.9, 182.3, 187.9, 185.9, 186.29999999701977, 183.29999999701977, 184.6, 184.4, 184.7, 188.4, 184.55, 188.35, 187.05, 187.65, 182.6, 181.5, 181.25, 183.4, 180.7, 181.45, 179.3, 180.6, 182.9, 181.35, 181.35, 181.3, 180.1, 182.75, 179.19999999701977, 178.6, 178.8, 180.69999999701977, 179.29999999701977, 178.4, 180.15, 180.05, 179.69999999701977, 181.7, 179.55, 177.24999999701976, 181.19999999701977, 178.89999999701976, 179.45, 176.25, 178.49999999701976, 178.69999999403953, 176.79999999701977, 179.4, 176.4999999910593, 175.29999999403952, 174.84999997913837, 176.49999999701976, 175.79999998807907, 173.24999998509884, 175.7499999821186, 174.39999997913839, 172.19999997913837, 175.14999993741512, 173.59999995827675, 172.9999999374151, 171.14999991357325, 169.49999991357328, 170.1499998509884, 170.34999981820584, 171.34999971389772, 167.99999951720238, 171.49999957382678, 166.19999931156636, 168.49999897181988, 165.89999869465828, 164.74999822378157, 166.49999683797358, 166.29999620914458, 162.999993288517, 165.1499899327755, 164.4999832868576, 161.29996886849403, 161.999939635396, 162.04987232089042, 159.29967086315156, 163.34881052076815, 162.04104253947736, 161.0897929161787, 157.66823186664843, 147.1315322025548, 140.9311592006241], "3": [196.67282409081236, 189.50899491002784, 189.79213106519893, 187.64852030556648, 188.96775772641413, 186.55843364533501, 186.06512962917333, 186.49966484140606, 183.67368494186084, 184.59844987937248, 184.82995106528978, 183.6535368091194, 179.79933735858648, 184.07068326380104, 183.56134347600164, 183.0805333889788, 180.3700225246139, 181.16895600717982, 181.37793599707075, 181.6558942515403, 185.5109892582055, 182.18401592168956, 185.65390545995905, 183.76030911402776, 184.29940025862305, 182.06651366837323, 179.96262435237878, 178.5713087566779, 181.86502193338237, 181.04227772639132, 180.02027495363728, 177.74018350904808, 179.37436930974945, 181.03741960464976, 180.37358474284412, 179.21715733110904, 180.56810899246483, 177.70310917444294, 181.63119798122207, 177.78684844132513, 177.99283372769133, 177.42972602408844, 180.47958866170666, 178.30801758782474, 176.48467187751083, 179.05617672281807, 178.98803762332537, 178.91445819521323, 179.55220257919282, 178.86301285955125, 176.56525524954776, 180.6948576001916, 178.1793045350816, 177.62178681381047, 176.26418773762416, 177.17709079296327, 177.5703128764406, 177.1175148010021, 177.4668911131681, 174.99152738880366, 177.20230570491404, 174.28623310253025, 176.05912048558238, 175.38555515336338, 174.80629903594962, 174.14408718096092, 173.2204980677925, 173.4616972701624, 174.568422195781, 172.58152063828894, 172.54952129863668, 170.84787279879674, 170.90771670926478, 170.67604689393193, 171.01123681829776, 171.5807400673628, 168.64771822756157, 172.13648890098557, 167.918116296269, 168.7374864721438, 166.6476094847545, 166.5878445575945, 166.6667627422139, 168.1819233509712, 164.589101442229, 166.7917457614094, 165.80572247921955, 161.3349270010338, 162.89726269689854, 163.45242634285242, 161.20262818555346, 164.54750452754087, 165.03920500073582, 162.66907871654257, 162.71467170288088, 159.31578970439733, 161.0122030545841], "4": [199.35, 186.05, 188.3, 182.9, 189.15, 183.8, 181.8, 184.25, 177.05, 181.1, 182.0, 180.1, 171.55, 181.75, 177.7, 178.5, 172.65, 176.45, 173.35, 176.8, 186.1, 178.95, 186.5, 181.65, 185.8, 178.5, 171.1, 172.95, 176.0, 178.35, 173.6, 170.0, 172.7, 176.5, 173.55, 172.0, 178.05, 170.35, 178.7, 170.2, 173.2, 169.75, 176.45, 174.4, 165.1, 173.4, 175.5, 174.65, 171.0, 175.5, 173.0, 174.7, 172.6, 174.65, 168.9, 169.5, 174.15, 168.9, 172.35, 170.85, 170.9, 171.55, 167.1, 168.25, 162.7, 169.8, 168.4, 170.2, 170.0, 164.2, 166.25, 166.5, 164.8, 165.75, 166.15, 169.1, 163.5, 170.2, 164.3, 166.05, 159.6, 160.1, 164.75, 163.4, 155.05, 156.2, 156.0, 142.1, 146.75, 150.0, 147.35, 151.65, 156.6, 147.25, 155.45, 152.15, 154.5], "5": [188.92145781854052, 158.34497371994365, 155.05702868689258, 154.46040481208038, 156.23413560617774, 156.65233157937763, 151.08258900594666, 149.7189785412833, 149.1216636284342, 149.9521943540909, 146.4302958909131, 146.82489419935445, 142.30536183787044, 144.6237538587884, 148.3748871340067, 144.42236134221312, 146.89492785800684, 140.4860492017877, 142.95640279814106, 141.3200857046075, 140.6475700330222, 140.4281151696836, 141.9292049693351, 140.5164076865796, 142.51938397811463, 134.59113925688433, 136.70704616143195, 132.18356353033158, 143.47196334097535, 134.52141143914196, 135.77526477183127, 131.60888446557365, 140.9905656853851, 131.26986800407758, 131.78778870320238, 134.50724707017653, 135.75161112010537, 131.66614108579088, 133.48613519845821, 137.23356198811817, 131.35303617605095, 136.25626180560502, 134.76147002165962, 129.81258786482212, 126.90595714398368, 123.73774709055724, 131.03583813945588, 131.16747533134767, 132.97134757955064, 125.30435543062922, 121.23093383538216, 136.05127686571504, 124.4253667035664, 118.86854306975147, 124.16797964960715, 127.66980569215374, 114.52976666359173, 121.7195185251694, 120.0187386283942, 109.70033794335322, 113.84156736758159, 105.43661322269182, 115.99556145247334, 111.64177776622674, 114.80332140191021, 113.2408690812561, 104.28779960670218, 100.10441636492469, 111.57239181691111, 99.59048294600215, 102.53863467899646, 93.66063248980645, 95.02316962059558, 93.80127772755804, 91.16395145220449, 94.36802503858925, 89.05616140221537, 90.13514258872746, 85.89274646727281, 87.57348182259884, 86.04989392499847, 87.53658525341598, 78.09812042499689, 87.69379993346374, 82.72053701637341, 88.17949816236651, 85.96976823287405, 83.60678165464051, 85.91178742905905, 81.73438885588985, 84.81014617479813, 83.97721353716187, 79.95973161797447, 81.132607842992, 76.89722698709957, 70.4370265774327, 75.18946695848572]}