{"1": [-73481.17999998709, -8520.939998507823, -3783.1249982401714, -4489.919997141953, -6928.344995529052, -5462.344993897974, -3974.6549912559954, -5073.374988012311, -5115.564983850122, -5186.849974445404, -3597.5849643453903, -4661.43491587281, -4654.769844888749, -3284.6246958962197, -5834.419499901245, -4589.2642940881915, -7083.119105325046, -9319.254041531101, -5657.608735697282, -4742.3836266723365, -2792.8384422469107, -5157.678153257665, -3772.9927753511133, -8101.002222654533, -3747.9319308158715, -4803.711052893109, -1770.2452423596383, -5541.919183970393, -3791.7931731516087, -8183.051514831199, -2953.8539463517063, -4258.519736813618, -7878.552736763637, -5998.165299992558, -5727.216606472736, -8742.275422182367, -4902.204277183393, -5860.050263583356, -5671.083718964617, 1918.066407712804, 3017.2024145727723, 3223.0532607504456, 3486.959759058174], "2": [-73846.89500000197, -16391.315449554317, -9670.888354866069, -10657.187362345148, -14316.742205230621, -11621.07394600991, -9994.415826607194, -11696.091810602338, -11933.102193686165, -11370.926449025403, -9354.722820090425, -10523.142880151623, -11092.227550489155, -8682.281254707752, -12976.908368485556, -10654.903401691707, -14582.798552633432, -18397.391452207077, -12630.490746691212, -10695.762689439463, -7636.662449616403, -10557.666309333657, -9340.306635281437, -15504.098831065736, -8450.654784815913, -10988.463576921584, -6336.09909702858, -12468.201168661983, -9642.284483918174, -16049.317817172443, -7910.353065664078, -10810.687811888474, -15542.280298711063, -12949.061062057199, -12041.603585915384, -16240.760959905838, -11290.711640242502, -12828.446736316127, -11618.40649096416, 826.1878386456085, 2916.488979088162, 3080.247430610533, 3562.628826037985], "3": [-73697.4060583747, -16626.82779368561, -9787.902573068237, -10810.004591065077, -14100.576686967446, -11626.410390932673, -9909.860240257138, -11756.921000087445, -12166.214217067192, -11327.137842828024, -9221.635421264888, -10856.791347328646, -11048.668008790057, -8772.753888943102, -13014.912338960983, -10762.772733931315, -14357.374420362763, -18255.417079988543, -12385.497342844403, -10705.12286741023, -7826.20498618007, -10777.81892787693, -9298.41684586189, -15735.416431331756, -8804.110948987654, -10859.132331214889, -6370.813419942195, -12204.621191638249, -9639.866642770878, -16002.94942758776, -7976.523755572035, -10787.26271219651, -15578.485121700782, -12856.318071103666, -12072.737137255346, -16256.366356061884, -11259.74378597283, -12879.378256151515, -11335.714764674332, 533.0997659116634, 2757.6046639141887, 2798.860915834483, 3301.8535800654886], "4": [-73599.30000000195, -8694.285000000005, -4359.600000000004, -4969.774999999999, -7235.06, -5551.485000000004, -4434.285000000003, -5454.745000000011, -5555.95, -5301.430000000001, -3804.3950000000123, -4870.255000000003, -4958.225000000003, -3536.690000000005, -6229.4750000000095, -4874.2650000000085, -7484.230000000008, -9544.780000000006, -6232.335000000001, -5014.189999999999, -2994.379999999994, -5121.35000000001, -3980.960000000021, -8163.825000000007, -3757.3200000000033, -5128.700000000003, -2037.5749999999928, -5832.375000000004, -4160.8600000000015, -8187.279999999993, -3105.934999999996, -4597.830000000012, -8376.095000000005, -6317.565000000011, -5693.150000000003, -8675.530000000013, -5366.565, -6175.015000000001, -5358.820000000011, 1973.0100000000016, 2767.310000000006, 2980.375000000006, 3097.860000000002], "5": [-73163.03500000198, -10447.870000000015, -5315.420000000004, -6077.520000000032, -8946.440000000013, -7055.325000000003, -5555.2600000000075, -6919.545000000011, -6917.585000000011, -6334.224999999993, -4937.120000000001, -5916.820000000016, -6264.355000000007, -4667.3049999999985, -7833.38, -6031.405000000019, -8956.940000000004, -11748.930000000026, -7733.620000000005, -6222.075000000004, -4005.1600000000044, -6303.700000000006, -4983.25, -9742.625000000016, -4764.340000000002, -6218.464999999993, -3015.0999999999963, -7353.119999999998, -5084.915000000011, -10148.640000000025, -4010.5950000000093, -6019.440000000008, -10086.945000000032, -7944.275, -7192.440000000011, -10613.570000000018, -6979.260000000005, -7781.985000000015, -6534.07500000001, 2426.365000000007, 3683.3599999999933, 3981.4399999999964, 4193.344999999995]}