{"1": [199.9999998509884, 139.8999850779772, 136.24998240172863, 137.44997141957282, 138.29995529055594, 137.14993897974492, 136.39991255998612, 137.59988012313843, 137.74983850121498, 136.94974445402622, 138.69964345395564, 137.6991587281227, 141.44844888746738, 137.54695896208287, 138.44499901235105, 137.69294088184833, 138.84105325043203, 138.24041530489922, 135.937356954813, 137.53626670837403, 137.13442242443563, 138.33153248429298, 135.87775342166424, 137.37222630679608, 138.71930792033672, 138.26052847504616, 136.60242301821708, 137.79183916151524, 138.1817304879427, 139.76514599621296, 137.68946120738983, 137.29736271500587, 135.1273588716984, 136.05297836959363, 137.7160226047039, 137.25400679707528, 136.29237339496612, 132.99893161654472, 120.34352761059999, 55.76802413881232, 38.12445176923065, 36.63949185140082, 35.535328317982206], "2": [200.0, 8.69548053614999, 7.240796439428232, 7.197629582895024, 7.2754728012427226, 7.007143513290794, 6.8895316316033135, 6.84761704862467, 6.989350241213105, 6.625833126809448, 7.016187631840876, 6.589966024328897, 6.9144372587368705, 6.463858953956515, 6.634682856083964, 6.230713656706212, 6.582272569907945, 6.331447754595137, 6.187041225132998, 6.268392883232446, 6.112921805531369, 6.2079179316293445, 6.1089883282838855, 6.219221525310422, 5.989567665201321, 6.019259013733245, 5.844490468956065, 5.898323871365574, 5.687677798158257, 5.69828460766148, 5.664896133328147, 5.686043686540506, 5.765676569021889, 5.625189184925693, 5.502240261192492, 5.631605761873653, 5.485018271139415, 5.528018389341014, 5.347533112255041, 4.484949636099918, 4.366702623042511, 4.298525862113456, 4.077316166702076], "3": [73.00435555787408, 7.672948833584087, 6.80918393052707, 6.62730516281008, 6.737186237971764, 6.583553429039602, 6.42580856110435, 6.728491155935626, 6.696762254444184, 6.6455881644666075, 6.593459662981331, 6.443851912337413, 6.424194775348587, 6.5322889033923275, 6.498336381150875, 6.643430853530299, 6.688046363573813, 6.843895467443508, 6.658983860380249, 6.278874213829113, 6.207994248447358, 6.452633425396925, 6.372313476918498, 6.047056738992978, 6.097556094286847, 6.324244806404749, 6.328146339407249, 6.205946917868277, 6.09437853970303, 6.359785827643646, 5.973150268335303, 5.997792456540628, 6.4566355634698995, 6.142572366353124, 6.127988315666153, 6.354041908975342, 5.6809495496272575, 5.946423645195319, 6.01381131256494, 5.473815877655579, 5.457314378075535, 5.331954228531686, 5.131720956045319], "4": [199.6, 138.75, 138.3, 139.15, 138.95, 138.55, 137.7, 137.95, 137.8, 138.25, 137.95, 138.25, 139.35, 138.4, 138.75, 137.8, 138.7, 138.3, 138.6, 139.4, 138.75, 138.25, 138.2, 138.0, 138.6, 138.9, 137.95, 138.65, 137.6, 138.1, 136.95, 138.4, 138.15, 137.75, 138.0, 138.5, 138.45, 137.95, 132.7, 111.75, 105.4, 105.0, 105.05], "5": [197.25, 134.85, 133.8, 134.0, 134.85, 133.4, 133.2, 133.6, 134.35, 132.8, 133.8, 133.95, 134.1, 134.9, 134.2, 133.65, 134.55, 134.15, 134.5, 134.95, 133.0, 134.2, 133.7, 133.95, 134.1, 134.55, 132.9, 133.65, 133.4, 133.9, 132.85, 134.45, 132.85, 132.45, 133.5, 134.5, 134.0, 133.2, 128.35, 107.2, 103.25, 102.25, 101.4]}