{"1": [-78406.0, -79981.99999998808, -79982.0, -32170.999999833108, -31113.499999517204, -31985.9999997139, -13407.399999243022, 3261.400002878904, 3168.700003260374, 4704.400003796816, 1701.3000517070293, 7061.904938469827, 10308.704503739184, 12507.23791674666, 15086.76562723351, 19943.38059513946, 19989.60962200733, 21222.98187335663, 20367.42135516852, 21174.313025576124, 20847.1522827244, 21993.641332564486], "2": [-78405.95770699978, -79981.9886395812, -79981.98305007219, -32399.93334781917, -32362.005738630112, -32793.91008134412, -14215.006756265468, 3602.497920490149, 3726.7278144830575, 6230.1639166673385, 2513.430640526852, 10553.037868420075, 13090.278443182766, 13299.183017908003, 14293.229616698201, 17536.792860951664, 17360.91927880962, 18226.986601779987, 18295.651924035697, 18072.160468041086, 17843.368078172236, 19040.046004108808], "3": [-78497.99999858737, -80065.99999940395, -80065.99999940992, -31683.399997508524, -31169.4999945879, -31623.299953728914, -13878.803135315295, 3237.9329949855396, 3363.1453804889984, 5823.2348337418025, 2175.648854694591, 10072.142578343439, 12500.43264702881, 13158.876318028255, 15071.097926095987, 19526.30679001826, 19246.97168569133, 20413.198962943898, 19500.382929995823, 20917.995498969965, 19859.955964058936, 20971.39664694111], "4": [-78497.99998124242, -80065.99999614358, -80065.99999872447, -26967.499994909762, -25699.799996048212, -25559.89999663234, -8028.199996578694, 2861.7000059843062, 2705.1000055253508, 4477.800001353025, 1483.5, 6250.500000005961, 6695.200000011921, 5400.2, 5488.0, 6504.2, 5854.6, 5581.1, 5024.0, 4977.6, 4665.8, 4796.3], "5": [-78584.99999998808, -80144.79999997615, -80144.99999956488, -31943.699805498123, -31642.699844390154, -32515.099799132346, -13650.899477785826, 3254.1018848776816, 3191.308084499836, 5320.224013292789, 1657.023968565464, 9198.813142900937, 11832.329841538973, 11052.70236262778, 12501.436780397233, 17037.265426331287, 16915.643399952176, 17793.767012271805, 17932.058650869563, 20114.586174713455, 18885.194757254783, 20238.66313189945]}