{"1": [200.0, 200.0, 200.0, 200.0, 200.0, 200.0, 200.0, 200.0, 200.0, 200.0, 200.0, 200.0, 200.0, 200.0, 200.0, 200.0, 200.0, 200.0, 200.0, 200.0, 200.0, 200.0, 200.0, 200.0, 200.0, 200.0, 200.0, 200.0, 200.0, 200.0, 200.0, 200.0, 200.0, 200.0, 200.0, 200.0, 200.0, 200.0, 200.0, 200.0, 200.0, 200.0, 200.0, 200.0, 200.0, 200.0, 200.0, 200.0, 200.0, 200.0, 200.0, 200.0, 200.0, 200.0, 200.0, 200.0, 200.0, 200.0, 200.0, 200.0, 200.0, 200.0, 200.0, 200.0, 200.0, 200.0, 200.0, 200.0, 200.0, 200.0, 200.0, 200.0, 200.0, 200.0, 200.0, 200.0, 200.0, 200.0, 200.0, 200.0, 200.0, 200.0, 200.0, 200.0, 200.0, 200.0, 200.0, 200.0, 200.0, 200.0, 200.0, 200.0, 200.0, 200.0, 200.0, 200.0, 200.0, 200.0, 200.0, 200.0, 200.0, 200.0, 200.0, 200.0, 200.0, 200.0, 200.0, 200.0, 200.0, 200.0, 200.0, 200.0, 200.0, 200.0, 200.0, 200.0, 200.0, 200.0, 200.0, 200.0, 200.0, 200.0, 200.0, 200.0, 195.74999999701976, 182.49999997317792, 182.5999999552965, 180.89999992847441, 178.39999991953374, 178.44999984800816, 175.89999984502793, 176.84999984502792, 177.8999997854233, 177.74999978244304, 176.74999979138374, 175.69999960958958, 175.89999965131284, 176.04999927580357, 175.3999990850687, 174.34999905228614, 175.09999860227109, 174.44999825656413, 173.34999789893627, 173.74999670386313, 172.54999561309813, 172.24999246299268, 171.4499915599823, 171.39998129606246, 169.79997383654117, 169.44996274113655, 169.5499347269535, 168.54987752437592, 168.19976719915866, 168.54952186644078, 168.89902561306954, 167.29793520271778, 166.14325616955756, 167.21120577156543, 166.39676235616207, 156.45813416168093, 114.35047419796464, 87.33672502618283, 83.79056469672942, 83.29613677626185], "2": [200.0, 200.0, 200.0, 200.0, 200.0, 200.0, 200.0, 200.0, 200.0, 200.0, 200.0, 200.0, 200.0, 200.0, 200.0, 200.0, 200.0, 200.0, 200.0, 200.0, 200.0, 200.0, 200.0, 200.0, 200.0, 200.0, 200.0, 200.0, 200.0, 200.0, 200.0, 200.0, 200.0, 200.0, 200.0, 200.0, 200.0, 200.0, 200.0, 200.0, 200.0, 200.0, 200.0, 200.0, 200.0, 200.0, 200.0, 200.0, 200.0, 200.0, 200.0, 200.0, 200.0, 200.0, 200.0, 200.0, 200.0, 200.0, 200.0, 200.0, 200.0, 200.0, 200.0, 200.0, 200.0, 200.0, 200.0, 200.0, 200.0, 200.0, 200.0, 200.0, 200.0, 200.0, 200.0, 200.0, 200.0, 200.0, 200.0, 200.0, 200.0, 200.0, 200.0, 200.0, 200.0, 200.0, 200.0, 200.0, 200.0, 200.0, 200.0, 200.0, 200.0, 200.0, 200.0, 200.0, 200.0, 200.0, 200.0, 200.0, 200.0, 200.0, 200.0, 200.0, 200.0, 200.0, 200.0, 200.0, 200.0, 200.0, 200.0, 200.0, 200.0, 200.0, 200.0, 200.0, 200.0, 200.0, 200.0, 200.0, 200.0, 200.0, 200.0, 200.0, 186.2, 167.1, 167.8, 163.1, 165.45, 169.05, 162.15, 168.65, 171.3, 170.6, 170.9, 170.8, 171.2, 171.55, 169.65, 169.2, 168.45, 171.25, 168.1, 168.5, 167.9, 166.9, 166.2, 165.6, 165.5, 166.25, 166.0, 163.95, 162.85, 163.15, 163.7, 161.95, 162.05, 161.6, 159.95, 154.15, 137.2, 122.35, 117.2, 121.2], "3": [200.0, 200.0, 200.0, 200.0, 200.0, 200.0, 200.0, 200.0, 200.0, 200.0, 200.0, 200.0, 200.0, 200.0, 200.0, 200.0, 200.0, 200.0, 200.0, 200.0, 200.0, 200.0, 200.0, 200.0, 200.0, 200.0, 200.0, 200.0, 200.0, 200.0, 200.0, 200.0, 200.0, 200.0, 200.0, 200.0, 200.0, 200.0, 200.0, 200.0, 200.0, 200.0, 200.0, 200.0, 200.0, 200.0, 200.0, 200.0, 200.0, 200.0, 200.0, 200.0, 200.0, 200.0, 200.0, 200.0, 200.0, 200.0, 200.0, 200.0, 200.0, 200.0, 200.0, 200.0, 200.0, 200.0, 200.0, 200.0, 200.0, 200.0, 200.0, 200.0, 200.0, 200.0, 200.0, 200.0, 200.0, 200.0, 200.0, 200.0, 200.0, 200.0, 200.0, 200.0, 200.0, 200.0, 200.0, 200.0, 200.0, 200.0, 200.0, 200.0, 200.0, 200.0, 200.0, 200.0, 200.0, 200.0, 200.0, 200.0, 200.0, 200.0, 200.0, 200.0, 200.0, 200.0, 200.0, 200.0, 200.0, 200.0, 200.0, 200.0, 200.0, 200.0, 200.0, 200.0, 200.0, 200.0, 200.0, 200.0, 200.0, 199.9, 199.95, 200.0, 186.34999991357327, 172.29999980330467, 171.79999966919422, 169.64999964237214, 168.09999938905239, 168.24999903738498, 165.29999874830247, 167.19999799430371, 168.59999727010728, 167.2499946773052, 165.7499893695116, 165.7499843478203, 165.74996475577353, 166.14992992579937, 164.7998295933008, 163.24973102808, 164.34939830303193, 162.94903260171412, 162.04852380752564, 162.9477975487709, 160.1966239064932, 161.99573603272438, 161.44394200146198, 160.74205426871777, 160.68846933841706, 158.7842821955681, 160.07599713802338, 157.37047017514706, 159.1082102715969, 157.58981414735317, 156.65792502462864, 157.39852495491505, 158.1223007977009, 156.22144582271576, 153.97632816955448, 138.19142227310803, 116.4735655534314, 102.97745091533871, 99.99544780473806, 100.98287963852053], "4": [200.0, 200.0, 200.0, 200.0, 200.0, 200.0, 200.0, 200.0, 200.0, 200.0, 200.0, 200.0, 200.0, 200.0, 200.0, 200.0, 200.0, 200.0, 200.0, 200.0, 200.0, 200.0, 200.0, 200.0, 200.0, 200.0, 200.0, 200.0, 200.0, 200.0, 200.0, 200.0, 200.0, 200.0, 200.0, 200.0, 200.0, 200.0, 200.0, 200.0, 200.0, 200.0, 200.0, 200.0, 199.99999998807908, 200.0, 200.0, 199.99999999701976, 200.0, 200.0, 200.0, 199.99999999701976, 199.99999999701976, 200.0, 200.0, 199.99999999701976, 199.99999999701976, 199.99999999701976, 199.99999998807908, 199.99999999403954, 199.99999999403954, 199.9999999910593, 199.99999999701976, 200.0, 200.0, 199.9999999910593, 199.99999999701976, 199.99999998509884, 199.9999999910593, 199.99999997913838, 199.99999998509884, 200.0, 199.99999999403954, 199.99999997913838, 199.9999999821186, 199.99999994933606, 199.99999996721743, 199.99999997019768, 199.9999999076128, 199.99999993145465, 199.9999999344349, 199.99999996721743, 199.99999992847444, 199.99999989569187, 199.99999989271163, 199.99999985396863, 199.99999983012677, 199.99999993145465, 199.9999998599291, 199.9999997138977, 199.99999982118607, 199.99999974668026, 199.99999979138374, 199.9999996125698, 199.99999984502793, 199.99999967217445, 199.99999954402446, 199.99999968707561, 199.99999961853027, 199.99999926686286, 199.9999992877245, 199.99999924004078, 199.99999834299086, 199.99999917149543, 199.9999988913536, 199.99999852478504, 199.99999849498272, 199.99999769926072, 199.99999661147595, 199.99999506771564, 199.9999934822321, 199.9999953329563, 199.9999773681164, 199.99988701641558, 199.99993079602717, 199.99978958368303, 199.9997258991003, 199.99968747496604, 199.9994390875101, 199.9987776786089, 199.74828753769398, 199.889438906312, 199.75106458067893, 194.05135292857886, 118.37297526097973, 67.07994673775102, 61.23934994998708, 62.257624946506986, 49.973649633140305, 43.78149861016718, 48.04757163381437, 41.36032661047648, 39.75011716636364, 40.79985319676052, 35.6561580500289, 36.023327211443394, 32.72997303996235, 32.01779605748161, 30.023623506333387, 29.034096712204338, 31.58085846564354, 30.090093302687457, 28.42069160532119, 27.20196097049193, 26.87191271904594, 26.34054800996528, 25.83613477088511, 25.233577692556718, 23.55454774485988, 24.384380809546563, 23.627712643670385, 21.702697728859494, 21.868567358762085, 20.674825038928248, 20.80771821414819, 20.299481174156245, 19.506326249151606, 18.832969320833218, 18.95205106659705, 18.547692492404895, 18.409963313868502, 19.245504274914857, 18.018123206878954, 18.538855676889945],