{"1": [157.2825873422902, 160.38030377896501, 161.3446487549576, 140.7606704533013, 125.37454514177516, 94.75807280696463, 77.74830142686551, 63.72773003521142, 52.78760403360066, 45.009040733258004, 37.94820832980331, 32.96460442453681, 28.53031459171325, 26.114964066416725, 24.03182878032967, 21.192252200923395, 19.83439170863712, 17.475679200643206, 17.781401350477246, 16.258857034004176, 14.475391117081745, 16.016007925997837, 14.163085250899893, 13.258689733958454, 12.193176273239079], "2": [187.10577800380997, 129.16899490690267, 102.44889524355531, 79.24970064992085, 61.99347571727994, 50.33505918886804, 41.72785264517297, 31.600512770726347, 26.315648642243467, 21.568327556556323, 19.36630478859006, 18.45239840586146, 16.611529213399628, 15.012630865201936, 14.74692591081257, 13.318557074657292, 12.886318659668905, 12.087618691890384, 12.9581032394286, 11.45083387880004, 11.873755066323792, 10.805121491439058, 10.606358318508137, 11.361167854029919, 11.121724707700196], "3": [194.08167356351623, 163.09329723714617, 138.6372113060148, 123.43515759875882, 103.43762542458134, 108.19363974503067, 118.2166368918959, 101.7406771090551, 109.21668715390842, 95.98059589295008, 105.61778185104485, 92.07008716199489, 80.95555802698945, 74.51276269006193, 66.73627045934555, 46.81790060740896, 36.588136622749154, 27.9968395987642, 22.64110822872317, 19.166801410433255, 18.825765107010376, 18.6665681509563, 17.21312785470218, 16.7575475993508, 16.56473840820836], "4": [199.93428092598916, 199.9779263973236, 198.44213510677218, 195.99941989928485, 175.24062789807795, 149.00384789430535, 142.57290357416497, 116.53491449018475, 117.8407755402499, 118.70971048073844, 103.02129265148251, 93.63718974953517, 82.15170616627438, 70.3909919616708, 55.179353082872694, 47.815357704286, 48.16660303156241, 45.25539592268469, 41.839890514538276, 39.99978482487495, 35.81142674106231, 33.374370650266066, 30.295209209559836, 26.58930659048201, 25.410903820750537], "5": [199.20909412503244, 181.87119552963412, 182.31964361814317, 168.05240160126704, 117.40342495099176, 55.47693268361327, 45.25401407519239, 41.87492896821641, 33.30292646155867, 30.00116455385578, 29.815901148002013, 37.89585044484411, 27.61804086441698, 27.520805229138933, 27.059935716164183, 32.08713167583337, 27.939959756832103, 26.151797287378578, 25.161989051604177, 26.206915513411513, 28.142974770616274, 19.623732122260844, 20.234981460007837, 20.76112254744512, 20.672123956758877], "6": [200.0, 199.8, 200.0, 193.4, 174.9, 151.5, 144.6, 124.6, 123.7, 122.9, 117.2, 112.9, 100.5, 91.7, 82.3, 71.6, 69.29999904036522, 64.29999976754189, 62.59999942779541, 60.9999993622303, 59.39999917149544, 56.29999949336052, 53.39999937415123, 51.59999873638153, 50.99999834895134]}