{"1": [-96684.295221262, -97475.38207066925, -95112.34719049967, -91772.47045350073, -63844.92401361737, -43341.25988404858, -39555.16426042745, -34418.22856316062, -33296.880194724756, -37824.33311020119, -37379.14914898509, -37695.99012120745, -33335.88721915949, -36526.930462345124, -34649.01992593915, -33599.63862922419, -26795.261782445723, -36062.8415756178, -36512.90354479399, -39923.123563191984, -29980.994002582993, -38851.13877866823, -35337.91020066803, -39480.85693665118, -36518.86469081098], "2": [-96714.11282727825, -97444.31020294166, -95053.63367849364, -91711.25999293411, -63947.14842744317, -44838.49379710015, -40702.798122012275, -36112.11883213192, -34182.78548179181, -38663.41241773756, -37929.903585509994, -38002.69411697089, -33962.772927197395, -36609.32805648883, -34697.78510251238, -33939.05472548473, -26913.655946892104, -36090.96833324856, -36612.71228690211, -40238.67677035234, -30187.414740886954, -39940.48096820754, -36103.757476585, -39507.53130800239, -36675.02338177116], "3": [-96818.64855280578, -97571.55076125114, -95195.3382143382, -91852.59966574593, -64085.73433324548, -43984.96619572213, -38418.0235847252, -33915.74527513653, -29700.290214954945, -35063.650241840165, -29021.306575796356, -31541.225079799035, -26556.63647795286, -27200.343249287183, -23573.048406987986, -28026.995719821705, -24121.302695394956, -33786.64233042506, -35940.24687980662, -39919.77909418017, -29607.139548778323, -39134.88770980232, -34984.558015942486, -38620.2447325437, -36491.31843292253], "4": [-96823.96625062823, -97607.99299790859, -95254.61339128242, -91092.3777931109, -56977.489119280675, -34687.76716680848, -31404.70338869905, -26060.668747445547, -26418.71491280474, -27292.557795401382, -31145.19196485955, -32319.67872542506, -26910.164423300033, -31487.35307239588, -30768.177478892678, -30161.53560351693, -22744.74762616362, -29785.655817988387, -28637.05832643843, -31635.36131412282, -23850.654309268288, -31628.47753497548, -29685.209885043594, -34539.33063906041, -31837.03340452107], "5": [-96914.26253156066, -97678.87841334532, -95339.39687932485, -91215.93183490311, -63405.15816556767, -45011.72514448951, -40769.447838845495, -36194.055433300884, -34258.96202860844, -38822.438390413656, -38140.33061778145, -36766.06873857181, -34173.01075375254, -36739.21336745824, -34428.987948188, -29016.557444736907, -23444.196745336092, -33009.42821611034, -33220.29065448041, -34567.094993754836, -23739.165934022785, -37014.45490742168, -31366.80633321118, -33447.8284263551, -30679.494519257605], "6": [-96915.0, -97694.8, -95355.0, -89901.0, -58931.3, -37586.8, -33689.3, -24810.9, -24781.9, -27703.3, -26592.1, -25137.8, -19903.2, -19522.1, -16894.1, -14113.5, -10135.999999046326, -13599.999999773503, -13475.599999439717, -14660.29999936223, -10579.099999177455, -13044.59999949336, -11920.999999415875, -12012.099998766183, -11214.199998348951]}