{"1": [1404.4138965281788, 3917.6500218951687, 5844.360648472601, 3767.9194293531755, 4782.565733711128], "2": [1619.7050000218642, 6267.334813072902, 11510.818659389439, 5647.021945193012, 9166.362841047514], "3": [435.6362937711925, 6464.658179426009, 11157.673290387236, 5953.255825429048, 8888.014870269444], "4": [-281.9888549282518, 6087.716381150426, 12386.950590238448, 5961.2953129795405, 9455.711763739972], "5": [-956.2889541073125, 4751.639981521925, 10441.383755623097, 3980.409006479883, 7615.597700349041]}