{"1": [133.36102974414825, 61.99977181851864, 60.393509888648985, 59.30569943189621, 58.84265564084053], "2": [124.44999978244304, 27.69106904930668, 24.398115252480785, 23.40131723400118, 22.48717002616031], "3": [30.262602817671723, 18.814206477791593, 20.324801820682477, 19.398349476057046, 20.28983466647769], "4": [42.861391996699965, 6.079924249646138, 5.103344044272672, 5.1528612307578445, 5.012543597098556], "5": [54.9552463375032, 4.128471610577253, 3.490568228920165, 4.02938847043406, 3.5448555644252338]}