{"1": [-12524224621.736406, -9983557951.326805, -7655841768.023211, -2618182783.570415, -3315910574.4588246, -2615647217.3375473, -1347839593.9474294, -3820787684.036641, -4179066470.707485, -2804437124.9186125, -2485953411.1255803, -999253505.3339303, -4204515787.234053, -2867942489.3768907, -485859746.43861043, -562043999.637358, -904097401.637738, -39859108.28271248, -435171.89190615865, -423938.2877138288, -814666589.4734558, -161571.0713455043, -37775.92520921344, -27657642.19286921, -13141.77961429696, -26718.80951785511, -13198.524499894, -37414747.820916146, -1534.4866736710514, -422.10967018071295, -490.3634843526567, -1580.7164437771457, -381.73958097614855, -6968.02555862129], "2": [-12524224621.736406, -9983557951.326805, -7655841768.023211, -2614983831.1277227, -3261730779.167238, -2336872159.0620756, -797001255.251972, -2112702645.0155587, -2224478730.155425, -1627198747.6834722, -1448028126.0233543, -482509494.40983963, -2077818746.3807197, -1253973843.274076, -191986115.836112, -164929745.6745302, -436689478.4670412, -15173481.745279372, -174907.66568619074, -103695.6561520739, -304426857.8574759, -48016.942634273226, -5710.832280738707, -13262393.513460856, -4073.173269386885, -6640.697278313482, -3117.9966504151166, -15713158.517478535, -659.0421755922871, -163.14341480486084, -155.00353356437216, -590.683894575894, -124.00494378726997, -2710.4125034038357], "3": [-12524224618.219723, -9983557948.617014, -7527072230.85183, -2529753151.0383935, -3252466181.9290457, -2322896681.5591445, -625750537.7860215, -2085494843.7761848, -2095312884.4225068, -1479953140.657899, -1326897653.878201, -513882802.6333063, -2007974001.5707002, -1335950107.3454032, -204134993.18690845, -180078833.0910568, -373183401.9960383, -13683057.257316789, -194688.13507298447, -126248.75794256083, -376081985.19830436, -59447.679817808814, -8426.363191927903, -14664832.62775899, -4568.801379270776, -8717.981314622133, -3818.012973920163, -15362875.281240653, -167.73283864916232, -57.666937739234676, -51.90315589484894, -263.1270179604297, -37.80489305432454, -586.5063744576316], "4": [-12524224618.219723, -9983557948.617014, -7650885557.252599, -2603710863.5010567, -3326133881.51166, -2660200254.863451, -1382897865.6285393, -3849146648.169913, -4307313060.426616, -2837838854.2488256, -2496122683.689703, -999260081.1455348, -4231770925.549421, -2884045052.230532, -503985135.6624352, -579422022.7602227, -922628754.2461561, -41337878.944183566, -436608.9859993405, -519923.3910010635, -922652849.5738018, -178629.66229857763, -45333.57038809928, -36873238.73425546, -13958.113593705619, -32312.083995956247, -15231.344189199788, -41694845.71073942, -1902.7003783580403, -525.9132524376331, -580.932586423166, -1873.5861081535973, -440.3917140265618, -8448.462323608386]}