{"1": [-75253.99994075895, -87073.99998070598, -82345.99993988275, -80767.98144956231, -81627.28294968272, -66194.14608187097, -40821.64535487161, -21421.347089551866, -16224.437465603318, -9097.759990023642, -7141.417962131012, -614.7349735455588, 5812.426673464346, 8516.33559814483, 10852.05490831052, 13329.825115189942, 16033.247103927806, 17074.183526800036, 18347.279827048213, 18388.83237654347, 20328.460392499466, 21085.945836513118, 20600.779200616482, 20872.57761443794, 20269.816395581744], "2": [-75254.0, -87074.0, -82346.0, -80770.0, -81670.9, -65712.6, -38609.0, -18402.8, -13964.4, -7049.6, -4231.5, 594.1, 6011.6, 7699.3, 9325.2, 11017.4, 11905.3, 11736.3, 11298.9, 11255.5, 11830.5, 12212.6, 11384.7, 10863.1, 10272.3], "3": [-75350.5154046984, -87116.50937421616, -82411.23349743635, -80841.64505105242, -81734.9265842706, -65512.14725507768, -39791.23476861906, -20979.059915291797, -15723.277063699508, -8883.004971658887, -6967.846845811093, -912.6400903570815, 5185.0984311669135, 7645.68288305315, 9803.390152067543, 12151.479275607126, 14720.895333282988, 15704.9238749296, 16877.59620188039, 16885.03796453491, 18625.515493609295, 19097.747483187683, 18464.306767574897, 18352.263660791483, 17853.16836824405], "4": [-75361.99998866915, -87121.99999901652, -82417.99999805688, -80849.99999871253, -81684.69999175072, -62760.99998540282, -32371.799995094538, -16951.499997407198, -12321.099997371435, -6481.299994552135, -5368.099997740984, -68.09999994039535, 5003.000000059605, 7341.2000000596045, 8900.200000309944, 10556.000000339747, 11703.800000596046, 11337.800001734495, 11521.600002169609, 11283.500003868341, 12087.300006866455, 12038.400012505055, 11161.200013673306, 10749.800021231174, 10066.600023138522], "5": [-75464.88964403272, -87164.94777958989, -82484.73192631491, -80923.14629045632, -81803.84500519931, -66092.87720778771, -40518.60072568282, -21049.06085694432, -16139.382450788467, -8740.082261104882, -7251.444157717936, -19.7132319528464, 5975.864914207346, 8837.448020364809, 11095.729204462794, 13639.850007074978, 16002.390188605723, 16876.23329888751, 18506.322508604753, 18564.26021864075, 20845.844511617157, 21805.76434835175, 21602.804489633963, 21989.46795472232, 21499.674381279132]}