{"1": [167.79999987185002, 86.39999005794525, 87.14999144375324, 81.19999312758446, 80.79999438226223], "2": [157.45, 4.653679011011263, 3.8748480112553807, 4.056183578261698, 3.859919996969984], "3": [141.2999997317791, 80.05, 79.4, 75.85, 75.65], "4": [21.798221514896433, 5.033089639378886, 4.52901360533433, 4.266989642941917, 4.2851732852665005], "5": [26.457073091444908, 2.8061275242536796, 2.0528039420707502, 2.0837591192452236, 1.9431830784393243]}