{"1": [-9224.229999987636, 9180.31000099402, 11305.78500085539, 9341.580000687038, 10840.370000561552], "2": [-8315.795000000418, 19463.19305793215, 22473.817377470674, 20314.04954676968, 24601.917750222266], "3": [-7161.929999973501, 8595.494999999777, 10294.559999999723, 8881.764999999748, 10173.634999999742], "4": [-9746.712224434814, 17267.557536114244, 20747.104289965668, 18274.832452068673, 22191.08105019506], "5": [-11136.756828876129, 16221.695999980879, 19379.631912652156, 16997.156245341048, 21120.244675893475]}