{"1": [-9196754127.970478, -8749373320.557428, -9644134918.226734, -10986277271.838665, -12328419625.450565, -6876329533.739896, -5360826851.489176, -3018894122.044414, -3530586778.3886137, -3977509915.152613, -2101795125.1695354, -1657750139.389561, -1175346598.5715337, -1030381837.8035142, -32649433.45023187, -124408395.7952151, -51042456.85746623, -124249287.2679648, -7383387.858151888, -2293270.2883512457, -1268.4489333984593, -6067116.272145225, -173827153.05354872, -34625174.988012806], "2": [-9196754127.970482, -8749373346.292622, -9644134901.069931, -10986277271.83865, -12328419642.607365, -6876329805.610678, -5411617329.071766, -3129470913.3074846, -3850952258.675476, -4790328214.914077, -3437237025.635453, -3298841782.957623, -2435697221.8012667, -2401271710.617036, -135979397.60766792, -510024646.16545075, -237652767.74613518, -454147025.2569903, -44255183.03996219, -16047900.928665107, -11731.720582353797, -76172710.43788716, -1431173701.1084318, -522814979.2445615], "3": [-9196754111.639729, -8749373330.096731, -9644134901.630558, -10986277288.498653, -12328419641.57544, -6876325797.107634, -5294280624.582261, -2969817970.675456, -3609603944.9042807, -4252652031.8058686, -3067090492.3667307, -2775489820.8403387, -2159915350.953935, -1956475930.2042835, -59274163.54061874, -369036502.33111274, -113876461.45488672, -424946789.5397459, -35103665.620030165, -9890970.798219934, -8560.335248504905, -46381693.820914164, -1315682561.092114, -458311336.8031765], "4": [-9196754136.983221, -8749373321.648901, -9644134926.974049, -10986277271.603008, -12328419641.575436, -6876329814.888843, -5411615764.661139, -3129470905.6942854, -3824469143.1682405, -4720861253.804964, -3365947632.4908686, -3277961441.6147, -2415403397.831882, -2384985363.6377745, -142585121.88216823, -521414859.45297277, -228841513.96709403, -431201301.49478054, -41242513.35865883, -14960360.93324995, -12683.556043555323, -83346046.49325195, -1315184595.7503233, -553505966.7274953], "5": [-9196754104.127476, -8749373347.657606, -9644134902.137499, -10986277271.243427, -12328419648.657406, -6876329366.402159, -5342761836.785917, -3117226028.189282, -3814281311.9956503, -4635454615.759445, -3309118289.275753, -3218351942.7186246, -2332870900.9741297, -2388178765.7584047, -132249730.92614076, -526104611.15487754, -259290249.3986103, -452469319.63110065, -45391571.32673754, -16540259.337961763, -13993.646486225014, -89914475.0774867, -1420650411.6227412, -565932327.5165043]}