{"1": [-80888.79400516748, -80967.4820662558, -72117.57915502787, -45201.180012220146, -34197.69010604024, -12244.394633698463, 392.20363879799845, 12708.603138029575, 12899.702390021086, 13018.602302777766, 12322.804715150594, 14904.295113701795, 13035.571689208049, 13974.254610475537, 14091.637980832991, 13696.273773930827], "2": [-80889.98994002343, -80967.59900256395, -72117.59995918274, -44305.199834758045, -32832.899957334994, -11311.199991101026, 619.4000054717064, 12177.500002121926, 12780.00000154376, 12679.700001525878, 11927.70001590848, 10351.800012916327, 9613.800008815528, 10087.100003606081, 9699.200002038478, 8144.200005602836], "3": [-80957.99977669716, -81043.55016448497, -72172.5197766969, -45327.16715364216, -34633.65841370616, -12955.988868381955, 188.99863932408917, 17008.38980606728, 18515.22339673804, 17853.003476073067, 16529.912126937714, 22854.89538991606, 20935.62199827833, 21192.49224818302, 22737.85240345538, 21915.796704850174], "4": [-80918.5484311749, -81019.00136105946, -72066.86231603734, -42273.3841420874, -30293.17767050322, -11864.81161683374, -385.5191707750317, 12636.987082542619, 15900.004862713618, 14215.241440763197, 13475.168102236534, 21890.71791939917, 21049.09079449137, 21452.1835411685, 21821.422121864693, 20731.764114062702], "5": [-80690.5394028008, -81042.42829001546, -72147.2777673934, -44636.17255251222, -33627.37622161368, -12184.62914262549, 1607.4629293126957, 16685.858895077814, 17297.070932871535, 16632.147999022818, 15414.322376933182, 20650.91824210938, 18953.750493652384, 19844.8676378839, 22398.371798763008, 23161.69642157168]}