{"1": [-70218.0, -76722.9, -72357.6, -73652.0, -77442.4, -78273.2, -77314.8, -72816.8, -73758.0, -76643.5, -43670.3, -1298.8, 12255.100000065566, 13117.200000244378, 12013.300000059604, 8117.0, 7027.2, 6025.1, 5677.8, 4919.7], "2": [-70208.8891561319, -76703.60234634418, -72346.33598382008, -73647.96202720143, -77440.7916549623, -78272.85991734565, -77314.70667716861, -72816.729437083, -73757.95977950096, -76640.94702089504, -44751.28636388052, -1317.536959439091, 16102.600298760037, 21948.01414621029, 20998.4387214534, 21028.78639279886, 21720.02379880992, 20938.714622000112, 21852.53860841621, 21215.27648646247], "3": [-70075.69987040758, -76798.86558205486, -72440.83338387738, -73745.09027530253, -77521.84468468427, -78356.93274239302, -77398.67161805034, -72904.7128101349, -73849.9187582612, -76255.22417069078, -45425.607787693225, -1322.757015392417, 11514.566923739481, 12488.92470553834, 13411.468766685493, 15209.813339175773, 14145.294318498738, 14119.080524388588, 14061.204490466183, 13693.890592293028], "4": [-68525.9, -76457.2, -72306.8, -73748.0, -77464.8, -78357.2, -77369.2, -72847.2, -73850.0, -74584.69999959468, -37817.5999710381, -135.99975211024284, 11149.705364775658, 14431.558682089904, 14769.228042403387, 15631.857562612242, 16829.615749594293, 16647.90553739873, 17461.71684324944, 16959.854287949885], "5": [-69557.08220849038, -76603.16508852839, -72343.78030563593, -73670.1923925519, -77359.8935961485, -78324.79670417905, -77341.1950380683, -72623.79115700722, -73655.95097527505, -76505.0836746404, -44466.600905904335, 566.9879523529264, 17229.122599648574, 23488.133463826154, 22690.497232964684, 22759.40794012737, 23597.13394121962, 22794.48117781803, 23781.741732401548, 23021.27521791787]}