{"1": [-61172.67499965633, -15991.055045220859, -22867.785244443185, -22446.799496182713, -20326.239867746415, -22702.69596200199, -18600.710403842324, -21057.78757131891, -21944.399954644377, -21692.15901214192, -20335.499670419485, -22721.79156334206, -18102.61663022974, -21589.047889294954, -19163.096297264292, -24577.953042962217, -20996.12791174069, -19198.313875424206, -22755.151284616033, -24265.802664796975, -21511.627157024213, -23971.697761636948, -20996.525304764225, -23390.06703028927, -19526.213355355947, -18004.982904936136, -22855.598276362194, -20808.96007795573, -22688.513372907466, -15806.891602256923, -21431.560732717586, -20996.83440722132, -14139.27944477078, -16823.781949140553, -22283.565381359236, -16233.8619136989, -11025.480894237402, -13527.720079109466, -12197.609764927915, -13111.702410081358, -8950.182114124966, -6070.565869186907, -3391.640673984868, -1771.8215084541048, -1530.1575388914164, -18.029367216589407, 706.1696609207786, -911.2564458956364, -670.4812267948206, 1989.578788865459, 2644.7013032627965], "2": [-61800.0990392571, -16962.4560724736, -22328.014320840382, -22190.8661052, -19741.478762494407, -21822.678570309894, -17585.050043915573, -20220.75574961428, -21304.975516688384, -20991.65871611349, -19654.4569456417, -22450.946695349714, -17675.079888737015, -21256.38831938209, -18362.948487276113, -24116.308430330268, -20621.84329965743, -18380.152000456786, -21706.54411210592, -24509.518825773826, -20842.047722327112, -23086.249398863478, -21195.233730494117, -23293.650516381418, -19307.640355098058, -16815.24095834123, -22987.0221314784, -21089.85576735032, -22662.551029604285, -14300.566737613128, -20761.30656321586, -20677.770558990447, -13141.755984778874, -15944.317831875756, -20254.71063510846, -16580.689092417124, -11303.593558554508, -12635.608339762559, -10965.674914431766, -11965.698633975706, -9407.881836828637, -6732.136409432387, -4197.337543526472, -2398.572831307614, -1993.341914281806, -373.7381421100371, 400.54839727247963, -1330.4754488626886, -1176.3436540403343, 1491.9002841182253, 2308.1410498146565], "3": [-58209.02499999943, -9666.289999966617, -14589.594999948458, -14109.944999937125, -12822.224999939226, -13848.134999932048, -11969.844999925193, -12718.514999910296, -13938.254999908211, -13630.94499990553, -12445.349999909691, -14517.51999989154, -11014.1399998665, -13952.444999873658, -11889.039999865292, -15252.629999872152, -13305.439999868573, -11962.529999879027, -14451.929999820612, -15504.799999822659, -13667.914999841745, -15042.11999982205, -12946.24999975057, -14717.999999617652, -12073.914999625693, -10951.419999544321, -14390.444999251995, -12709.134999141988, -14393.304998816253, -9133.534998767387, -13101.544998233323, -12617.299997874505, -7812.284997308556, -9278.90499622584, -13209.51999550789, -9211.499994665382, -5644.944993431864, -6819.899990217981, -5751.044990520774, -6298.164984867877, -3729.9849794226866, -1788.2149708229322, -189.62996371835416, 542.4150527304403, 539.0350645607709, 1520.20508081913, 1755.1251058012253, 920.8951227250709, 1219.3401690256608, 2459.410238679943, 2698.320301793219], "4": [-54087.82999999862, -9061.069999999705, -13694.260000000018, -13433.535000000024, -12240.245000000026, -13229.995000000035, -11070.275000000005, -12377.380000000001, -12886.455000000016, -13145.87, -12077.555000000002, -13491.97500000002, -10383.315000000002, -12942.26500000001, -11291.020000000006, -14543.575000000012, -12657.960000000008, -11183.675000000023, -13729.875000000018, -14855.570000000016, -12739.174999999997, -14194.470000000012, -12414.470000000012, -13899.640000000005, -11178.50500000001, -9916.7, -13289.945000000018, -12119.510000000004, -13338.499999999403, -8437.369999999413, -12189.034999998217, -11806.219999999106, -7136.569999999701, -8748.424999999104, -12496.429999998514, -8665.83499999881, -4933.054999998503, -6107.169999997614, -5317.424999997613, -5932.099999996727, -3328.794999992851, -1358.0499999928477, 47.370000006258515, 651.8500000068543, 557.8350000068539, 1583.6900000059634, 1954.625000003874, 1153.235000005365, 1174.4700000032813, 2333.895000005364, 2693.495000000597], "5": [-61043.29847300875, -10337.985559813216, -14020.712660308342, -13643.826905503089, -11949.438058341922, -14328.135663962821, -10456.833762499327, -12263.654883887542, -12976.78723236734, -13186.535428771185, -11978.854789702604, -13915.442602134523, -10152.146900310185, -13150.53720547985, -10988.192343801133, -15269.891600599503, -12582.468870482187, -10937.341926076459, -14136.988781581895, -15337.664412091972, -13320.378943005777, -14684.495621740663, -12554.217575658824, -14950.270717470728, -11653.221905994804, -9882.570179439437, -14127.445473630894, -12391.381636357519, -13814.883828474694, -7833.403199960912, -12790.026110636307, -12356.738793294198, -6427.047176359793, -8519.871387466726, -12405.384346762217, -8015.4924387207475, -3670.7327657834585, -5109.7345401492585, -3921.234009149487, -4703.76426820468, -1625.0432965875964, 1260.9577178177628, 3643.0110121199264, 4608.1103250921915, 5078.3099416792265, 6573.585504402401, 7047.272418572635, 5637.103530171258, 5464.295087185828, 8051.741543512719, 8648.736964574835]}