{"1": [198.54999656677245, 17.40478105544753, 7.355331307015149, 7.51748554375663, 7.603403881780105, 7.804925493575865, 7.2192390170748695, 7.246018613867636, 7.0855455127486495, 7.428841412662587, 7.367142859690648, 7.177444623495103, 7.444589235878084, 7.393565829881117, 7.03748923757812, 6.858376654723543, 6.805308262331527, 6.654233961859427, 6.7287338690235625, 6.596142912127834, 6.743556969510974, 6.448582193721085, 6.192831937341543, 6.437796820529911, 6.521060424763709, 6.440990339539712, 6.654176589743292, 6.2629247227014275, 5.884842506487621, 6.471031097328523, 6.334871370617475, 6.044249605626101, 6.1839731563668465, 5.965943720885844, 5.980282045213971, 5.985601646165014, 5.719765395941795, 6.212425718278974, 5.971281957997417, 5.83108473507018, 5.623150896697188, 5.662393976438034, 5.258640446302889, 5.728627552716352, 5.240972637642699, 4.868053836163017, 5.0096134642677494, 4.799068059792626, 5.000771288790565, 4.667440391119453, 4.815949755885231], "2": [78.50486280313343, 6.020554551680107, 5.589845796661393, 5.618979682691861, 5.585151244765439, 5.293253469167394, 5.405584434409684, 5.318860832015344, 5.396826354190125, 5.260570665076375, 5.314217598323012, 5.266330766078317, 5.095508524806064, 5.264883722590457, 5.175444588318351, 5.3580293934966905, 5.16895245530759, 5.122649276042648, 5.089987458416727, 5.089766033807246, 4.912679062290408, 4.829023669628077, 5.080655769867008, 4.65745300866547, 5.009747015418543, 4.709788782830583, 4.778254033096891, 4.85466951556009, 4.748599532792286, 4.563671436451841, 4.755220239878691, 4.431265696823539, 4.508579474300495, 4.713284657792246, 4.320541441919341, 4.332745424061431, 4.311546787970292, 4.322052955775871, 4.086919094128826, 4.236214750506042, 4.3488560891331876, 4.2275463035563, 4.364823878952302, 4.353540788074315, 4.132716616403195, 4.2461331483558755, 4.381221398164053, 4.053911110215995, 4.375503653573105, 3.7725744740339, 4.1676963367543065], "3": [193.25, 154.899999666214, 155.29999948441983, 154.899999371171, 155.54999939203262, 153.44999932050706, 155.6999992519617, 155.0499991029501, 155.34999908208846, 154.29999905526637, 154.39999909698963, 155.39999891519545, 154.79999866485596, 154.64999873638152, 154.99999865293503, 154.79999872148036, 154.89999868571758, 153.8999987900257, 153.6999982059002, 155.24999822676182, 153.6999984174967, 154.69999822080135, 154.89999750554563, 152.99999617636203, 153.34999625682832, 153.5999954432249, 152.6499925196171, 152.8499914199114, 153.99998816251755, 152.29998767375946, 151.24998233318328, 149.24997874498368, 148.84997308552266, 148.44996225833893, 147.29995507895947, 145.29994665384294, 143.6999343186617, 141.89990217983723, 138.34990520775318, 135.74984867870808, 131.89979422688484, 125.69970822930335, 121.84963718354702, 119.69947269558907, 118.19935439229012, 115.64919180870056, 115.54894198775291, 114.09877274930477, 114.34830974340439, 112.9476132005453, 111.64698198735714], "4": [185.95, 149.94999999701977, 150.45, 150.5, 150.8, 148.95, 151.3, 150.8, 150.9, 150.35, 150.05, 150.95, 149.8, 149.6, 150.8, 150.1, 150.4, 148.8, 149.8, 149.8, 148.25, 148.6, 149.5, 147.9, 147.05, 146.45, 146.55, 146.75, 147.14999999403955, 145.14999999403955, 144.34999998211862, 143.8499999910593, 142.69999999701977, 142.5499999910593, 141.59999998509883, 139.24999998807908, 137.74999998509884, 135.84999997615813, 132.19999997615815, 131.09999996721746, 127.34999992847443, 118.54999992847442, 114.44999993741513, 113.14999993145466, 112.24999993145465, 108.34999994039535, 108.49999996125698, 108.09999994635582, 108.39999996721744, 107.64999994635582, 105.94999999403953], "5": [112.33253534310788, 132.73537383798248, 140.1319781867147, 139.3449098187877, 139.7811642758199, 135.6350571182964, 140.84987553901155, 139.49260024335817, 140.42593899689382, 138.003357707955, 137.31197926187306, 138.98056991504853, 138.0048529728534, 139.05901176818298, 139.26223995265318, 138.16380605913, 137.45723216453916, 137.09660483413026, 134.8835529279633, 138.27408748870948, 134.6199835050793, 137.1359108154138, 136.41823181950022, 132.8111335406342, 133.528434633906, 133.57154878516013, 131.5236370595725, 131.50240321825987, 132.6504408475477, 128.5645002390069, 125.70698271560249, 124.44975616794545, 121.9912004194106, 119.53158898322144, 118.23282944501261, 112.63520569094544, 108.78345845898147, 104.29893798211124, 97.75012862013827, 92.64192835155264, 82.31115342429548, 69.10433951598243, 61.69183687998448, 54.8663168337298, 51.510121661459564, 46.36081207932584, 45.56680349817907, 43.80079282693041, 43.245428503661245, 40.909340654884, 38.11691196108586]}