{"1": [-6813002022.292866, -7605226105.174576, -3874060438.153628, -6697110116.398334, -3410275315.9688954, -4295296448.3315935, -4210364631.5036073, -2049796212.3977146, -2997830083.4660225, -2438080701.9044065, -2862308389.063988, -1977299394.9520252, -1022185598.9115431, -95815963.6585672, -147747354.39830613, -130066649.87525411, -128976857.99205904, -78629082.77459976, -37287381.16347362, -39273563.13408182, -13924825.819871584, -2309369.4025540515, -29633471.72863701, -76903854.97606674], "2": [-6813002013.714464, -7605171835.822621, -3762971467.7489777, -6695431176.667846, -3290845517.6205325, -4002135605.0268393, -3953101029.294702, -1893312731.294595, -2590070866.3513646, -2218434282.243665, -2221583136.5012307, -824624905.8114246, -236599347.07776818, -5319827.158729514, -6209225.364068916, -4238912.148749759, -3683676.1004573903, -2952963.435919711, -1143996.64586008, -662620.4593015297, -1038446.5893755099, -55477.92813794552, -837815.048237451, -3955839.782896803], "3": [-6813002013.744238, -7605172828.987772, -3867695945.017413, -6617473580.924263, -3208574904.4988737, -4013062757.3739805, -3914645561.6929703, -1876782068.665395, -2718608670.8892574, -2248735317.8969145, -2446537574.4463854, -1388044316.0132146, -520593220.71440494, -33586752.93654724, -53163051.28779269, -91444180.01914644, -98080212.67739318, -55518832.25927763, -24527659.644310385, -15447045.635195527, -12791296.500673223, -1286004.4285394107, -10893274.026627887, -33265571.862730335], "4": [-6584332627.569559, -7480966881.560994, -3793047020.033886, -6697110141.105887, -3388806566.899495, -4248410797.3729186, -4159213194.7786546, -2040348559.3693473, -3015659896.1530886, -2420139199.178384, -2857800109.6733727, -1968050882.3520398, -1002977196.2300482, -80304821.56675325, -136189045.88370746, -108575285.01231782, -91264794.0109093, -62246632.55202834, -32782281.873814534, -34862756.74189407, -13841821.097194364, -2069779.5094377585, -26455052.372559305, -68921944.79550275], "5": [-6593544135.441879, -7476582456.400159, -3586410144.336497, -6292796124.595121, -3216752730.213904, -4062892424.7260833, -3996277413.123033, -1901893858.2171435, -2791448417.9273653, -2309128995.6303053, -2591087960.5773497, -1847270361.5433884, -963795601.3808972, -86062381.50851476, -131358498.84077728, -149635588.2738623, -146784004.69090673, -84437452.6561326, -39255707.720852956, -43933423.35993989, -13593403.49738929, -2558502.379359928, -32789638.3796916, -88447910.93894456]}