{"1": [-15012704392.723225, -11433658079.251705, -12328419651.185772, -12300568646.45409, -9072072671.123068, -7550117480.555197, -7074805786.21378, -6612050775.503597, -4321334045.926168, -2428566981.709332, -3779192354.367942, -2454400513.058346, -1538953113.2272468, -28362765.188910127, -302648.0627998129, -3652346.9458495504, -1746538.3262761976, -463113195.63946503, -3251923.8403339987, -15287549.813324738, -795.9202038672966], "2": [-15012704384.144827, -11433658062.094908, -12328419634.028982, -12300568629.297298, -9072072671.123074, -7550094647.019452, -7074805744.982355, -6612050724.308377, -4321328250.949967, -2414148288.8066254, -3778520979.8552384, -2428047576.9299517, -1522050894.771092, -28004364.477823652, -226848.43634630408, -3372958.2033437183, -1592819.0339246516, -462895867.76578313, -2941350.189931882, -14761039.68781, -609.1907663514917], "3": [-15012704347.72903, -11433658070.041658, -12328419658.47111, -12300539719.26518, -9072070217.158398, -7550055426.885035, -7074734549.848991, -6611078134.851306, -4321265837.582776, -2411219530.7767534, -3778478740.152682, -2431441001.1169314, -1498442295.299369, -27924314.21589446, -311189.77878816467, -3635407.1389286174, -2049483.3340786633, -436908287.0168478, -2994790.612537643, -13649281.886244014, 96.68457262945324], "4": [-15012704364.624695, -11432931412.937708, -12328402631.471262, -12300415894.898878, -9072050067.184923, -7549203340.903145, -7046801790.403063, -6573021266.60512, -4303706128.342928, -2352650498.7746806, -3686896421.2951384, -2343783051.722408, -1040295132.438646, -26412532.33193147, -270097.68209924555, -3274792.369108985, -1738097.7951834083, -433675200.42846906, -2820736.1261432907, -14137120.182018682, -108.00415044547125], "5": [-15012704361.94521, -11433658060.94543, -12328419623.733322, -12300568609.307858, -9072072362.808506, -7550135017.33932, -7074804448.343475, -6612049465.910105, -4309806311.78874, -2431071310.441488, -3778913894.927829, -2458186396.023809, -1526901538.0725648, -28495054.597286154, -380480.1942558476, -4611645.85221748, -2551637.9697852884, -452064729.5930935, -4011831.4258719226, -15108759.991584029, -1052.995719031917]}