{"1": [200.0, 200.0, 199.7, 197.0, 187.9, 181.5, 176.4, 172.6, 164.7, 158.5, 155.5, 154.5, 149.9, 140.7, 142.0, 134.0, 131.7, 128.49999983310698, 126.79999960064887, 125.09999912977219, 122.19999887943268, 118.59999845027923, 113.6999980688095, 112.39999768137932, 110.4999967098236], "2": [200.0, 199.9, 199.4, 192.2, 178.0, 171.7, 170.4, 167.7, 164.6, 159.2, 153.79999976158143, 152.09975311160088, 144.4619524752954, 128.89462310457603, 128.73599603116745, 118.86338801461389, 117.26192055977299, 113.9326209958177, 109.2607933588035, 105.64430296577629, 97.26784921889194, 93.22912745606155, 87.48207824404236, 80.09640658731806, 75.70660258177668], "3": [199.74941491782664, 199.67671649456025, 198.81235921531916, 194.20657901167868, 184.8675517052412, 176.87657688483597, 171.0300847422797, 166.39666888043286, 162.78688507974147, 156.07761490270497, 153.40453836526723, 149.61823544055224, 145.02566028647124, 135.1257670339197, 136.63785704113542, 132.9915245609358, 130.23806616745424, 127.98019349575043, 124.0777014605701, 122.59370589200407, 118.17145873457193, 116.6568736194633, 112.8407343506813, 109.65453172139823, 106.61863893102854], "4": [199.99999254345894, 199.59999337792397, 195.89998883605003, 183.23813137036632, 144.92466830563498, 128.3060234130884, 112.55827387121971, 90.0164354248438, 71.59779689660354, 53.49387509573425, 46.99065637013992, 40.21247914079868, 36.47826036555925, 33.04446036157606, 33.21640248274489, 29.36616504645208, 28.871937414977584, 28.031375844258584, 25.13901777571009, 25.124716569922747, 26.553081049004685, 24.292657618873637, 23.942542167016654, 23.1423183614359, 21.325303521132447], "5": [166.0474417957943, 158.47333185708848, 149.05745002347976, 128.12429208605317, 97.20852610123984, 80.7917244393262, 68.20395050531079, 62.8053218391462, 59.33379703843675, 59.108081212756225, 52.62160167610273, 50.69396528004436, 47.16037547534215, 46.00357219580619, 47.37467305544997, 35.173121698049364, 31.13549750140519, 27.645082495594398, 25.233863185939846, 22.739420414771303, 21.299676789561637, 20.301250431351946, 18.71760378178442, 17.092740359480377, 16.77157332121569]}