{"1": [-80770.0, -77426.6, -78129.1, -69357.9, -36169.2, -19855.5, -8354.4, -7846.4, 626.6, -4360.9, 2842.9, -600.4, 4317.4, 7472.0, 10096.1, 7808.0, 9261.0, 8362.700000166893, 9074.900000399351, 10728.700000870227, 12235.800001120568, 11558.30000154972, 11525.90000193119, 10074.50000231862, 9980.100003290176], "2": [-80770.0, -77417.5, -78092.9, -68792.8, -35475.5, -19313.2, -7942.3, -7283.2, 931.7, -4587.1, 3104.0000002384186, -505.29975311160086, 4067.2371080124517, 7853.8508093166165, 10718.63556554377, 8175.8958615563515, 10144.814082616202, 9330.677993826986, 10134.199518143414, 12228.699907937571, 14417.65197444777, 13790.18058275748, 14646.714420273649, 12544.992955443158, 12998.828271633945], "3": [-80849.77034064234, -77440.86248817443, -78176.75285263211, -69278.10706724226, -35987.80183314979, -19959.193370576948, -8484.307108243975, -7898.20078118667, 430.89536260068417, -4951.281042634696, 2378.5744591869416, -912.3428721144795, 3704.189506734908, 7234.042950138077, 9546.972890702635, 7219.284252165072, 8833.788891415974, 8039.471265298128, 8771.168831748515, 10206.04241137337, 11712.07793598622, 11018.03315174561, 11187.729221330583, 9716.544876929, 9528.961143614539], "4": [-80849.9999927938, -77435.79999388456, -77956.39998944402, -69552.03591495303, -36980.60344284129, -20974.70308913752, -9691.287293107784, -8800.099282437051, -133.9323778785212, -6603.807127569077, 2436.7736875587784, -1650.5625717927674, 4503.148834918381, 9617.311808377519, 12733.84648099659, 10143.440324329946, 12608.123862277711, 11972.578072459768, 13351.714204262327, 15404.098109998207, 18473.388550796124, 17507.66444170615, 18462.356540239918, 16416.604880628423, 16545.029564103872], "5": [-80892.07428192007, -77557.02032104133, -78201.91263431105, -69344.67242955443, -36451.28093139571, -20442.648786141355, -8726.812805460233, -8566.909091665037, 688.5137039801048, -6012.724648372538, 3218.7242119981556, -908.9002121038764, 5595.927716515624, 10778.787784604352, 14215.752956136654, 11446.60692954677, 14246.696843254012, 13540.1328304049, 14952.79393422525, 17370.389715236823, 20471.93529898342, 19490.114628180043, 20855.42871733249, 18633.785631322782, 18846.527093845398]}