{"1": [-63827.999908214806, -63039.99997656346, -31188.899705410004, -23789.39982517958, -23315.1999098897, -19522.49987718463, -12437.399674886465, -7894.299505853653, -7149.196713364125, 276.07208916544914, -1142.795677241683, -3014.4923215180634, 2088.195236381888, 1006.8164498537778, 1172.2139319330454, 4298.874603387713, 6480.1760120444, 9632.319249296841, 11363.790208693408, 11456.364469182863, 13799.394306016573, 14681.333395561505, 14800.29200409768, 15349.148050048001], "2": [-64611.78123980462, -63827.63314198256, -31778.355007253587, -22702.600109970568, -23150.61631477475, -21126.58100228906, -11539.054991346598, -10175.860888665915, -10331.640890276432, -1125.284298634529, -1530.6043447375298, -3411.3082449793815, 3263.1115849912167, -746.760304659605, 1430.235382372141, 3689.5705161750316, 7054.167678242922, 9206.196252977848, 10518.32625437379, 10156.834018206597, 11149.997737008332, 10202.66893813014, 9595.209896719456, 10959.081325138268], "3": [-63380.62876201868, -63954.687828952076, -29153.684028935433, -24547.79963763356, -22110.511749159545, -19919.34132925272, -12245.647998446226, -8280.503640317917, -7946.671501618624, -1676.102527409792, -1048.9201471447946, -2812.0919037103654, 2568.948861581087, 1331.2995642967521, 2195.3210957560686, 4836.030486557191, 7952.110924929473, 10822.968651611776, 12693.954396409355, 12848.17492023222, 13980.55150205897, 12989.075760021024, 12545.390807766304, 13020.876218907651], "4": [-61544.00000004769, -62328.000001454355, -24697.100002026556, -20586.900002378225, -23131.300001209973, -18775.200001966954, -8874.399999284744, -6714.60000178814, -7562.900001072883, -692.6999986886979, -1992.5999877631664, -2749.700012564659, 2197.7992848813533, 281.6627879306674, 2082.6766351804135, 4790.830771846755, 7782.13746976289, 11576.978048070538, 13981.350750282068, 14938.929699442417, 17249.459404278197, 17733.511595449694, 17351.340356978915, 18147.388332143466], "5": [-63182.15757699609, -66722.68197033406, -38883.727448359525, -30134.79178967, -31405.267502554816, -26557.010697969305, -16178.161280537204, -12325.939808186662, -11784.048770632191, -1690.3206032676912, -2539.660144433292, -4597.929252402415, 2675.189144663719, 300.85012493685355, 2982.349474040707, 7544.351585074997, 10856.724579564627, 15231.473791068585, 17717.047638462416, 18629.64669366107, 20952.94741802183, 21228.4696966514, 20882.349368052146, 21114.314733294163]}