{"1": [-6653168306.126791, -6162529727.018045, -276268.5874624981, -47362.693447936195, -9073.071542901282, -136299.49125422185, -2361.25669585611, -3842.1981660746483, -2980315.1966126114, -68.61783389367295, -3561.4875703543157, -2366.368983303378, -984.3044748197251, -2194.344211961096, -2097.341662047527], "2": [-6653167592.053535, -6162529669.402097, -437683.57422596915, -59665.41263634032, -11989.838435844833, -146140.44746706623, -2716.3237177433966, -5434.215529741067, -6884337.327227823, 47.11396923441921, -4605.2148200940655, -3144.6897873862154, -3630.4483018659316, -3876.6223142040535, -2549.834734783213], "3": [-6653164640.729105, -6160108724.444806, -371690.3496626434, -41797.36228200839, -10510.112164266913, -139061.64237243382, -740.9961858095144, -3082.114606195112, -2652056.9282746594, -13.310723040287144, -1936.0847929169117, -1781.3505087776928, -3240.751414589632, -2169.805602281359, -1265.3970136918658], "4": [-6278589418.408231, -6100487870.112497, -309433.74947602925, -49826.44873134578, -11456.171149267615, -118522.35409318327, -1542.0594445736344, -4530.838597631891, -7567805.538006296, 332.6658452260853, -2811.2003108114163, -2538.750353519398, -2081.4516732813963, -3354.0293286119986, -2022.3709720376428], "5": [-6649098536.846401, -6151903168.716633, -245499.69085877767, -40120.46810816492, -8296.796137437075, -63566.50318625561, -1770.5616341804666, -2167.198374828154, -2918178.456156336, -86.19302569450093, -2523.1869721329585, -1987.2057802049535, -2081.4431117518443, -2397.817611031865, -1873.3437666580394]}