{"1": [-15582.29499993624, 1468.1200001430527, 1199.985000109973, 1466.6550001290457, 1544.4650001338118], "2": [-27307.588822774404, 1014.9440949384382, 1217.9294791179543, 2005.3884473268067, 1451.567306162276], "3": [-26827.22653975753, 1089.5785809599051, 1255.2821406126993, 2049.026912849037, 1607.6542612613257], "4": [-16611.649999999998, 847.4454710228383, 993.1411365881828, 1990.1760569810042, 1324.786225395393], "5": [-17817.216207832163, 7608.2135216066235, 7539.808935521061, 7977.608773039909, 7687.8320329710405]}