{"1": [141.5499993622303, 65.69999856948853, 62.2499989002943, 61.09999870955944, 62.449998661875725], "2": [29.09871413737128, 6.914770370516635, 6.282848638447467, 6.152306815815973, 6.269604486007301], "3": [41.597839460927936, 7.576418725823169, 6.840307845154894, 6.531174817924329, 6.831548505509272], "4": [144.65, 12.301047163494513, 9.627560871234163, 9.615841643472958, 9.62703403110645], "5": [138.3820864866022, 65.9135513305664, 62.29808286573971, 61.200018135434945, 63.152871160954234]}