{"1": [-11291147365.112553, -11744009290.456158, -14008319183.028372, -13538562727.837826, -15819767056.721395, -10821492759.517536, -12649733307.767218, -9704705999.778593, -10113519275.887514, -8799147741.548277, -11244467546.275742, -3704290741.697107, -3492354316.148497, -10715.597217460185, -4841.328932587152, -2700.1367318066905, -2937.173024887069, 53.820366514595705, 186.3792843357403, 202.88447919371606, -371.2065488031609, -1640.2218133583604, -38974.590006526225], "2": [-11291147397.00338, -11744009320.624317, -14008319167.214487, -13538562742.625002, -15819767054.690403, -10821492742.137165, -12649733278.269154, -9875012225.219362, -10333920611.0555, -8971908590.791214, -11623340074.630392, -3934430190.8511515, -4199475240.1930113, -11349.148804311097, -4432.579065555527, -2147.9245123573587, -2861.6350364788686, -15.140652005211535, 48.85413955941106, 83.85636805627905, -319.3503399031141, -1289.953519248948, -17736.909044263386], "3": [-11291123784.698635, -11744009351.588295, -14008319180.551426, -13538562725.450783, -15819767068.806744, -10821492743.481625, -12638099780.242916, -9608676417.610374, -10138649234.023323, -8334244551.792601, -11146917673.532703, -3600841817.9549294, -2048429961.8368688, -7345.901301172086, -9243.349233066954, -6265.021408882747, -9544.797314959604, 267.59973346611645, 268.6557430274669, 236.82860337933525, -2155.901028470103, -4521.044409466565, -112940.28661709763], "4": [-11291147348.168455, -11743964452.823238, -14008317547.95448, -13536086900.80201, -15806609361.656366, -10816642371.88151, -12532821783.961645, -9278031095.510326, -9541238793.610874, -7360543799.811249, -9520206808.0781, -2945926167.0590596, -3735524273.437091, -8617.723640158478, -7857.468965310918, -4560.374155342846, -7694.170718532698, 528.7838066302977, 412.4279222325372, 401.0501772532424, -1355.3227507597971, -3956.1112602739768, -73157.491826969], "5": [-11291147360.53137, -11744009347.567226, -14008319206.648626, -13538560056.380033, -15819767063.474588, -10821492214.079243, -12649733245.54104, -9832578758.47121, -10451995672.131208, -9046290380.036243, -11617201226.996801, -3957032580.3013697, -4202703392.3221893, -14614.265755805589, -12539.546716276343, -7176.544892369513, -12809.221931045624, 368.55573784592457, 332.8036434825011, 268.708166693698, -3048.767062904957, -6847.265387870645, -114935.82178263224]}