{"1": [200.0, 200.0, 200.0, 200.0, 200.0, 200.0, 200.0, 200.0, 200.0, 200.0, 200.0, 200.0, 199.99999999701976, 200.0, 200.0, 200.0, 200.0, 200.0, 200.0, 200.0, 200.0, 200.0, 200.0, 200.0, 200.0, 199.99999999701976, 200.0, 199.99999999701976, 199.99999999403954, 200.0, 199.99999999701976, 200.0, 199.99999999701976, 199.99999999701976, 199.99999999701976, 199.99999999701976, 199.99999999403954, 200.0, 199.99999999701976, 199.99999999701976, 200.0, 200.0, 200.0, 200.0, 200.0, 200.0, 199.5, 200.0, 199.99999999403954, 199.99999999701976, 200.0, 200.0, 199.99999999701976, 200.0, 181.09999911785127, 182.8499992251396, 186.44999885559082, 184.29999888539314, 187.399998113513, 184.19999779760838, 185.0999964863062, 183.79999483525754, 182.19999261498452, 183.6499859303236, 184.09998752474786, 183.34997673630716, 184.14996638298035, 186.3999319165945, 184.8998521655798, 183.1497896641493, 178.94958360791207, 179.49892276823522, 178.99791694283485, 179.29526626765727, 178.39520529806614, 178.18666900396346, 177.7998811632395, 174.21914604008197, 173.10883763432503, 174.43822586834432, 167.24209874700756, 150.7371104922466], "2": [194.74515172741377, 195.80847259468283, 195.97636491550367, 195.95623495467007, 196.05375060860533, 196.26110702212753, 196.01568900430576, 196.05033051036298, 195.93013400719502, 195.66135776462033, 195.81501483906177, 195.63230618884555, 195.9009763462469, 196.00528656649402, 196.30161666311324, 195.27487319982612, 195.7992525698064, 195.4496310786577, 195.37030814290628, 196.04307371101896, 195.85687177786605, 195.20961392103345, 195.44611694435588, 195.41424813100602, 195.53216889115282, 196.28644517809153, 195.56706842146815, 195.74560688659548, 195.33641072600147, 195.49166079182177, 195.49760553921806, 195.54900706417394, 195.91929197772407, 196.37088168722113, 195.78006840931485, 196.3563758713426, 195.49540209132246, 195.49266473220487, 196.1179074043408, 195.45036678629694, 195.96319135809318, 196.00346575408474, 195.9951769029023, 195.29901808565484, 196.2244523786474, 196.01732312376845, 194.83412539855635, 195.99145985082723, 195.76761909243652, 195.5802328964637, 195.2658079756424, 195.74121865056222, 195.8533646232914, 195.43384656899144, 164.62214612895622, 169.1480867171311, 176.05965202767402, 172.2663019368425, 178.2066890373244, 176.39688543903176, 176.3773248717771, 175.8981391455978, 173.09691654136404, 174.10934787262232, 174.78567137138452, 172.82707738759927, 172.00155895543284, 176.1358915784396, 170.3179152703815, 170.34932796941138, 162.149676513765, 164.1030663181795, 166.66188473403454, 162.98571180827275, 166.08109217770397, 163.95222346183147, 166.08524356181732, 163.6758790423628, 162.76613565790467, 162.25827522771434, 162.91286788345315, 156.51212639943697], "3": [199.99999970793723, 199.99999973773956, 199.99999975562096, 199.9999997138977, 199.9999996572733, 199.9999996304512, 199.99999980330466, 199.9999996691942, 199.99999983012677, 199.99999973773956, 199.99999977350234, 199.99999974668026, 199.99999969303607, 199.99999956190587, 199.99999969303607, 199.99999968409537, 199.99999960958957, 199.99999968111516, 199.999999538064, 199.9999995559454, 199.9999996125698, 199.99999918341638, 199.99999947845936, 199.99999917447568, 199.9999992519617, 199.99999919831754, 199.8499993622303, 199.99999925792218, 199.99999903738498, 199.9999991953373, 199.99999902844428, 199.99999900758266, 199.99999903142452, 199.9499992340803, 199.99999938607215, 199.99999858736993, 199.9999996006489, 199.99999900758266, 199.99999930560588, 199.99999880492686, 199.99999796748162, 199.99999782145022, 199.99999762177467, 199.99999788701535, 199.99999715685846, 199.9999966055155, 199.29999369382858, 199.94999599158763, 199.99999309778212, 199.99998889267445, 199.99995481669902, 199.9995260298252, 199.92823660671712, 198.70851211547853, 86.42620818299619, 94.32003853180213, 88.46544932309189, 88.2051767663128, 98.5612430277979, 75.00544829523714, 81.54151578918535, 75.61508320247522, 70.31723549367743, 75.06513855265658, 79.79790269320657, 68.67022982117632, 75.35385067216411, 73.55008233373374, 62.912569274072304, 58.23820429984189, 56.109130278074005, 53.92725694947003, 48.16025260758033, 49.29612868214317, 45.41840314036381, 46.65310297415563, 46.0258526796737, 34.8321019130788, 32.45056046011014, 38.59638211356359, 27.58356810044497, 24.96985952683899], "4": [199.94999952614307, 199.29999941587448, 199.4999990195036, 199.2499992877245, 198.59999939501284, 198.6999994248152, 199.34999958872794, 198.79999975562095, 198.84999964833258, 199.34999975562096, 199.1499998152256, 199.09999983906746, 199.44999986290932, 198.89999986886977, 198.19999980032443, 198.64999988079072, 198.54999989271164, 199.49999991059303, 198.29999985396861, 198.299999833107, 198.29999988079072, 199.04999987483023, 198.99999990165233, 198.5999998897314, 197.74999986588955, 198.7999999254942, 198.29999989271164, 198.9499999433756, 198.74999989271163, 197.64999988377093, 198.29999992251396, 197.89999990463258, 198.54999991059304, 197.9499998986721, 197.44999983906746, 197.4999999076128, 197.09999988675116, 197.74999985694885, 197.29999987781048, 197.24999987185, 196.54999981224537, 196.44999982714654, 197.24999975562096, 195.4999997138977, 196.3999997138977, 195.84999965429307, 192.19999940693378, 194.49999929070472, 196.09999925196172, 194.74999876618386, 196.2999977916479, 196.3999931871891, 195.49937501251696, 193.86872296631336, 150.74677894015332, 152.87673128420138, 154.79055077729282, 155.54920762176624, 160.96841669876594, 152.1996546358918, 154.12686982719316, 149.65489243058255, 148.3025551225408, 150.26417607054464, 151.63610441171332, 146.14088092486637, 149.20345521136187, 149.08874769823743, 146.80275333130848, 146.37337868217145, 139.34180631689088, 140.33362630189222, 139.78625489166006, 142.92396950896074, 139.9594883673679, 141.0643150153206, 141.55278234736178, 137.10832290712278, 135.3306050875981, 136.65275762555538, 135.47254514035157, 129.33201957610436], "5": [96.50296950362682, 67.65409728214581, 73.81216187910904, 68.65342413710896, 64.8214069228954, 59.862689010510806, 74.01913936546771, 59.66841322520486, 64.3805688561537, 69.98325620219694, 69.29457868677564, 70.35001785061031, 61.175900105768235, 64.2211618438625, 52.97845566633623, 57.30109857802599, 55.22480256697745, 52.257870371261376, 47.111559485922044, 43.39456415700988, 37.27679742278997, 36.866222815476064, 34.832278153995865, 34.733531506462896, 32.27320700253913, 29.94298478627752, 30.41282555519865, 28.955759099272836, 26.956285186296736, 27.565835881796374, 27.424886755457557, 23.90350790922821, 24.7281153397882, 22.37621107720188, 21.81665085462155, 21.65563831975742, 20.166282979267997, 19.191331484187685, 18.628413091892433, 17.897552921889293, 17.24670209869364, 16.451837228788644, 15.23742322481703, 14.450001234990486, 13.507635301629488, 13.265501912256877, 12.894410252770466, 11.996922043259838, 11.951872640474175, 11.520605567701569, 11.252667521010153, 11.178397810010939, 10.931047677977768, 10.723642047420435, 10.108629786140227, 10.096495352723286, 9.903999427064264, 9.708185707050143, 9.70699015702703, 9.507863520451064, 9.01214472650172, 9.135537466920505, 8.78290046153852, 8.594234060772578, 8.772160941082983, 8.61290211701853, 8.410022624750855, 8.639948911219836, 8.408369510517513, 7.94791022885911, 7.965148577067884, 7.949073136461084, 7.510634810919873, 7.763502359449921, 7.466050366965646, 7.530370644760842, 7.634558242274215, 7.456339986198873, 7.1303133305889785, 7.188308835055795, 6.882705983273627, 6.386725879347068]}