{"1": [-70545.70000000222, -70762.45000000244, -68026.1500000013, -66034.45000000107, -71795.80000000175, -69698.65000000177, -65455.60000000083, -71686.90000000254, -69175.75000000143, -67228.60000000123, -66550.15000000111, -66550.15000000106, -71353.45000000218, -67244.0500000009, -72653.6500000034, -70807.30000000248, -66911.05000000165, -69748.15000000116, -66509.65000000145, -65144.65000000082, -70850.05000000187, -64108.90000000035, -70975.90000000225, -65226.70000000064, -67875.40000000232, -71798.05000000252, -68169.25000000128, -70318.60000000229, -66787.74999999999, -64466.95000000119, -64613.05000000036, -68091.40000000113, -65020.15000000099, -71843.35000000268, -66815.95000000039, -65057.34999999999, -67063.15000000052, -61556.50000000021, -65219.95000000099, -64822.3000000005, -59640.699999998345, -66609.25000000127, -66732.70000000103, -61703.800000000534, -68328.10000000216, -66340.45000000151, -57490.29999999859, -64873.00000000132, -65564.94999999974, -65761.30000000075, -64765.30000000137, -64761.700000000616, -62640.39999999993, -58042.599999998536, -5145.45999991231, -9231.734999923367, -11202.34499988599, -9527.029999888933, -15053.189999811517, -4998.519999780211, -13910.209999649338, -6773.179999484157, -5674.469999261601, -8517.114998593397, -9859.90999875292, -6287.684997673836, -8083.66499663876, -8752.08999319215, -4711.089985217089, -5787.714978966652, -4836.394958360811, -4185.499892277014, -3404.3497916942747, -6382.129526626934, -3892.539520529846, -6745.318666900821, -5429.879988124768, 868.9280853712787, 3557.639116081592, -3910.0938259822083, 6000.925680095726, 8253.123766523331], "2": [-70545.17451517435, -70762.03084726146, -68025.74763649266, -66034.04562349633, -71795.4053750622, -69698.27611070352, -65455.20156890123, -71686.5050330529, -69175.34301340178, -67228.16613577747, -66549.73150148476, -66549.71323061966, -71353.04009763667, -67243.65052865737, -72653.28016166892, -70806.827487322, -66910.62992525814, -69747.69496310879, -66509.18703081539, -65144.2543073717, -70849.63568717916, -64108.42096139238, -70975.44461169615, -65226.24142481354, -67874.95321689079, -71797.67864451997, -68168.80670684326, -70318.17456069075, -66787.28364107318, -64466.49916608019, -64612.599760554534, -68090.9549007072, -65019.74192919869, -71842.98708817092, -66815.52800684159, -65056.9856375876, -67062.69954020996, -61556.04926647337, -65219.56179074147, -64821.845036679144, -59640.29631913473, -66608.85034657651, -66732.29951769135, -61703.32990180909, -68327.72244523957, -66340.05173231354, -57458.3834125389, -64872.59914598636, -65564.52676190951, -65760.85802329045, -64764.826580798486, -64761.274121865594, -62639.985336462596, -58042.143384655894, -4986.812214613203, -9335.264808672282, -11033.255965203063, -9488.976630193933, -14836.570668903918, -4794.68968854423, -13628.137732487728, -6522.439813915027, -5548.55969165422, -8066.660934787504, -9467.078567137509, -5721.982707738898, -7383.750155895954, -8328.413589158274, -3195.1317915274826, -4883.084932797128, -2828.9149676512798, -2519.3603066317346, -2599.71618847334, -4758.7485711810605, -2878.408109217663, -5242.8452223463855, -4400.658524356204, 1632.0824120959062, 4012.723386433839, -2944.4758275227236, 6342.45871321154, 8406.848787359628], "3": [-70677.599999973, -70891.34999997624, -68170.04999997685, -66187.34999997252, -71912.69999996762, -69830.5499999647, -65611.49999998121, -71809.7999999694, -69310.64999998444, -67375.49999997504, -66700.0499999784, -66700.04999997577, -71479.34999997167, -67387.94999995732, -72770.54999997254, -70936.19999997072, -67051.9499999627, -69883.0499999694, -66656.54999995514, -65297.54999995649, -70972.9499999632, -64270.79999991871, -71098.79999994994, -65385.5999999181, -68010.2999999274, -71914.94999992262, -68197.7849999374, -70444.49999992833, -66934.64999990432, -64616.84999992039, -64768.94999990372, -68220.29999990197, -65179.04999990431, -71926.64499992601, -66953.8499999393, -65204.24999985885, -67189.04999996118, -61724.399999900976, -65360.84999993195, -64960.19999988146, -59805.59999979545, -66744.14999978323, -66867.59999976312, -61835.69999978903, -68453.9999997176, -66463.34999966195, -57598.779999368184, -64980.29499960008, -65699.8499993102, -65881.19999889057, -64900.19999548246, -64896.59995261029, -62777.69282470449, -58170.77153834994, -5143.140079865884, -9051.242335235818, -11190.906515478133, -9264.535621825544, -14873.385488791533, -5080.086417489353, -14005.574363163203, -6734.6537069857895, -5520.725803082775, -8322.035549311662, -9473.344855279647, -6055.064965571504, -7717.305343971088, -8304.485564544873, -4382.934799435038, -5494.261034555802, -4799.084172369421, -3861.424949826044, -3041.37978483977, -5919.914405110283, -3554.7863637198884, -6450.455525469935, -4818.840732414959, 1926.074856748346, 4771.258687639795, -3326.5714698945876, 7468.06813446937, 10497.185608612246], "4": [-70634.84499998848, -70382.9799999785, -67822.14999997176, -65657.474999978, -70997.95999997403, -68944.9699999795, -65171.73499998703, -70944.5299999923, -68507.63499998789, -66924.23499999463, -66086.96499999629, -66155.45999999845, -71131.74499999975, -66685.98999999596, -71521.41999999795, -70000.41499999967, -66158.10499999797, -69549.90000000023, -65550.02999999769, -64285.77999999611, -70004.37999999926, -63684.55499999879, -70502.80000000008, -64541.9600000005, -66623.22499999721, -71222.93000000146, -67367.42999999903, -69828.4450000025, -66198.67499999839, -63387.06499999713, -63976.72999999921, -67188.13999999862, -64476.30500000047, -71023.6949999994, -65740.94499999692, -64076.89999999774, -65796.35999999513, -60945.02499999711, -64299.87999999843, -63750.42499999512, -58583.80499999132, -65340.19499999452, -65553.32499999311, -60364.449999983844, -66828.68999998948, -64827.48499997887, -55315.619999962495, -63109.14999995134, -63997.50999996291, -63766.32499992211, -63401.42999987764, -63598.88999957599, -60912.549961065, -56292.72296770235, -4931.651434780574, -8819.122288184944, -10648.194376458294, -9038.704843228536, -14530.626896474385, -4534.785510993797, -13128.466619898862, -6258.4722316253865, -5293.601720225297, -7902.363040587453, -9359.275909302389, -5380.069079157502, -7524.484117784125, -7501.81438438083, -3921.7539713209917, -4757.786169985775, -3877.7850125079194, -3322.327600818141, -2389.658106358906, -5523.901068408043, -3124.8255231509747, -5719.0031945329665, -4675.909874127567, 1132.4122121249086, 3777.8369167633928, -3292.031282890468, 6010.1830454169485, 7995.103559837664],