{"1": [-78228.70000000384, 2539.6250000001373, 3063.4150000001423, 4913.539999999934, 3881.0900000000884], "2": [-78228.70000000384, 2579.1400000001386, 2976.905000000133, 4887.599999999925, 3921.650000000075], "3": [-78318.68476841605, 1502.1484370938585, 2579.068915006966, 4881.364942107295, 3705.643068606115], "4": [-78321.60000000385, 1966.4850000001043, 2439.625000000109, 4391.254999999988, 3315.2800000001866], "5": [-78409.28262759201, 2154.359738570202, 3446.6272591073634, 5780.03849197773, 4654.219563216919]}