{"1": [200.0, 169.25, 158.35, 158.6, 156.1], "2": [200.0, 169.6, 156.95, 156.5, 157.0], "3": [170.33576860781614, 20.826476928894408, 17.920579164632365, 18.554423607401258, 17.63287653414445], "4": [200.0, 166.65, 155.75, 156.95, 154.2], "5": [197.7348530469695, 73.78939978437556, 40.7651571494891, 40.33380957956251, 38.58876960381458]}