{"1": [-6567617610.199584, -6662655220.221576, -487946684.5696022, -4757940466.042109, -2242259301.910386, -132551747.04936282, -80198951.39192237, -162579.73538021007, -38612.32952956411, -25492.612123702063, -65378.15794446245, -1919.823508165863, 39.04937407956396, 27.413764348399894], "2": [-6567617594.060662, -6662655236.361235, -485552893.7682333, -4582838898.81255, -2829784185.2712736, -652337206.119273, -490450441.0129372, -370694.55366019416, -182617.78600993849, -118928.5552987431, -157268.79901202803, -8727.668865614292, 96.39921629458566, 308.6232818218954], "3": [-6395290327.265487, -6662550493.255859, -360928079.00188816, -2597284884.352371, -982091048.8592358, -136550110.3030966, -48308551.876681, -72248.64045445218, -20252.794928981086, -16424.850535621543, -40294.56665700877, -996.6988912525687, 25.183390201137367, 45.56133799258909], "4": [-6451654022.336984, -6575034990.333803, -294238883.7350811, -2140411038.7234924, -2453893903.332643, -364285892.65463686, -478029074.16206616, -302375.63793933747, -83258.74710550584, -72624.86376977192, -144962.3396668, -5990.651337953621, 223.7465952318214, 378.35799253411545], "5": [-6057449406.381271, -6200834990.998332, -485411306.52025807, -4563314556.086141, -2814603938.170998, -720847946.3959286, -492554639.59602296, -373382.8905835705, -201036.76028138606, -131099.39630034394, -130222.06544735414, -9529.470565132562, 180.803746005282, 402.91772981229775]}