{"1": [-8015.304999982133, 6841.445931358881, -2887.530838563421, 2711.041245724323, 3530.2328296781634, -1074.5630036787725, 2940.9440198733573, 1682.7739074729634, 2487.8051394634394, 877.9994693498587, 6164.696707231446, 41.2634582506246, 6379.4168903991995, -6336.328038770289, -6585.336066701508], "2": [-9844.365396668674, 5941.334430267398, -3556.802590987718, 2275.2996649254296, 3192.1234736988968, -1613.0980585131833, 2466.417860943779, 1115.3189169093203, 2067.807653624254, 85.99455821208116, 5784.847678805398, -114.80914958477044, 6136.195896342402, -6948.79147846129, -7019.195774166098], "3": [-9872.007525710373, 6600.060061308997, -3375.8886079744852, 2515.567941294624, 3206.8316726495887, -1482.3333576436612, 2781.284380228346, 1301.6256920107048, 2138.5201483825317, 578.6806410919144, 5965.4908502340295, -167.18187366710578, 6276.189949870445, -6863.336026227478, -7358.078831014804], "4": [-7494.404991160089, 4201.790278942276, -1108.6595936012259, 1476.0103853949936, 2039.3253575131525, -207.90964106798583, 1841.8953351745345, 1125.0003352928352, 1569.1353307366578, 1044.295372889063, 3183.430344325613, 447.4403557199188, 3121.730368250341, -2333.9346405434335, -2338.659605340048], "5": [-10717.405000000606, 2495.175000000058, -4125.469999999985, -924.9149999999336, -253.33500000002022, -2943.3949999999054, -512.7999999999801, -1327.0849999999932, -763.7699999999709, -1042.8599999999958, 1305.1250000000005, -2105.574999999938, 1205.7100000000055, -5304.35500000019, -5528.364999999991]}