{"1": [159.0499998152256, 8.205915758997435, 5.365326946345158, 5.129559645040717, 5.224859450894291, 5.177040169099928, 5.104916224675253, 4.802478798359516, 4.997286754047673, 5.050880397601577, 5.076317656844912, 4.906058644191944, 4.886183332536893, 5.3392778461842685, 5.406754031320451], "2": [19.790396120971128, 7.007740345537604, 5.5451171541441, 6.074176871018426, 5.955200115728076, 5.534125590207987, 5.9255292843095955, 5.849476411574869, 6.112606379676436, 5.528900284605333, 5.485837447414815, 5.4901809786664675, 5.537539598756121, 5.391465616977075, 5.295218438007578], "3": [15.924737165897387, 7.561058369942475, 3.989478728585527, 3.9236785927249, 3.7815782629957537, 3.936109438735002, 3.7533681892964523, 3.8216268027754268, 3.8922196390674797, 3.7753523808860336, 3.6770514932271907, 3.8972155530704184, 3.703723733269726, 3.940758545071003, 3.8559151660694626], "4": [148.0499115973711, 93.09721057713031, 87.59593601226807, 89.39614605009555, 87.24642486870289, 88.0964106798172, 89.04664825499057, 87.99664707183838, 88.14669263362885, 88.546271109581, 88.19655674397946, 88.09644280076027, 87.69631749689579, 87.84640543460846, 87.09605340063572], "5": [140.6, 91.1, 86.25, 87.15, 86.4, 86.35, 87.3, 86.7, 86.8, 87.55, 86.2, 86.85, 86.5, 86.9, 86.5]}