{"1": [-393.46499999910657, 2771.4040570189195, 3352.219269551892, 3715.822834125015, 4062.1752527266776], "2": [-83.88999887675048, 672.8350006297221, 748.3550006556501, 740.2450005942577, 713.8400005832307], "3": [-4220.261004666721, 2683.787211145215, 2837.634908437257, 3281.1880830168166, 3351.907499699789], "4": [-4481.602152404538, 2528.8888366774568, 3191.488200028981, 3368.4598487150033, 3585.6565353355263], "5": [-698.9024813061781, 8649.225016335255, 9649.820693235419, 9812.067203091541, 10258.415825741602]}