{"1": [92.1999999910593, 3.587808563055296, 2.9457465789615527, 2.957556828670204, 2.885307391316746], "2": [82.3999887675047, 21.39999370276928, 21.249993443489075, 21.199994057416916, 20.94999416768551], "3": [9.730280157056404, 2.79753360387258, 2.298294675689249, 2.3661384915481904, 2.224922046319989], "4": [7.388780550213414, 2.3715541261364708, 1.9652666523936204, 1.998922326610773, 1.9442979982544784], "5": [9.291161364286381, 2.430241443381237, 2.1803953918599293, 2.233170184302435, 2.0177764378342546]}