{"1": [200.0, 200.0, 200.0, 200.0, 200.0, 200.0, 200.0, 199.35, 200.0, 199.35, 200.0, 200.0, 200.0, 200.0, 200.0, 200.0, 200.0, 200.0, 200.0, 200.0, 200.0, 200.0, 199.35, 200.0, 200.0, 200.0, 200.0, 199.3, 199.3, 200.0, 200.0, 200.0, 199.3, 200.0, 199.35, 198.7, 200.0, 200.0, 200.0, 200.0, 200.0, 200.0, 198.65, 197.2, 200.0, 200.0, 200.0, 200.0, 199.3, 199.9, 199.25, 199.25, 199.95, 199.15, 199.25, 199.9, 198.9, 199.2, 198.1, 199.35, 199.25, 199.2, 197.1, 199.1, 197.4, 183.1, 182.9, 184.75, 184.1, 184.25, 183.3, 178.8, 176.1, 161.75, 158.7, 153.45, 155.9, 150.25, 147.7, 144.8, 140.9, 137.05, 134.15, 133.85], "2": [200.0, 200.0, 200.0, 200.0, 200.0, 200.0, 200.0, 199.3, 200.0, 199.25, 200.0, 200.0, 200.0, 200.0, 200.0, 200.0, 200.0, 200.0, 200.0, 200.0, 200.0, 200.0, 199.3, 200.0, 200.0, 200.0, 200.0, 199.25, 199.15, 200.0, 200.0, 200.0, 199.25, 200.0, 199.3, 198.6, 200.0, 200.0, 200.0, 200.0, 200.0, 199.99999999701976, 198.44999999701977, 196.9, 199.9, 199.94999999105931, 199.8, 199.44999997615815, 197.09999995827675, 197.64999997019768, 197.34999998211862, 195.34999994039535, 196.84999994039535, 195.64999991059304, 195.04999982118608, 194.8999997854233, 193.24999949038028, 194.0499994635582, 190.64999909698963, 193.0999988794327, 192.89999785125255, 192.64999694526196, 187.0999955356121, 188.94998475909233, 181.199963209033, 163.89990661144256, 163.49969969391822, 165.09904017150402, 162.34618861973286, 162.98211332261562, 161.0534206688404, 157.09281207323073, 141.90625054301927, 113.69182604391972, 106.82520745325601, 104.96084900515852, 102.70281216447475, 92.78013699702714, 92.10294956665894, 84.63608616553392, 81.36458603795909, 77.41847641047498, 70.75352945423656, 76.34068479668204], "3": [199.95, 198.55, 198.15, 198.3, 197.7, 198.3, 198.15, 197.45, 197.75, 197.0, 197.95, 197.95, 198.05, 198.1, 198.15, 197.7, 198.05, 197.7, 197.9, 197.9, 197.35, 198.0, 197.05, 198.3, 198.0, 197.5, 197.85, 197.25, 196.9, 197.75, 197.5, 197.75, 197.15, 197.65, 197.05, 195.9, 196.7, 195.7, 193.4, 193.55, 192.0, 192.55, 192.25, 188.4, 190.05, 187.94999999701977, 186.8499999463558, 185.6499999076128, 182.49999964535237, 181.54999890327454, 182.49999749660492, 180.5999937593937, 180.9499831199646, 179.99994317293167, 177.9498407572508, 178.44949105381966, 176.0981434136629, 175.64690559804438, 174.1447372764349, 176.6413082242012, 174.47590840160848, 173.65924574732782, 172.2884194791317, 159.17585487828183, 142.42645740593434, 90.59866344264883, 82.6614603099908, 85.39733004500741, 88.4068066997861, 86.49887471839028, 84.58263577745238, 83.09574013530656, 85.03360743475642, 79.78257271603506, 79.02430569154676, 72.44560522277024, 73.92141425896698, 73.7917625885515, 69.46716102786158, 68.27699484007026, 66.41183073608845, 62.347758851855176, 62.075405323015005, 60.48560903027974], "4": [186.99999916553497, 181.19999870061875, 179.89999869465828, 179.09999834001064, 180.34999865293503, 180.59999850988387, 180.54999797046185, 177.89999777376653, 179.79999693930148, 177.39999593794346, 180.09999544620513, 180.49999455213546, 180.0499937415123, 180.7999926507473, 179.64999095201492, 179.44998987913132, 180.6499889433384, 180.24998680353164, 179.39998621344566, 180.34998380541802, 180.14998343586922, 180.59998094439507, 177.74997775554658, 180.7999733030796, 180.6499658226967, 179.89995275139808, 179.1999458551407, 178.4999242067337, 176.84988992512226, 180.64981204867362, 179.94958271682262, 179.44885406792164, 177.89423153996466, 180.66368018090725, 174.9902803812176, 169.01350780953652, 171.13865756462036, 170.59468732738168, 168.30586462707433, 167.9702498701401, 164.86832241660304, 162.3824822819617, 160.8013080136894, 150.8176113301306, 158.75396689331973, 156.1123857870989, 149.1554991958066, 142.8937700511189, 138.7114593589984, 136.98460759916196, 134.3548199387529, 131.78064278333477, 131.4730181344843, 128.37559885622613, 125.86412380669499, 126.6162831544032, 119.8159241658519, 118.23279732471273, 116.13629935117497, 118.32247783678903, 113.80714678109071, 113.65642072533373, 113.63080403242785, 110.53086444220389, 107.71325827813561, 109.1646946498513, 110.31757332963316, 112.6962496558539, 106.89122130982578, 104.1171821200478, 104.08974305057491, 97.61070211680052, 98.72213952866733, 92.5671931901059, 92.17665859905537, 86.75350241939304, 88.57987126991938, 86.21661831815145, 83.05214038432896, 81.27357095811749, 80.25933738576131, 77.79792121030187, 75.41070441570483, 74.96235357084224], "5": [25.377825574576853, 10.529845936388302, 4.404029745227308, 4.27985069999122, 4.341465403263283, 4.0591389807756055, 4.178580221939773, 4.1820384399368775, 4.11688690395531, 3.9138755860447416, 4.062068768354948, 3.8964273787642014, 3.9470950458184233, 3.873391556100978, 3.8978310220627463, 3.720987950425479, 3.8672182820373564, 3.8196707764698656, 4.0293445674600665, 3.7450813537288923, 3.6312052956942353, 3.7474937662802406, 3.6389836647169433, 3.808370854801615, 3.7195888325819397, 3.386935034680937, 3.789267973038659, 3.41933530033275, 3.4256630837597184, 3.694214843312511, 3.4382844677151296, 3.3946185779685036, 3.265862241019204, 3.669736634331639, 3.465024390265171, 3.6028828120499385, 3.5757587160915136, 3.4143009712788626, 3.5768351072023505, 3.50245417355618, 3.375186711945571, 3.5098363589509973, 3.2804400158842326, 3.178082583294599, 2.9209307908487974, 3.176411714972346, 3.25664124385803, 3.13632373950677, 3.1082385378467734, 2.9946888700986163, 2.892937601954327, 2.9589551282653703, 2.9078439924618578, 2.9866923467387094, 2.763953052237048, 2.8919863045884995, 2.7360009068623183, 2.8805608253373065, 2.7290802692921714, 2.8571232617177884, 2.7028867623739643, 2.596889181464212, 2.5663506881770446, 2.758832570660161, 2.6576558327069506, 2.600516567949671, 2.5535793563365585, 2.4904924039074103, 2.4877102820479196, 2.5206998297129757, 2.496287788754853, 2.4399942575910245, 2.4360729319567325, 2.3655002455969223, 2.3752059980892226, 2.2647796131321227, 2.4228737147743233, 2.303655195965257, 2.1810808585767516, 2.3393455668643584, 2.346195496118162, 2.308390689105727, 2.3251027921083733, 2.277538675024698]}