{"1": [-55203.24999999806, -48474.24999999689, -48243.09999999691, -47519.79999999669, -47755.44999999668, -50448.24999999699, -48048.249999997, -49081.58499999664, -49404.699999996956, -48169.43499999671, -46243.29999999715, -44291.49999999716, -48554.049999996714, -49738.29999999695, -48726.399999996764, -51136.599999996935, -50849.64999999696, -49296.549999996976, -47676.399999997004, -49401.999999996704, -49247.94999999706, -50941.74999999686, -44262.08499999726, -50844.99999999672, -48816.54999999673, -45176.199999996934, -56050.299999997966, -48359.229999997006, -39889.52999999718, -49761.09999999692, -48309.84999999692, -52705.29999999681, -47978.22999999694, -48714.99999999715, -50520.234999996974, -48158.9199999972, -45858.39999999697, -46851.99999999699, -48747.69999999697, -51331.74999999673, -43290.39999999698, -45935.94999999699, -56759.0649999981, -49141.71999999719, -53378.19999999693, -56839.299999998475, -51658.149999996946, -55313.94999999795, -48007.67999999692, -45372.63999999702, -48560.2249999969, -43967.37499999702, -49802.79499999687, -37812.464999997734, -38015.97499999699, -40412.08999999724, -37893.889999997264, -43113.119999997245, -35429.30999999752, -44439.83499999694, -35898.574999997756, -33591.16999999759, -31345.90999999732, -41978.15999999725, -33358.839999997814, -10581.160000000817, -755.2899999999603, -5139.625000000283, -8190.010000000373, -11780.92500000085, -8560.130000000156, -6101.13000000061, -19763.159999999407, -3630.374999999983, -4866.32000000005, 509.55500000000575, 318.4599999999954, -1929.1249999998722, 3262.330000000138, -3118.1299999999287, -712.9899999999909, 4024.9450000000206, 2406.485000000049, 8014.164999999554], "2": [-55203.24999999806, -48474.24999999689, -48243.09999999691, -47519.79999999669, -47755.44999999668, -50448.24999999699, -48048.249999997, -49066.62999999664, -49404.699999996956, -48139.77499999671, -46243.29999999715, -44291.49999999716, -48554.049999996714, -49738.29999999695, -48726.399999996764, -51136.599999996935, -50849.64999999696, -49296.549999996976, -47676.399999997004, -49401.999999996704, -49247.94999999706, -50941.74999999686, -44259.12999999726, -50844.99999999672, -48816.54999999673, -45176.199999996934, -56050.299999997966, -48356.52499999701, -39897.26499999718, -49761.09999999692, -48309.84999999692, -52705.29999999681, -47963.524999996946, -48714.99999999715, -50508.27999999697, -48144.0099999972, -45858.39999999697, -46851.99999999699, -48747.69999999697, -51331.74999999673, -43290.39999999698, -45935.949999996694, -56708.7449999978, -49065.9899999972, -53356.48999999692, -56832.944999997584, -51612.579999996946, -55163.544999995545, -47512.559999992794, -44743.21499999416, -47979.48499999516, -42913.78499999126, -49079.48499999101, -37089.664999988876, -37069.65499997926, -39080.23999997594, -36697.724999946615, -42127.704999943795, -34211.16499990744, -42872.30999988516, -34657.08999978317, -32385.464999692387, -29627.159999551346, -39390.89499847376, -29774.169996319582, -8354.83999066165, 663.4000300306811, -3381.109904017125, -5687.384618862019, -9112.848211332439, -5973.405342091616, -4055.6592817017445, -21970.990770268545, -6735.121663479338, -8978.887578430109, -2701.1028688934657, -2840.988917689569, -5597.403429314541, 987.0564975478259, -7310.722953247685, -4599.699286914224, 1221.3817732000105, -302.60516696641014, 7903.596209882147], "3": [-55316.5449999981, -48234.65499999693, -47773.81499999696, -47095.17999999675, -47164.21999999674, -50047.92999999704, -47649.36499999705, -48562.9949999967, -48747.62499999702, -47654.79999999677, -45913.294999997204, -43871.244999997216, -48195.704999996764, -49408.109999997, -48460.814999996845, -50666.469999996996, -50405.204999997004, -48657.019999997035, -47154.98999999706, -48841.73999999676, -48587.23499999714, -50474.74999999691, -43864.354999997304, -50528.27999999677, -48302.39999999678, -44664.199999997, -55464.13499999789, -47974.12499999705, -39474.68999999725, -49200.224999996986, -47771.29999999698, -52123.92499999679, -47519.864999997, -48221.16499999721, -49952.40499999703, -47622.03999999726, -45057.01999999705, -45755.06999999712, -47181.489999997124, -49465.85499999703, -41262.599999997154, -44175.354999997144, -55223.77499999766, -46978.88999999735, -50815.354999996984, -53681.7449999971, -47920.68499999186, -50940.11499998789, -42979.999999961896, -39721.15499988807, -43065.79999974736, -38567.15999937399, -43810.94499830988, -32548.449994316026, -32427.59498407525, -34524.594949112114, -32338.509814437002, -36616.31469107781, -29650.964476172016, -37846.56414276651, -30091.54767723207, -27894.91653902947, -26085.44995354856, -38248.703347443006, -32270.20115808227, -11587.181856122765, -1505.611905389332, -5561.182658178998, -8907.995588980251, -12628.60394922566, -9632.271275760262, -6969.877043348101, -22762.045405486493, -6597.045003998828, -8695.579165809531, -2610.9270290175014, -2569.429034575216, -5174.198584747915, 1200.419088940869, -6904.976937483781, -4332.86896724222, 1466.251332523273, -19.653695487074675, 7681.989090341299], "4": [-51009.849999913844, -42971.21999986765, -42229.83999986724, -40968.85999983169, -41823.33499986286, -44460.20999984873, -42289.60499979496, -42311.789999774956, -43126.77999969192, -41568.38999959167, -40403.65999954278, -38926.84999945339, -42645.70499937209, -44115.62999926344, -42835.36499909485, -44667.89499898775, -44929.66499889533, -43328.12499868294, -41516.43999862411, -43181.98499838658, -43012.86499834568, -44821.20999810064, -38530.52499778079, -44831.17999734211, -42862.26499660938, -39413.73999531001, -49050.26999460543, -42768.19999253917, -34678.23498921892, -43729.21498192886, -42042.74496047365, -46245.444892747466, -41596.189493691505, -42894.21783974822, -45569.93602883407, -44300.04463493577, -42809.32315353603, -43959.88312110547, -46009.44047554831, -48264.15548758807, -41175.001643446056, -43890.89122099158, -54065.14262815283, -44762.64078364696, -53054.92472480821, -56761.62673355134, -51376.03512500715, -55101.76543095351, -47586.840124150454, -45533.15753134152, -48291.50004816257, -43674.846859309626, -49898.18786446086, -37998.170284113956, -38097.19327609791, -40587.598505708665, -37646.61335757852, -43145.63818895869, -35375.279341105364, -44601.68523059624, -36081.690670188196, -33744.629202718876, -31681.036262775866, -42161.57364756566, -33751.81766558192, -11386.8831283341, -1233.442600578687, -5185.71548670751, -8590.947514935995, -12268.471813758671, -9408.657910627604, -7378.414878636623, -21486.75590048745, -5323.602918051817, -7276.297499320472, -1369.0011370105458, -1544.31138906955, -3853.0099923164416, 1744.433435657121, -5561.494287098227, -3258.6500182478294, 2340.7604970279053, 399.3954667618442, 7231.595846479747],