{"1": [-11881038852.351143, -9644134918.226727, -12775800415.706833, -14117942786.475534, -10538896481.58242, -12775800441.442013, -10541269317.205513, -10413843089.60165, -6387459879.619315, -6275308080.275099, -3920216460.151992, -4708896594.982768, -2918263437.581052, -5156325349.29759, -1022280628.3905945, -1887339154.2267807, -153168943.61022133, -1473256509.5573854, -1042087695.5550226, -1911784177.825089, -162788597.81227392, -5103714.774828578, -927013390.7108548, -1497480432.932424, -1506909921.4190593, -951602136.5290102, -2754076806.822891, -940444181.1813545, -1841618442.3310552, -1487247431.8806233, -971097436.0708061, -1026652206.003719, -2390274746.471908, -2345534122.628157, -1020851802.209783, -3746766344.6516023, -1416218472.4496431, -1045322377.7029092, -1944357463.7265797, -2413591931.524742, -2317611747.272631, -579506377.0886036, -1437236301.4173079, -909254499.88574, -542201850.6073065, -1870335049.846569, -134351768.58095568, -1049482701.6939074, -991991906.8576895, -625037634.9678342, -1958452367.713179, -969984447.2892601], "2": [-11881038843.772749, -9644134918.226727, -12775800424.285229, -14117942786.475536, -10538896490.160814, -12775800407.128439, -10541260161.155285, -10413843132.493622, -6377459081.440577, -6157075849.575375, -3799979321.211863, -4496768816.386827, -2762830878.07859, -3714861762.366286, -886342289.6786692, -468633042.75266826, -41342579.62158774, -616123298.9465097, -197905709.59467334, -348918871.91842145, -17274552.33195334, -325833.32436097175, -176178650.19341928, -133955735.92107026, -238548071.6751166, -82028866.51782265, -297328417.45930874, -117333292.05892229, -290022501.4125031, -147690790.42345122, -71537698.7510913, -81059263.67891763, -277759782.7444618, -273587074.2926431, -101796892.7137798, -311288585.93746966, -112117334.8698841, -68138645.27747893, -177126297.28730932, -223717139.1319911, -151816134.66919264, -30502702.825380225, -122372212.69504762, -80188776.18346529, -38495507.96990137, -142244420.95142603, -5609511.388238232, -79691804.73546702, -90281530.2406327, -34623113.598560095, -160930309.8637201, -63550380.64482851], "3": [-11881038834.688993, -9644134901.630543, -12775800440.014101, -14117942818.434368, -10538896490.060026, -12775800440.014095, -10541268981.364048, -10397553115.508667, -6369980543.784277, -6148533226.912595, -3802580523.853358, -4487769078.261746, -2774896794.836206, -4785750098.625084, -900524993.3377546, -917783151.1474196, -68665352.49505928, -1062999478.3553661, -723458573.5588979, -1385501219.986459, -90232629.85474497, -2722124.6479855124, -940945071.2678754, -1409107397.412987, -1418607314.8941417, -897743821.670625, -2671945952.046031, -946053143.8019373, -1927362344.1932628, -1399211763.0799854, -883522429.5868782, -963826304.3828233, -2356748029.5067735, -2331202411.428995, -1007529605.0270951, -3620900333.2936907, -1367873588.4160862, -964403986.7919645, -1942015801.234827, -2328981394.616354, -2245266892.5969057, -520064298.6184028, -1399062151.6633492, -918064121.3093847, -515167162.10603344, -1802859816.7228684, -154458084.01603812, -1005071796.2920997, -953623543.5897224, -556635184.9100221, -1964265658.6681073, -946134280.2460768], "4": [-11881038868.480303, -9644134884.734894, -12775800423.11844, -14117942793.090881, -10538896464.716536, -12775800423.118433, -10541269290.834385, -10413843105.591648, -6387459888.366632, -6275308105.113219, -3472522571.285344, -4652316696.98568, -2869708469.207076, -5071409553.680072, -1010842997.9332707, -1842204986.9727788, -147847233.59975326, -1449616610.7825887, -987918895.1637329, -1868453383.3962631, -125758245.52257363, -3652840.4128229218, -962725846.4442368, -1432609112.5827613, -1472205661.7380502, -874957399.5392239, -2716673016.1512747, -913774003.3984139, -1919685890.2927823, -1432881878.264902, -922890949.3202178, -970804100.4938488, -2414344877.434031, -2298299654.599406, -1042615426.3087181, -3594119906.07584, -1413740048.6349392, -967512104.670048, -1944289819.1412969, -2380381522.7690463, -2243595554.587628, -540418675.1580974, -1402264037.6302304, -889518289.02891, -110913297.98000126, -1784454902.1008658, -127016300.45370622, -892930836.2185405, -937969685.7361348, -493351777.9483708, -1925556999.6415672, -899450767.2539101], "5": [-11881038858.955435, -9644134927.061579, -12775800438.359385, -14117942782.541224, -10538896506.46556, -12775800430.051355, -10517017989.15071, -10401534691.89905, -6354978459.621448, -6207941578.040724, -3843531812.3869667, -4664601632.305173, -2893037936.440289, -5091569353.984987, -1016833696.2901942, -1867639474.125124, -149518140.799916, -1488485722.2614813, -1037426432.7558676, -1911726493.907289, -172298011.88401923, -5402389.80061715, -971750756.2615297, -1499647595.5916438, -1481373028.6368225, -946903163.0495093, -2796624425.3641157, -968848396.8197377, -1946671042.2337658, -1462505463.741899, -980875255.6135029, -1014515302.9810028, -2420767052.555587, -2350064965.3957777, -1045518816.3194606, -3773786171.299104, -1436830938.268034, -1026511427.3544166, -1932724165.5339916, -2406861098.7054324, -2330518565.8611493, -575671667.7186974, -1433474632.3133323, -914907701.2774494, -545311044.0999415, -1882886250.9396713, -154551215.16738608, -1059772160.3419641, -985144011.5038874, -606670503.5690949, -1941392082.4257286, -951748278.0789549]}