{"1": [-82345.99153442979, -75253.99851324558, -83133.99966823458, -76041.99951962828, -77617.99956347347, -70803.59998784066, -66494.69980217815, -26897.099768662454, -11502.797102725506, -11159.89762430787, -4987.085334390402, 9496.52395916134, 5655.796329131548, 9948.53542235419, 10039.638149241731, 9742.962150819414, 11451.630975541286, 12954.862238510326, 13620.485240316018, 13766.031706587539, 15497.791718961986, 15719.05323790313, 15855.565828383737, 17389.931702910446, 15321.43423755222, 17564.82132434591, 18229.023240633767], "2": [-82345.9999999404, -75253.99999995828, -83133.99999997616, -76042.0, -77338.49999992848, -70538.49999950528, -65878.7999999106, -26011.69999921322, -10445.299999457598, -10737.499999779462, -5162.099999403954, 9609.400000071526, 5698.600000315904, 9993.600000500679, 10058.300000238418, 9676.900014436245, 11346.200027400255, 12769.531496578455, 11970.71586611718, 11594.218277427553, 12313.19437345406, 11148.109722267185, 10018.640477071702, 9514.955054277181, 7289.915954755246, 7347.519619563222, 6460.522019318491], "3": [-82406.70002521714, -75357.00569300521, -83198.81503953338, -76145.02105207593, -77589.36567203552, -70958.1573468174, -66966.3504131212, -28282.912023091434, -12663.65455233322, -12495.979545849468, -6436.036479379109, 9154.424304650316, 5322.0517499779, 10111.479243056407, 10789.92025600091, 10191.81274540198, 12544.072714173632, 14611.691495408002, 17123.141940554746, 17605.250303021683, 19794.512946702693, 19898.777728802037, 19628.92387862737, 21061.375117570824, 18614.498242405865, 21250.813638515807, 20310.9546033159], "4": [-82395.03587310298, -75347.40846972485, -83187.73805725537, -76129.27233531699, -77627.23661647212, -71089.75547272584, -66875.7039419006, -28297.44430610037, -11446.950283782873, -11242.529747582832, -6914.025240644041, 7014.293514297632, 5055.2454046993225, 9180.669660067786, 10250.287044633476, 9536.312301089589, 11899.576206417152, 14241.749030012481, 16162.378653478532, 17827.625255621555, 19958.756800802046, 20046.239470202556, 20168.430179817467, 21330.820896400917, 17437.9881010605, 20770.19941858558, 19752.640337429963], "5": [-82484.99999960065, -75464.99999932646, -83264.9999999106, -76244.9999996364, -77804.09999973774, -71104.89999963641, -66695.69999980927, -26958.19999963045, -12087.299999427796, -12276.299999684095, -5893.099999523163, 10561.20000076294, 6620.8000024080275, 11516.900008159875, 11713.900041103363, 11227.500559836626, 13630.484903635084, 15559.613477047626, 18118.662321258198, 18744.593364257944, 20850.8137832945, 20420.18918999244, 20797.634663044766, 22416.224227828738, 19308.883826131972, 21676.803795813226, 20849.79315167141]}