{"1": [199.9711050748825, 199.99841449856757, 199.98089517354964, 199.9982740342617, 199.9986390054226, 198.29746642112733, 197.59980209469796, 177.29863179326057, 166.79541035294534, 180.39016979932785, 175.8851953625679, 171.11939391344785, 167.80407826321897, 161.57932466343044, 155.3243410333991, 153.87510804403573, 151.04231077749282, 141.73403968201018, 106.03465652503073, 98.33058896405855, 89.50554640373448, 77.10821415426908, 62.105870891618544, 47.298793184070384, 39.959228356397944, 31.714138504050787, 26.332369289180498], "2": [199.99999994039536, 199.99999995827676, 199.99999997615814, 200.0, 199.49999992847444, 194.89999950528144, 193.89999991059304, 159.29999921321868, 158.09999945759773, 176.49999977946283, 176.79999940395356, 171.29999992847442, 166.29999968409538, 158.59999949932097, 155.89999975562097, 154.69998556375504, 152.9999717950821, 144.96850252747535, 113.7840403392911, 106.98167332708836, 98.92471598694101, 88.68845991538838, 79.63301088958978, 69.82512884140014, 60.95060613900423, 53.79798922240734, 49.33402227386832], "3": [188.69927895506845, 195.00550204385073, 196.81497265696527, 199.02102750092746, 198.36566311866045, 193.65732003108133, 185.73302390715108, 158.9262454570475, 148.55511999519075, 156.49974229922518, 146.13511648314307, 135.52610186975215, 122.39158651413163, 105.93829382515977, 96.86661288983596, 84.28958062942256, 78.68303301865235, 76.93568456966895, 65.09479851633951, 60.03413376591052, 52.360285692464096, 46.73693850509589, 44.57201116456999, 37.593060807409344, 31.442173735733377, 27.36990037546493, 23.942082542405114], "4": [176.59616245983926, 184.95129554141312, 185.4655584242195, 182.9412929214537, 112.18766666405136, 96.23075658663292, 84.20782531754813, 69.92648778709118, 54.08361211371666, 41.64456568681635, 30.90052590423438, 26.16246012997872, 23.215655564592453, 23.370550930604804, 23.07676554376376, 22.698268516620736, 20.573785181340646, 21.320883271162167, 20.763570461861672, 20.998325194776406, 20.059510191722076, 17.245056978266803, 17.15733354103286, 15.265411791965017, 12.930550416759797, 12.333131503814366, 11.751219333850894], "5": [199.99999955296516, 199.99999915957451, 199.9999997973442, 199.9999995946884, 199.7999996960163, 196.4999996304512, 193.49999978542328, 163.59999959468843, 156.09999932050704, 174.99999968409537, 173.39999947547912, 168.29999910593034, 163.19999754428864, 158.49999175071716, 153.59995703697206, 149.29942920207978, 147.98505378384144, 139.49917599465698, 80.6237753096153, 69.51860773528752, 64.65106963680591, 55.40608656305703, 49.886085204815025, 42.93637763252773, 37.18708508722775, 32.40541743857902, 28.867435766133713]}