{"1": [15.258874215345713, 3.181137263320852, 2.6011277450379566, 2.857943561350112], "2": [163.59998488724233, 2.949885960877873, 2.2643643343442816, 2.494910224151681], "3": [158.2, 93.55, 91.3, 91.5], "4": [142.74998956620692, 85.78268336491892, 84.93219407601282, 84.98882522352505], "5": [24.23510167170607, 4.629238099201757, 3.296079511127027, 3.4457953031072974]}