{"1": [5490.554911057488, 22863.737872433245, 25986.645596819224, 21224.91884952273], "2": [4381.190001511213, 19728.561596813277, 23606.276973056705, 18798.353477164696], "3": [3897.8799999999223, 11466.294999999678, 12755.71999999965, 10421.74999999968], "4": [4441.625001043316, 11278.021731663392, 12439.706780592269, 10181.10111747754], "5": [3510.1449220578515, 16358.166414227453, 18504.130800605606, 14978.520398651763]}