{"1": [-79589.00500000315, -82224.30500000363, -38734.68999999884, -47571.08499999856, -41260.60499999923, -36754.43999999897, -34686.65999999916, -38605.54499999906, -35256.25499999912, -33620.67999999928, -30775.91499999898, -25053.384999999507, -29198.284999999327, -26786.31499999909, -26535.35999999934, -27843.35499999936, -23294.21499999963, -27062.87499999939, -25327.144999999506, -30274.69499999936, -23256.6849999995, -22923.184999999616, -20437.92999999977, -24441.984999999353, -19936.64499999984, -19114.489999999147, -20408.789999999884, -17461.624999999556, -16219.264999999603, -14934.900000000107, -13606.239999999802, -17925.63499999958, -17554.064999999577, -15792.589999999695, -15441.855000000065, -13763.294999999769, -18559.494999999646, -15550.794999999678, -15788.664999999985, -13676.544999999867, -14961.060000000012, -16472.364999999663, -15724.649999998495, -13309.324999999832, -11971.829999996848, -15116.849999999959, -13420.765000000078, -15489.314999998853, -12696.155000000128, -14794.329999999787, -13126.959999999235, -14644.444999999821, -13829.364999998084, -14219.989999999458, -10514.654999998947, -13809.814999997447, -11390.304999997448, -13629.184999999203, -12605.844999999234, -10650.804999997727, -12425.579999993899, -10328.70999999806, -12534.609999996588, -16031.959999998822, -10760.374999999205, -12884.769999995106, -14465.579999993997, -12126.489999995982, -10716.74499999445, -6922.96999999589, -10836.964999994798, -12518.114999997424, -11015.729999987594, -8563.519999995307, -8192.814999993836, -7763.334999989636, -7049.459999983982, -9086.604999987863, -8197.999999987875, -8465.084999965782, -9793.02499997443, -9507.149999982485, -8005.554999968775, -8504.029999981025, -7515.374999950584, -8407.699999965176, -9149.294999953585, -10353.944999947926, -8093.204999964338, -5433.819999988989, -10282.479999962532, -11120.159999953334, -6522.014999958936, -7009.464999940457, -5224.859999928207, -5518.644999930283, -10700.389999907407, -6699.929999934485, -7756.129999910384, -7753.904999899331, -9477.714999865679, -6999.399999915977, -7624.684999874301, -7432.1049997872515, -4680.324999800656, -5764.739999853987, -4475.824999752656, -6497.804999827503, -2703.4699995121327, -1113.2849997827395, 164.48500037342325, -1303.7299995964736, 820.1050005877014, 933.7450006130323, 1665.0050006896313, 2438.825000677115, 2092.0700012156385, 2274.745001386406], "2": [-79715.54499999838, -82355.71499997863, -37903.229999892086, -46100.45999996575, -39930.24499861183, -35146.63999980676, -32581.634998071793, -37155.25499978632, -32478.9399998828, -33411.8899997667, -29025.184999981087, -22811.619999949868, -28550.054999409087, -26372.569999989348, -24981.50499940678, -27473.374999807973, -23219.789995508996, -24704.844999953042, -24868.164999675842, -29160.65499990578, -22836.154998700127, -23046.02499907189, -19226.779999992526, -23850.96999993363, -19567.504992058384, -18585.29499995477, -20271.22999794551, -17376.2549991497, -15100.159999913274, -13625.029999803515, -13035.09499983412, -17987.47499889038, -17689.019997810556, -15709.32999940874, -14993.824999538201, -13056.244999474102, -17881.544999715803, -15152.20499951633, -15309.009999882337, -13372.679997673491, -15188.1949986062, -16041.629989863508, -15256.764960933064, -13114.78997530683, -11491.004994162748, -14324.29999863329, -13150.439994182976, -14559.689980438674, -12464.14475428534, -15229.914998355878, -12782.099996694149, -14431.179995891915, -13408.019998281368, -13632.434850501284, -10625.279931961091, -13916.61499250036, -10720.917206699969, -13144.2496659259, -12204.704825595732, -9864.493343418288, -12294.4896493726, -9805.57569356219, -12101.669035927804, -15675.15129514896, -10909.009425726308, -13008.167188485038, -13686.628669680791, -12031.653793515656, -10344.914417238966, -6731.632008597863, -10681.66418341913, -11968.711045295622, -10826.12260225013, -8493.079930342396, -8258.642998075793, -7208.885934883763, -7401.202457237574, -8744.773516774598, -8694.717961733613, -8419.009689288567, -9650.326152582427, -9614.952513562046, -7859.905407471092, -8796.35404689981, -7329.508069420709, -7922.729705387127, -9010.37396759961, -10203.348205703402, -8538.965614491179, -4760.843771101335, -9561.779198278917, -10980.03107781164, -6681.618288450547, -6939.0903006903445, -4850.83896069024, -5471.212494910365, -10783.152570042952, -6729.120084904937, -7802.795170236568, -8069.780441312815, -10186.331102911954, -6995.03015299098, -7896.754178896566, -6586.472047128007, -5049.018468967117, -5926.158268350666, -4587.0018052444175, -6370.579539697708, -2582.9207930345037, -1011.3454220783342, 201.5782550567385, -1384.3438852421932, 1042.1760199966502, 814.8070287739124, 1408.6806192501995, 2512.1584021987064, 2306.6612574828087, 2311.6330987036595], "3": [-79610.31000000316, -82302.4833696631, -41167.54564815848, -50465.61350186428, -43735.22937155336, -39148.115397616086, -37306.29402565727, -41086.167699891994, -37644.617124720506, -36916.17421958635, -33271.60193545775, -27002.82704900662, -31875.29914741533, -29289.514331394836, -28601.051844239882, -30774.262324262294, -26325.04933866967, -28795.535919186786, -27234.118656981107, -33125.05954353694, -25914.74266764212, -25269.042396174824, -22475.37655596254, -26949.779755123316, -22351.08897652085, -21207.878241550745, -22783.940952094687, -19811.08609724629, -18157.36687545887, -16876.684256191864, -15855.829795117988, -20153.91961072051, -20308.295117912457, -18023.733490061008, -17724.613165400977, -15712.01303087125, -20860.87611674187, -17496.698952212602, -18001.453047926992, -15577.99793879125, -17886.92865045813, -18591.286975739822, -17760.92199318932, -15439.924049879197, -14103.512616091039, -17365.467644592096, -15859.115928376874, -17664.73859576216, -15051.599525857036, -17315.565423186672, -15286.722295047264, -17252.35068253264, -16086.933810677709, -16582.408605162083, -12742.915988358898, -16204.861381058665, -13481.617270493003, -15714.172362510062, -15040.322143505478, -12417.87027968376, -14677.272254870433, -12478.542839723623, -14591.109208907943, -18612.520103497234, -13199.754713955812, -15183.771321066684, -16669.151592031638, -14320.622682203375, -12631.129072651278, -8872.194923794228, -12710.137396861768, -14713.90535561457, -13223.56935007277, -10808.198879310732, -10196.878751501705, -9677.560327353538, -9089.034247153575, -11150.03103595755, -10423.956363482292, -10538.036739217674, -11992.44247402065, -11556.177536118183, -9856.26987779668, -10988.904402833317, -9268.863122026803, -10421.074953782823, -11011.716840640855, -12526.812820437437, -10386.432337926934, -6930.496788024246, -11934.692086051513, -13460.130431751077, -8766.906324105115, -9445.597221883414, -6744.9730431469125, -7346.67290087466, -13279.152802400456, -8524.761319394933, -9878.162590621254, -10048.66376195138, -12106.842986355065, -9246.569256569877, -9810.997398037882, -9113.07300526661, -7032.126197474108, -7700.004743585186, -6621.660826677416, -8647.39963121229, -4480.183954088832, -3024.952898031772, -1818.7093232981376, -3434.500776956412, -974.6915074032543, -830.8611421361489, 117.6032453299016, 1397.452837983933, 1059.116090756182, 1141.8978934003005],