{"1": [200.0, 199.95, 184.6, 183.15, 184.5, 177.95, 179.75, 183.0, 177.45, 176.65, 174.34999999701978, 177.55, 177.15, 176.19999999701977, 174.85, 175.0, 177.3, 174.75, 172.95, 177.95, 174.1, 175.0, 172.5, 174.54999999701977, 176.6, 172.34999999403954, 175.35, 171.64999999701976, 166.29999999701977, 167.95, 167.59999999701978, 167.34999999701978, 168.64999999701976, 170.94999999701977, 172.05, 167.44999999701977, 172.34999999701978, 171.89999999701976, 169.0, 169.89999999701976, 169.9, 170.69999999701977, 166.89999998509884, 169.99999999701976, 164.44999996721745, 166.0, 168.4, 170.79999998807907, 166.45, 168.09999999701978, 167.0999999910593, 169.54999999701977, 165.59999997913837, 167.44999999403953, 161.79999998807907, 167.99999997317792, 163.49999997317792, 167.8499999910593, 166.8999999910593, 160.39999997615814, 162.89999993741512, 165.49999997913838, 165.74999996423722, 169.04999998807907, 164.7499999910593, 160.24999994933606, 163.74999994039536, 166.84999995827675, 163.2499999433756, 158.59999995827675, 162.69999994635583, 166.34999997317792, 161.64999987483026, 160.49999995231627, 158.09999993741513, 161.64999989569188, 157.24999983906747, 158.69999987781048, 157.79999987781048, 155.94999965727328, 158.69999974370003, 159.6999998241663, 160.3499996870756, 159.99999980926515, 158.49999950528144, 160.09999965131283, 157.69999953508378, 161.24999947845936, 156.34999964237213, 154.4499998897314, 166.39999962449073, 159.09999953210354, 157.99999958872795, 159.34999940395355, 152.84999928176404, 153.69999930262566, 166.04999907314777, 160.1499993443489, 159.7999991029501, 151.3999989926815, 158.39999865591525, 155.1999991595745, 156.149998742342, 157.44999787211418, 154.59999800622464, 156.6999985396862, 157.14999752640725, 157.39999827444552, 162.84999512135983, 159.4499978274107, 162.399996265769, 162.69999596476555, 161.84999412000178, 161.14999386668205, 158.2999931037426, 155.24999322891236, 152.94998783171178, 146.94998611807824], "2": [199.99999995231627, 199.9999997496605, 178.59992583692073, 178.19999776780605, 179.94998608529568, 172.69998897612095, 170.14997949898242, 177.7499860316515, 165.34992591440678, 175.19999458491802, 165.89992695748805, 168.34999474287034, 171.94923821985722, 172.8999998986721, 167.59999407231808, 172.09999808073044, 172.69995124042035, 163.99999754726886, 169.6999967634678, 174.44999904334546, 170.3499868929386, 172.7498787343502, 165.4999997884035, 170.199992236495, 171.19992057085037, 169.94999954104424, 173.3999762326479, 166.6499910503626, 158.4999938249588, 156.59985391795635, 161.29999417960644, 162.39990507364274, 166.49997756779194, 168.79945249259472, 167.2499944090843, 158.69988651573658, 166.09931900501252, 166.89998975396156, 163.49999744594098, 163.4993587732315, 166.79997641146184, 164.2994848012924, 163.79943877458572, 165.6997507661581, 156.69994154274463, 158.54982794225216, 163.3499087572098, 165.69980317950248, 160.49754285216332, 165.29955281317234, 162.59468059539796, 166.59518213272094, 159.91971195936202, 162.49757652878762, 159.4992983788252, 163.29864840209484, 156.5121561177075, 161.4725314276293, 160.4481719762087, 154.08006955981256, 155.6964915972203, 159.60456309318542, 159.62996761873364, 164.46151892794296, 158.54966901242733, 157.1569378728047, 156.55631472840906, 162.77855369448662, 157.63143177628518, 150.91159886717796, 154.0506702207029, 161.1414618834853, 156.56387800090016, 156.5608333563432, 155.06772360187023, 154.75595815852284, 152.2459120362997, 154.87980602611788, 155.07201382480562, 152.59679440930486, 154.2503637571819, 154.27452360838652, 153.9169102579355, 156.00972100906074, 153.72141824411227, 155.9495885178447, 154.47283788882197, 160.5230855062604, 155.93942991830409, 147.4863457687199, 161.4736550666392, 155.3817047668621, 155.47218475304544, 155.73226877525448, 147.3387660715729, 151.8804571300745, 162.5362933576107, 157.12638369323685, 156.99625710248947, 149.13910255432128, 158.7356884288136, 152.9445842459798, 153.65280593596398, 151.59199749566613, 152.11113978666253, 154.37318945229055, 152.01472208146006, 154.7781747315079, 160.65763236954808, 158.45117537931657, 162.36210682168604, 162.10238036066295, 161.33828820339403, 159.96469977609814, 156.95477653034033, 154.6704399973154, 149.42632105307422, 145.80766406022013], "3": [200.0, 147.35901886392384, 60.24655566423753, 56.86245649844059, 58.08505368689803, 57.09911509651283, 57.34492897104938, 57.411330434712, 56.01566884072527, 54.331692117899365, 54.85925489864021, 57.184072485516666, 54.52319084803166, 53.02459853698965, 51.54740591546433, 51.31707715003286, 52.148669376679756, 50.672152347124936, 51.67875752951513, 48.527436130540444, 49.385249992836904, 49.1680416475705, 49.08246244789916, 48.54244205869327, 50.267609625520706, 47.94260689166695, 47.18436267909565, 47.10158630277438, 44.69852783500246, 48.17362946579233, 46.17053051579715, 46.31351634541206, 44.4590186979578, 47.43056953827181, 43.38926285027992, 43.42446403786162, 45.803645791942834, 44.94901868840243, 42.963264452692236, 45.11706853321666, 43.99885061115492, 42.42377775354835, 42.854903307114725, 43.89477992632601, 42.906437486122016, 42.19786001718312, 40.74438084067369, 42.57986012384354, 40.35106629677175, 41.958320648265364, 42.01072965332278, 40.97235472487955, 39.91229345381289, 40.591165851178815, 41.02846440825233, 39.68604779396119, 38.91088371064397, 40.64216649481095, 40.08764577129041, 37.974728362791936, 38.879800341805094, 38.08871384754457, 39.030265828283156, 37.933834418450715, 38.9937944074336, 37.717438859323735, 37.374839292174144, 39.35448294029484, 38.04144853547477, 38.26821533645561, 37.54438905630377, 37.070926216905356, 37.15879790739855, 34.51641780725913, 35.33292103241111, 35.96720422918297, 36.17519658939418, 32.89401880554069, 35.154412422858876, 32.151122450687396, 33.87078450330737, 33.212331663179796, 34.64415141450009, 32.540929418340966, 32.746325776391316, 33.67346930938802, 33.46280909856432, 34.7946887657512, 29.719105192870483, 31.809952645454906, 31.844504203704126, 30.672459176697885, 30.01903756795364, 29.71947752930282, 30.209831285732797, 29.136654449242634, 29.828588756867976, 29.766726843090147, 30.768624409065524, 29.728159852550014, 28.917142458636953, 27.278885691412142, 28.7993525001526, 28.011167069607474, 27.18722003956209, 26.94069827208441, 25.922640684783982, 25.693443790126185, 29.993726025016805, 28.731934519878997, 29.591383390361443, 27.613025444980302, 28.936500921777043, 30.339298391634657, 28.66741389344825, 28.90591383289284, 28.7295491663157, 27.7676807549331],