{"1": [-51963.799999761584, -47320.29999911785, -56903.49999845624, 10909.700071537494, 7049.300150471926, 8211.500417393447, 12856.292108332487, 14231.73164349065, 17077.58502590219, 19326.395447620496, 17036.398387376852, 15562.901489787331, 16073.699617067357, 15311.455316863294], "2": [-51935.16640261266, -47291.34108403763, -56875.65873121236, 10058.829844337703, 6802.529798603058, 7669.113082641363, 7723.206308585405, 8081.2081213533875, 8109.617585241795, 8357.475036698579, 11033.018653977266, 8508.950957165634, 8256.617627315758, 6947.48530644906], "3": [-51754.39993249178, -46695.99975153208, -56291.76541889012, 13339.461013708555, 8801.002108495217, 11218.599501517188, 18058.773006041687, 14946.912837744152, 18944.455039699966, 21008.354565016318, 18349.397703335177, 15735.450030369266, 16089.323841833908, 14610.326539475389], "4": [-48645.67008055448, -42692.13396257162, -56658.3972215927, 10243.571055685217, 7140.130177651375, 8510.530642372392, 15409.981134763962, 11276.982101474743, 16421.110683737323, 19024.476473258102, 16976.114612756344, 14238.25593946064, 14030.076185686445, 13757.578224663648], "5": [-47947.790492498876, -43632.03349840641, -46538.11328089833, 14309.116939415491, 9575.582513451158, 12171.561590463292, 18967.51170061518, 14663.657560901836, 17739.777320301473, 19387.227804560443, 17778.69949527322, 15149.862421185146, 15150.261211504301, 14268.618481692392]}