{"1": [-10986277271.838657, -13223181223.119864, -12775800432.863617, -2436638934.004555, -1962826347.248365, -2879411545.309778, -5633380663.368354, -4249368574.858284, -2795824619.957325, -2380692351.6237397, -5144110523.624529, -4249980081.2508116, -104479475.18248041, -15097024.719734713, -4593680.905725946, -28113480.46194781, -543208818.3062935], "2": [-10986277280.417055, -13223181231.698261, -12775800441.442017, -2436615224.505657, -1962700379.4766476, -2869237957.7659597, -5628218219.472385, -4234611201.1335435, -2795820225.8760304, -2380163573.087151, -5143674195.228155, -4245183996.6930594, -95575262.85395627, -15050929.064842707, -4179021.71922151, -25296428.35341478, -530776610.06475747], "3": [-10986277254.707346, -13223181204.661425, -12775800423.11843, -2427476182.0775223, -1909822189.79861, -2672699752.3766994, -5373647369.463137, -4050009937.487957, -2656399017.026347, -2239442663.5515227, -4815867732.30197, -3983290385.395285, -84619769.1378913, -9298228.657340733, -1999957.0369531345, -7980003.580063628, -463840855.8530569], "4": [-10986277288.498661, -13223181213.109264, -12768529079.391047, -1979853765.9543834, -1096117885.057489, -2325954259.944726, -5361844517.553987, -3994128845.802289, -2630187721.7831793, -2223382708.4015265, -4786377478.324899, -3972319765.956687, -105368659.40288723, -13520323.777243648, -3297410.133571244, -17920716.839984473, -504155867.8609005], "5": [-10986277279.551468, -13223181211.445312, -12775800421.743328, -2435659591.9072027, -1959959527.698157, -2864591637.7803435, -5570041255.768932, -4172400263.432177, -2719210735.9422374, -2301174630.3464923, -4934467594.978924, -4124848897.8983293, -114635766.35850258, -12353110.257292023, -3766155.233128771, -23300130.33109331, -252786925.31758958]}