{"1": [-77785.45000000336, -19701.809999999452, -15060.934999999783, -21053.814999998536, -22763.074999998476, -15660.079999999774, -11287.830000000682, -15648.900000000367, -18717.37999999975, -20332.5949999988, -18577.719999998844, -18488.374999999014, -17184.474999999475, -16108.134999999627, -15459.650000000187, -12019.385000000842, -12016.925000000816, -5495.175000000601, -14594.040000000168, -20042.1049999991, -7435.090000000679, -5542.615000000218, -11729.015000000742, -8797.250000000882, -8810.200000000314, -9234.845000000696, -13789.085000000594, -8270.79500000027, -8976.775000000436, -13191.370000000514, -6360.455000000281, -10438.730000000376, -14526.250000000151, -7311.635000000375, -5242.775000000382, -12231.410000000506, -5662.9200000004885, -10277.30500000087, 452.66500000004345, -8355.290000000412, -4838.600000000076, -5640.365000000256, -3569.865000000295, -1477.9349999998637, 1348.7499999998759, -3677.50499999995, -10268.394999999182, -6580.0199999960705, 2216.050000020104, -4515.184999958552, 789.3700001204547, -3212.914999685512, -1328.9399993826723, 848.9550014227977, -5312.804998607418, -3753.6349984366475, -1430.4949981044615, 5971.250002326711, 11758.445002730054, 16194.040003249786], "2": [-77785.44999945795, -18111.104987889797, -13951.504983495843, -20373.399988111963, -21593.03998310888, -14857.229985280335, -10575.86998523908, -15032.849981671727, -18411.474987485737, -19460.94998454831, -17377.124985387858, -17595.544985210836, -16258.689984941064, -14729.27498679775, -14560.56998116941, -11355.944980059809, -11553.349981997244, -5133.654981463251, -13869.909980775894, -19037.58998483429, -6971.874978804412, -4572.799978990295, -11048.84997607723, -8293.749976686477, -7871.374974210799, -8405.089979983624, -12447.044978670408, -7541.144971636679, -8355.714960824815, -11770.469964693648, -5549.264944071566, -9136.754923328725, -13600.024819364966, -6614.463293707256, -4479.268331998413, -11376.899736894882, -5849.71183202873, -9267.375885464913, 486.3625696999414, -8957.475933318141, -4229.723679608074, -5551.475402666077, -3065.145569535377, -1556.6594542687112, 260.36397191030477, -4228.849018029714, -9922.987685511707, -6440.58328691695, 1529.8981761491461, -4335.134374565548, 618.1411473558982, -3789.438237626387, -2011.5289687370405, -187.97554395418325, -5564.633958282203, -3761.872401365443, -1901.7476807676971, 5955.443075913919, 12144.25493461335, 17459.18303735207], "3": [-77880.60000000335, -21084.385124696524, -16454.101517643965, -22342.39997520252, -24805.729408929205, -17148.134138391222, -12861.017029289304, -17348.06269897152, -19922.668546903682, -21805.590802606548, -19743.02355480887, -20037.314032453673, -18574.02657095386, -17193.200200698826, -17151.545494616857, -13065.976996457794, -13566.721756764164, -6571.353396445775, -16221.348360605509, -21572.61368394077, -8450.507650991032, -6375.817346819994, -13534.59375242528, -9858.66251426478, -10565.763793134827, -10445.01014558077, -14788.47281285694, -8820.73194001595, -10196.586109726999, -14460.657106242923, -7437.265973956528, -11560.380598300238, -15509.69343514803, -8478.798682174955, -5868.32537789401, -13358.838512160379, -6735.2968739827, -11701.363870241808, 471.1947619096394, -9285.862638907029, -5674.106477891385, -6667.381894729491, -4720.093538579595, -1870.5201684556582, 1007.4912411082853, -5010.428079749996, -11668.031464097256, -7093.72063996778, 1770.240722647904, -4685.2482088428205, 392.01482442515373, -3730.4337522073256, -2175.150518781399, -356.71350976147914, -6525.527653909761, -5121.002193288408, -2455.8133877904047, 5302.088151526927, 12228.461054283878, 18675.32397015536], "4": [-77880.60000000335, -18693.228803357928, -15344.072904163386, -19528.022049053987, -22164.711812672693, -15841.638953482348, -12022.91396576193, -16762.441168859452, -18883.4080144501, -20064.066573534717, -17669.97245282942, -18187.811756051797, -16033.833401473854, -15423.368392118611, -15643.304919204102, -12577.965096746299, -13168.084840650035, -6091.338564501949, -15067.89608608199, -19698.94528593976, -7416.065709585118, -5488.2076234258475, -12197.53030882468, -8973.873535302404, -10213.369157879486, -9849.500415090219, -13166.434404021415, -6970.479198297822, -8656.292606590827, -13078.423449231603, -6306.132956356636, -10433.451098391937, -13544.435044405502, -7360.335339284831, -5323.254200150177, -11977.752379383892, -5653.341917508128, -10269.612640323032, 811.9678233564647, -8349.36046318486, -5670.566320920107, -5610.328206700753, -4365.896769604818, -1802.0788962771007, 1639.8744348033601, -3274.3408708231445, -10458.725239672447, -5908.0081226454895, 1769.9092915762099, -4280.474598842919, 639.0436113438, -2653.576296430446, -1477.1449411144843, 240.93657245511, -4696.180821056757, -3784.018548933634, -1429.9173950625818, 4367.612578240126, 10089.615260607312, 13237.091787836223], "5": [-77968.74241555529, -21098.76945356131, -16629.393020541207, -22262.020126070533, -24477.75494709912, -17111.562226407852, -12337.24119494725, -17062.91191858654, -19609.81522165244, -21607.655888818772, -19660.65852912512, -19820.302320468974, -18704.760375782418, -17297.913043677345, -17669.52459965005, -12757.190825182797, -13821.848875583257, -7177.718157191494, -16186.375421867371, -21081.727422760203, -9416.449082999969, -7112.467458909038, -13842.064791719604, -10106.40210121102, -11036.985551548823, -10448.481564086138, -15056.711173437416, -9538.735977061971, -10856.731096544858, -14415.055709105145, -8229.140774028065, -11732.838263876703, -15569.192734085209, -9279.482239396999, -6376.701458609024, -13636.096276808254, -7810.58993931454, -12196.279845126892, -975.193037328075, -10013.84188282369, -6628.580435274341, -7967.830831772803, -5785.484821811981, -3381.0168868664136, -849.0533537907957, -6833.794100974259, -12469.012304631407, -8131.727767046873, 34.091780431365024, -6026.029956852385, -1180.5126031827845, -5115.005781331001, -3602.239014211522, -2063.490802593401, -8184.535448867059, -6662.691412168913, -4498.845160795263, 3522.990986627523, 10086.118275561725, 16322.862294191418]}