{"1": [200.0, 182.6, 173.85, 182.15, 182.75, 178.8, 180.3, 180.5, 181.8, 184.95, 181.7, 183.25, 181.75, 182.85, 177.5, 175.35, 177.75, 176.25, 178.4, 183.55, 181.4, 171.65, 178.15, 179.0, 175.0, 179.45, 177.85, 170.95, 172.75, 181.2, 172.55, 177.8, 185.5, 176.85, 177.75, 176.6, 171.7, 174.05, 161.35, 171.4, 169.0, 166.15, 169.65, 160.85, 164.0, 167.04999999701977, 173.94999998509883, 172.19999995827675, 162.49999980032445, 168.84999957978727, 171.79999879598617, 167.149996855855, 170.39999382793903, 167.4499857723713, 172.54998607337475, 174.8499843657017, 170.94998104572295, 165.49997673034667, 164.54997269511222, 152.59996750354767], "2": [199.9999874651432, 172.04986202418803, 166.04979408979415, 177.49984084665775, 175.89980011880397, 174.29982083141803, 171.19980067312719, 174.49977545440197, 177.74983863830568, 178.49982570111752, 172.74981449246405, 175.9498157531023, 174.8998144954443, 172.7498288720846, 170.19978280365467, 166.94974772632122, 167.49978447258474, 163.54976078867912, 168.59976126253605, 175.39980627596378, 174.74973860383034, 159.99972668290138, 169.499710598588, 169.99971097409724, 164.74969326257707, 168.89976822435855, 167.44974213838577, 154.449634501338, 159.14955089092254, 168.19954145550727, 153.64931252896787, 160.04903435111046, 171.74766936898232, 164.62890976071358, 158.5162263035774, 153.42687918986195, 141.43300029813545, 141.73314094116213, 124.9643702770467, 139.57241294853156, 133.4698503609514, 129.58297299747355, 137.30130841008503, 116.92156465566659, 122.11276889640722, 132.2334224058315, 140.2410550064291, 136.63513119136914, 116.85032384983205, 136.22537375616957, 131.40534728023778, 125.74338968236698, 126.56004555155523, 120.54264015362715, 139.6936110077542, 142.49381254401814, 135.73399175056255, 127.35693844420021, 124.29817118090577, 114.02432530424849], "3": [200.0, 8.572406179635436, 7.693150487927778, 7.6760394616736445, 7.9709656385093695, 7.510837087061373, 7.3593652613184535, 7.337397420489287, 7.329446990779251, 7.6156251359730955, 7.422236382807023, 7.312486218973936, 7.4162580097006865, 7.181199956785713, 6.645362255447253, 6.969801307325542, 6.894683111223276, 6.725834876844601, 6.661577662365744, 6.836123104477883, 6.740452146793541, 6.354333605586726, 6.593104905450309, 6.288116475139395, 6.305855086275551, 6.228716410124616, 6.372784944662999, 5.982334032737708, 5.995633379198262, 6.234036596112128, 5.835862185842416, 5.931834359515051, 6.0720477891794875, 5.604761755795335, 5.871970762517594, 6.0033473077317465, 5.622214335037279, 5.778103594420827, 5.172679494624026, 5.774865592518472, 5.688404773760704, 5.459912996037747, 5.568802440931904, 5.329510571199353, 5.219669080637686, 5.441969382618845, 5.45385555815883, 5.332874272222398, 5.236572361845174, 5.1127144696860345, 4.959646322330809, 4.9500321461033305, 5.1123820563530895, 4.740207283699419, 4.8823807932974885, 5.140528075238398, 4.729141569044441, 4.713681819134218, 4.484820633650815, 3.876106167639955], "4": [200.0, 150.28803358021688, 131.22904163534696, 151.72049054708913, 141.6181267351436, 142.38953482710494, 139.63965761635046, 132.91168859549072, 142.5801445027755, 145.1657353503295, 152.22452829883986, 146.1175605227414, 148.3340147390496, 151.18392118827325, 138.5491920400309, 132.65096746048948, 137.34840649970866, 140.38564501651126, 136.9608608191367, 147.95285939951864, 145.65709584846917, 140.0762342568458, 133.30308824423992, 135.73535302085074, 136.69157879322591, 143.0041508996641, 152.84404021113733, 149.29198297728436, 140.92606590673387, 148.23449231388366, 143.82956356604262, 148.51098391813866, 159.8504440522782, 143.3533928469129, 143.04200149998942, 150.02379383712105, 140.91917507980688, 140.62640322771912, 140.82176643544955, 141.1046318473469, 133.1632092002372, 135.28206700730516, 134.9676960479992, 129.78896277126333, 136.25565196636745, 137.90870823153236, 141.75239672248426, 139.5812264541164, 132.90708423820178, 141.2459884280717, 142.0638865620931, 137.26296430463844, 135.94941114513784, 129.1342754488607, 140.8082105673413, 139.18548933001148, 134.67395056339737, 123.37421743156737, 132.3473938188312, 121.08212151784392], "5": [179.92415554567705, 146.64873476000503, 140.1632693427993, 147.07116906684823, 139.84241950031281, 143.54394771080698, 149.63524047087995, 145.30896520567768, 150.80103113672666, 148.95670976556138, 142.47987397329706, 144.72437611058703, 141.78601790251122, 148.38931794234668, 136.72226647744392, 145.353362680634, 141.9312048650667, 142.8974830025807, 141.05563576068963, 151.69908676375053, 143.18889805826475, 141.90332538448274, 138.0522236079516, 143.1573243714578, 140.82866206255275, 145.2082812964436, 142.76707553947344, 137.3354834967162, 132.8302638624882, 143.98028633129434, 137.31445488308526, 143.9007651351334, 145.6862463291938, 135.79715329211612, 146.17792337211432, 142.79850118438335, 135.01399403044488, 137.43350897283526, 125.93138986630365, 131.35131554912806, 134.82500974496799, 124.12698116351967, 133.24076083734107, 123.72061313701124, 128.1194287418475, 121.74045542728273, 134.47851937766973, 137.2384321011341, 124.72070009332965, 134.74050082671747, 130.75356824735064, 128.70280372164854, 127.9122486226086, 121.20075053164328, 121.8275814864086, 116.23226867927005, 106.22481567870709, 92.38968688869791, 76.30271369274415, 49.93179661918548]}