{"1": [128.45, 105.25, 102.75, 102.45, 103.25, 102.55, 103.3, 102.4, 101.2, 102.3, 102.75, 102.75, 102.0, 101.8, 103.05, 102.25, 101.55, 100.9, 101.0, 101.4, 102.5, 101.6, 100.8, 101.95, 101.6, 101.15, 100.75, 100.65, 101.25, 100.95, 99.85, 100.35, 100.15, 99.7, 99.9, 99.95, 100.65, 100.65, 100.5, 100.35, 100.95, 101.0, 100.55, 101.75, 101.15, 100.05, 100.5, 100.15, 99.9, 99.79999999403954, 99.64999998807907, 99.59999995529651, 99.84999992847443, 97.49999978244304, 98.4499996572733, 97.89999969601631, 93.79999948143958, 95.09999946951866, 93.59999946653843, 92.94999962449074, 90.04999959468842, 91.0499996483326, 88.29999968111515, 86.14999963343143, 84.54999976158142, 85.09999960660934, 83.14999980628491, 82.49999969303607, 81.19999946057797, 83.09999944269657, 80.3999995201826, 80.1999994367361, 80.34999919235706, 78.79999903142452, 77.04999903738499, 79.19999913275242, 74.94999858736992, 77.39999861419201, 74.49999841451645, 74.3499983549118, 71.59999776184559], "2": [16.948037955853216, 5.938282255551894, 5.720425531273941, 5.702590392030833, 5.543496962018253, 5.378305735280446, 5.445561195982736, 5.322570783826814, 5.08391409850592, 5.132313901199086, 5.256055225007003, 5.405051844820264, 5.346787154793856, 5.06638420047093, 5.116546656146238, 5.021719915494032, 4.943469844400534, 4.955570021993481, 4.659222397270787, 4.8866591298181445, 4.869382859692268, 4.597245651773119, 4.757245475712989, 4.3861927368852776, 4.338749476238445, 4.45790356995567, 4.308254728747125, 4.286380885621474, 4.481205588900775, 4.292741579952417, 4.2226722776264065, 4.31500225651107, 4.1134478921725535, 4.161473564960761, 3.9788468380778794, 4.2356319028927825, 4.200518458231818, 4.183148265152704, 4.009701346362999, 4.189508537402435, 4.0210582396248356, 3.9819702321095973, 4.115986710011202, 4.085455688925867, 3.7906855428940616, 3.926507681174553, 3.80265878567734, 3.7788314333360176, 3.7012532643580927, 3.6640044824802316, 3.844461588014383, 3.707900581951253, 3.7277907066600164, 3.734352204641618, 3.7038079240650403, 3.6680764963486583, 3.82581592931092, 3.6632625630227267, 3.8296944687710495, 3.8103317524553857, 3.664122004770616, 3.542944810901827, 3.74683446775598, 3.5090594404842705, 3.4556082380979207, 3.6775440825818806, 3.639566686686885, 3.3091409931250384, 3.3633316168110468, 3.563182967899775, 3.3467751506643255, 3.3150857714310407, 3.256765814361279, 3.191880644360208, 3.445084641248104, 3.272088631283259, 3.3202067949052436, 3.1142375073060977, 3.1859707266674375, 3.0980634313542397, 3.0368098301885764], "3": [33.572443079281946, 9.228430729916727, 6.017427615163615, 5.996819877176312, 6.052432094619144, 5.938644392957213, 5.908977179607609, 5.866047351234011, 5.612439159727364, 5.738221873575822, 5.899662445386639, 5.769158805649203, 5.779384578886675, 5.663559690257534, 5.695958986367623, 5.537337229307741, 5.430903779584332, 5.359732580817945, 5.422641056303109, 5.228676834524959, 5.338821130420547, 4.9786413756926775, 4.961459821397147, 5.314545904209081, 5.295398214017041, 5.048340381063463, 4.877942155000346, 4.951055456124595, 4.986038156463474, 4.948499002457538, 4.595725874759955, 4.792230682380614, 4.463432573419413, 4.616757264678017, 4.639317432102689, 4.828273386196815, 4.535552991056465, 4.518988844921114, 4.437228319805581, 4.327586236438947, 4.502678212833416, 4.5799186213553185, 4.317937277723104, 4.560782187826407, 4.429678335238714, 4.376320693503658, 4.201569449070666, 4.243009528271796, 4.109877295799379, 4.222102794266538, 4.142397262022132, 4.32473030971596, 4.3622119707957605, 3.9250067128887167, 3.9250044936314223, 4.141698497679317, 3.859715287333529, 3.8044301885849565, 3.9919729123474097, 4.042005918560608, 3.947632134176092, 3.9446668662363664, 3.9417007217387434, 3.7462555056787097, 3.9902689408074368, 3.646080750224064, 3.8659268501374755, 3.8696309904014923, 3.733400974336837, 3.7652293357707096, 3.755986883286096, 3.6538417730800576, 3.922378243430285, 3.6746558879283837, 3.5687000441306735, 3.5928823036301765, 3.6490698895722744, 3.4872165145221516, 3.5529455441443134, 3.5379239301837515, 3.4979507156385807], "4": [112.99999895095826, 93.51983082959195, 92.324723380059, 92.12000954272226, 93.61370568377897, 92.12630216181279, 93.1139566015423, 91.90309341591782, 90.67883546371013, 92.34257569620385, 93.4495422052103, 92.7877130107372, 91.56528837666846, 91.82900760474732, 92.06071672367398, 91.93967204929795, 91.13544802172109, 90.92618240537122, 90.85490901619195, 90.89389645634074, 92.16355696080718, 91.63798515107483, 91.34736970970407, 91.70337032177486, 91.67665049312636, 91.39183829556859, 90.28149216575548, 90.42719366163946, 91.34852671192493, 90.80163167587015, 89.93851856621913, 90.9719272619579, 90.89242907536682, 90.38422032637754, 90.00491554108449, 90.91707490809495, 91.00118137125392, 90.96643219970284, 91.14144090125338, 90.1796262008429, 91.49568306327565, 91.14203707422129, 90.36989856668515, 91.0462455289904, 90.99818363077938, 89.33344348538667, 89.63850846771383, 88.39477856754092, 86.94791923149023, 87.42816681145923, 85.89026495396101, 85.13744548944524, 84.65602535430807, 81.61979436980327, 82.68080179629615, 80.89103147668065, 76.153822274931, 76.98217126119998, 74.27277641710825, 73.54220264315954, 69.61717879985227, 71.04194249630527, 67.20164335537702, 65.27541036462644, 63.37388598702091, 62.89176052056136, 60.1736721137102, 59.334446678445964, 56.88783980659791, 59.18867823769979, 55.38463103577378, 54.73684652593656, 54.27455206783925, 51.602135883468144, 48.080292024972735, 50.22438658715255, 43.96642298657243, 45.89438994466764, 42.30988709819794, 40.30186014983774, 36.261301975931566], "5": [24.942719116249645, 6.726877865366987, 5.922846871572256, 6.076955444281339, 5.8360680025914915, 5.752077392871433, 5.8585410199360926, 5.794341645622626, 5.709089941521233, 5.706501140446926, 5.615822533740721, 5.667281138713588, 5.656322551012272, 5.538447552433354, 5.684968626650516, 5.754777852042753, 5.560776016939781, 5.559810828516492, 5.416623344352411, 5.282151283801068, 5.61102130193467, 5.431108691256668, 5.586522030633932, 5.487860937150254, 5.171690486749867, 5.413639551665983, 5.315465637935267, 5.295723100984469, 5.339743338200788, 5.421878449902579, 5.205812851861992, 5.482222784138867, 5.497656585514778, 5.320778042115853, 5.1301309062037035, 5.219440327644406, 5.236178329974064, 5.217888971540378, 5.162805411953014, 5.384333161359246, 5.137506040169683, 4.960309944832988, 5.14045134204207, 5.233090833807364, 5.137959968901123, 5.002432987569773, 4.9854414118774, 5.003997258236632, 4.9502940157181, 5.003499546278908, 4.891153477388434, 5.008971099300834, 5.021421308243589, 4.832023411222326, 4.908433522704581, 5.038392507281969, 4.87226921745023, 4.79889906582539, 4.78913225918659, 4.765233969448309, 4.676431000929734, 4.6280577168115995, 4.797521474430686, 4.686057499330491, 4.614602415308764, 4.5618343440655735, 4.698741106218949, 4.682102148281411, 4.503052979426866, 4.560863884766877, 4.4655198976601245, 4.512533928104676, 4.560164834100578, 4.475684279639973, 4.56116920934146, 4.437930247774057, 4.529860346839996, 4.487300519115524, 4.362509522790788, 4.324303777700697, 4.383924486032629]}