{"1": [-13475.910000000018, -5967.085000000012, -1632.3850000000011, -2173.335, -1956.9149999999997, -2663.3699999999953, -2819.7899999999995, -1262.7049999999986, -1467.1749999999997, -1234.6199999999965, -1989.4399999999994, -2101.444999999998, -1540.0499999999997, -1010.6950000000004, -950.1900000000007, -2311.0199999999945, -1461.2249999999967, -596.4300000000001, -1425.754999999998, 934.5399999999997, -1359.0699999999997, 764.9349999999997, -260.1950000000007, -2348.2649999999903, -2842.3799999999983, -1064.565000000001, -898.1349999999978, -2008.52, -1580.6950000000015, -623.9050000000004, -1189.315, -778.6600000000001, -456.760000000001, 509.00999999999976, -892.6800000000003, -1763.6349999999998, 281.5149999999992, -587.2800000000016, 1210.610000000002, 279.15499999999986, 184.13499999999945, -1461.3949999999993, 115.86499999999951, -2188.4649999999997, 552.6600000000001, -1011.0600000000004, -211.98999999999984, -385.5350000000009, -598.3350000000003, 132.00000000059586, 488.37500000119115, -1851.079999995527, -1464.9449999928468, 954.9000000217553, 542.8350000342723, -1401.0249999696007, 2105.8850000518555, 999.2850000530483, -22.209999946654186, 267.08000003755086, 1000.9600000405314, 440.93500003516664, 161.69500003188833, 795.3450000366577, 1128.4450000238432, 1866.5000000393397, -42.3699999806285, 1696.2000000306969, 1813.7200000539451, 490.24500005573043, 721.8700000479832, 1060.3850000563268, 1247.300000080763, 1685.535000096857, 2681.720000096264, 1919.300000086724, 2999.185000141265, 2484.655000138585, 1998.0300001585497, 2767.000000164511, 2409.705000223818], "2": [-29098.66265055152, -19836.79345957742, -10858.833915457048, -12758.327576413883, -12614.079533051276, -13950.735533459923, -13160.126696181502, -9897.502695378736, -10386.829284133, -10133.519184649957, -11813.601539743213, -12791.606597476602, -11002.556797197427, -10043.364495131374, -10214.814149533533, -13674.672433302494, -10184.277120558556, -9208.889371226574, -10546.328970293715, -5314.108564274769, -10166.822154156793, -6216.403251658505, -8819.351554268864, -13852.292634860301, -13450.263518873599, -10139.018788836327, -9852.768610838753, -11342.579093413444, -11082.22776537533, -8216.004384792732, -9434.376957660586, -9604.094496900738, -8276.610818973379, -5537.486523229136, -8902.567015647732, -11810.214077950197, -6706.139877642386, -8675.200160003546, -5465.943461217873, -7211.923039598974, -6608.889312019526, -11000.158309293241, -6982.88516970907, -12832.380266198503, -6379.353043853905, -10133.424220692268, -8672.98079260277, -8484.918736904463, -9606.888864626228, -8277.898747562103, -6936.124497427789, -11815.854276311497, -11513.91687885746, -4983.675166512043, -6031.1003633088885, -10771.95868074241, -3011.6436831592114, -6109.497774140482, -8019.127531725836, -7650.461185806924, -4654.325502434625, -6950.517001556873, -8110.417195245007, -6349.563542568786, -6826.157767085575, -3374.1519301877242, -8808.762450417664, -4872.076335003401, -4442.47006847083, -6434.164699882342, -5723.212784348749, -5343.48612086072, -5262.3447123939895, -3957.849583860264, 153.1206846445064, -2601.5829537747795, 416.62222480861317, -2059.5816110014734, -2020.8342225408735, -639.2796276833743, -533.4394499455592], "3": [-25151.337235469367, -16531.148881892863, -10008.716426850891, -11752.179334044493, -11578.605606158326, -12893.885638332982, -12009.590359182663, -8981.550904582879, -9338.13579073098, -9395.655103152418, -11146.857433481553, -11456.258388134305, -10312.259941775274, -9025.11163332451, -9202.374738403452, -12855.990293869494, -9472.968568104588, -8230.222863878373, -9347.862591534617, -4571.853905783946, -10152.447827289958, -5071.649391181986, -7700.183193037687, -12688.557675457445, -12265.631484558537, -9024.956220252297, -8892.955779800315, -10314.967116856194, -10173.852886851733, -7421.882357928362, -8276.362895701208, -8714.587590152145, -7176.55976939012, -5404.310225908539, -7721.652723891815, -11054.186141574077, -5901.01069494695, -7546.449830183743, -4428.406415269748, -6069.851155522567, -5587.5681834751385, -10041.446985070384, -6092.274463374645, -11575.834959429583, -5545.052238054321, -9254.406792962829, -7476.587771511533, -7300.843829624258, -8231.751260123629, -6953.127149586819, -5830.722668057617, -11095.06734521616, -10294.170458294713, -4420.146606879651, -5082.123080186713, -9733.844316832452, -2384.5303846492925, -4342.070893115872, -6447.9423371338025, -6811.705100223762, -3588.519321498675, -5791.479811275121, -7249.759130982185, -5072.450162436266, -5895.6046217395815, -2485.308184274485, -7361.5606885284815, -3870.476480873007, -3921.108172138822, -5648.0655954286485, -4773.080068887504, -4636.641535957425, -3838.6417174292947, -2969.842564196695, -548.0128794009673, -1749.4693672101698, 735.8843227330977, -680.4132325115734, -1469.469730698868, -25.298446904817528, -375.26044578440354], "4": [-11973.924999895095, -5137.406983082954, -1141.8924723380062, -1806.397000954271, -1589.021370568377, -2537.7226302161835, -2615.1663956601565, -1112.385309341591, -1081.6078835463707, -969.7692575696171, -1612.3449542205212, -1884.2787713010734, -1352.0565288376645, -863.3629007604756, -1026.3960716723673, -2454.068967204931, -1179.8735448021694, -541.0126182405381, -1194.890490901618, 663.2156103543676, -808.3213556960795, 949.541201484894, -73.83973697097088, -2254.4403370321825, -2404.182665049316, -858.5791838295551, -899.848149216576, -1928.827719366163, -1432.3598526711935, -498.5951631675859, -977.7338518566224, -657.6371927261953, -551.5242429075366, 658.8015779655755, -884.3154915642399, -1403.8767074997488, 189.22988184261027, -739.5516432604995, 961.1558558544423, 282.0720373113696, 152.56543156611895, -1085.6192038617974, 355.61300986289075, -2049.474625385278, 862.2251810688897, -1098.9533469896207, -224.0788542931115, -655.834487061797, -1084.9248214927154, -86.42785289067041, 409.74590635162804, -2091.6489691204706, -1608.6108580516018, 544.0422560279507, 537.6013053048266, -1384.4950661754451, 1387.6165957007868, 388.7885598614927, -454.73715715539095, -28.67920842713203, 616.262858146217, 234.12945895272236, -522.9998176400549, 458.26328044279796, 497.6712988083742, 1563.500411594368, -952.3840302197032, 1030.248121070774, 1053.6348699569198, 111.57934980005946, -193.3612155638185, 297.8781834279023, 693.2166360411319, 1226.5965978152842, 2090.38346299159, 1857.59993489003, 2677.997015849394, 2385.0470356383767, 1696.259539097282, 2634.1889215262695, 2484.5581627946676],