{"1": [-10305.385987184814, 9082.564726742497, 5673.206050236858, 8672.867050749326, 5879.303275475614], "2": [-8329.639999482893, 8242.830000952901, 4483.195000684829, 6712.455000606873, 4945.820001174482], "3": [-9480.584999974106, 7753.070605372675, 3910.4376914237996, 6267.569815694458, 4189.223527286036], "4": [-9801.314698850198, 8292.243349289743, 5110.593611547827, 7988.330112156385, 5329.282153982612], "5": [-10126.274999993166, 8765.105000020967, 4739.915000012109, 7555.480000007529, 4946.895000010742]}