{"1": [26.800096807458612, 16.709823613725895, 14.759028465361917, 14.123242007951195, 14.201385752252827], "2": [166.39999482631683, 151.69999046623707, 139.54999314844608, 131.44999392926692, 135.29998825490475], "3": [175.34999973773955, 156.04467492416734, 140.2347617864376, 137.41995737152175, 138.89538941490463], "4": [118.32522925193189, 78.51160252387199, 34.138367983121135, 33.375510676616976, 33.658840531673924], "5": [172.8499999076128, 158.44999977350236, 143.69999979436398, 141.59999981224536, 142.64999986588955]}