{"1": [200.0, 200.0, 200.0, 194.8, 190.6, 170.2, 169.6, 157.9, 159.4, 162.6, 157.69999999403953, 155.89999700188636, 158.99959440231322, 119.1851251691347, 100.38831776026636, 93.79138500470144, 90.51745514959039, 89.66088462526386, 83.99177691347722, 85.59748537298583, 83.61578650302545, 79.9714857540559, 75.93241202888021, 78.56473654852016, 74.04952655042871, 72.35166027363739, 70.4045055221126], "2": [196.10252610705794, 198.37521354407073, 193.4969231275376, 178.86507608764222, 175.93894833304222, 154.72944588594837, 149.34426773427404, 138.90657351606643, 137.72948637703666, 135.67685662559234, 130.60085999071597, 132.76238148427802, 128.9519541095593, 124.29795386930928, 134.25801485947449, 127.38694346994161, 125.17491090246185, 120.78566367786843, 118.906486114359, 114.6986150484212, 114.15034991620341, 105.90076159771998, 103.09986549522728, 92.77420237095794, 87.30437102500582, 82.7633287683304, 71.80700028325082], "3": [182.54146246253512, 161.72040190018015, 154.4435244214721, 104.2095836753142, 56.692071406668404, 35.3680031496915, 28.44039037878101, 24.16180699073302, 22.85645035856578, 21.420721320968006, 20.118875299950012, 17.04059883337759, 15.97338328389742, 15.07418430976104, 12.669720545955352, 11.228986257719225, 11.71760103024135, 11.159070100018289, 9.193501552488305, 9.233608731193817, 8.716902641727938, 7.659868725569686, 7.819118019726011, 7.860537939338246, 6.8094891204993475, 7.692005904929829, 6.8081127165962245], "4": [200.0, 199.99999998807908, 199.99999997615814, 191.79999999403952, 177.1999997496605, 160.79999921321868, 154.19999836683274, 142.59996790885924, 148.18800594806672, 141.29922985434533, 139.09978162050248, 124.49702473282814, 131.29799051880838, 142.69785466194153, 146.5983476638794, 144.8923504292965, 142.5928129732609, 139.89173192381858, 139.5833284497261, 136.2935925602913, 136.757256513834, 132.92797599500045, 132.23302878141402, 127.39887254796922, 127.61973804533481, 124.06822594702244, 107.93319614883512], "5": [192.06439750287683, 190.6496275126934, 198.00759999454021, 188.65228058993816, 179.7064691886306, 164.95700840950013, 161.7840712606907, 150.76668791174887, 157.5714589893818, 157.49887991547584, 152.77940425276756, 151.35317211151124, 152.7861932516098, 147.79014040231704, 143.4882594048977, 142.49064030647278, 139.9921879053116, 138.59608035683632, 134.9964064359665, 135.09607667922972, 132.8992567062378, 130.99897552728652, 128.89789910912515, 126.99245984554291, 123.85793223381043, 117.82255409285426, 85.9306148725329]}