{"1": [-63828.0, -65404.0, -60201.2, -47872.7, -30991.0, -10442.7, -15649.7, -10905.5, -6585.6, -9699.5, -1727.1999993741513, -3030.299764174223, -1028.9761945962905, -163.27052783301332, 7231.54492180032, 7364.559470820406, 6419.423901898728, 6830.30966043125, 7906.154196295363, 7341.474994581574, 8491.811443763358, 8421.116525385622, 7870.33171936289, 7758.820887146308, 8542.218133166834, 7477.66292463796, 8398.698782379844], "2": [-60893.04532100782, -63523.97575425617, -59785.23205636088, -42001.191178486915, -21706.617679079285, -6351.2464122807605, -10809.925625653752, -6469.577374622017, -3362.5939822542014, -5385.019996606058, 707.6771866453055, -943.7888949223328, 1616.6641525551095, -669.8823194351047, 9065.523774138699, 8883.389071735273, 7841.779746279062, 8158.829359447909, 10035.421697964577, 8841.35041412718, 10589.894296291972, 10367.83025672197, 9678.953587497865, 9014.66006977394, 9831.615821693664, 8659.053619197104, 8784.826750739803], "3": [-55999.704148729936, -50969.51498916984, -49332.00151216285, -34255.580268094265, -16784.857318638602, -5351.584967755101, -7683.652196209301, -5988.486948241363, -3467.9545577113777, -5455.627419420282, -2697.421550182783, -3667.4485287346934, -2961.105755966046, -5058.433532105342, 1441.3823603952449, 864.7075269964407, -1012.4329557678778, 242.0580530773208, 2223.8744806904956, 582.8830378069513, 2928.0208255308885, 2823.861841878906, 1987.9954681889242, 1780.9016935790685, 3410.8198569183032, 1799.0948060831172, 3256.4308021309844], "4": [-62328.0, -62327.999994587895, -61849.199989914894, -49297.59999778271, -30223.799940949677, -9479.599969035387, -14553.199731725454, -10129.99702821374, -5517.585743755102, -9079.24868363142, -1849.284252911806, -1799.4808282613753, -641.4632581174374, -1193.0324639558792, 8915.169903051854, 8858.413039058447, 7474.545038563013, 7728.052134639025, 10040.4442987144, 8772.035623794794, 10698.720316135883, 10887.118895800504, 10236.017657238244, 9768.700854664668, 11151.438356283306, 9544.528407502174, 10070.857896353864], "5": [-61298.316281361134, -62621.70508918818, -62947.322888624665, -53887.817886328696, -32990.968654412034, -10011.413604950905, -15649.408313840628, -7387.886213475465, -4390.762435185909, -5344.04239294529, 16.590760803222658, -68.47858094573022, 1920.2576213717462, 1677.0299435973168, 11933.549778985976, 12091.8906211555, 10691.854691249133, 11259.909200632572, 14501.137063694001, 12891.748477238416, 15545.281130474807, 15723.772417378426, 14765.15268190503, 13932.994950985909, 16567.98461434841, 14367.333140856028, 14355.134977534855]}