{"1": [155.58170510936617, 158.5303691523397, 159.66570582437853, 157.5660285902748, 158.0913702203572, 150.27751009350322, 154.14744516990612, 160.6835850081232, 158.1666638483439, 157.2300802842161, 157.59056611952693, 156.65391578335257, 155.27408753444033, 156.40864384108573, 158.13826624020584, 157.63762584805954, 158.35580073987657, 156.8587719420262, 157.93781123994268, 156.25761432632572, 156.10039730665738, 156.9049885796616, 157.75182554367638, 153.7749918582922, 156.75133399477053, 157.5484573165464, 155.50041418583714, 156.2495499824916, 155.19825625144875, 116.99347613458812, 112.11554228261812, 106.99941034016956, 107.37778963827296], "2": [164.29999778568745, 160.749996098876, 161.04999638199806, 159.34999684989452, 160.29999612867832, 158.0999968379736, 158.19999570846556, 160.59999659657478, 159.2499963492155, 160.6999967366457, 158.4499971061945, 159.3999965250492, 157.89999639987946, 159.29999566674232, 160.04999660253526, 159.5999959051609, 159.3999964416027, 159.24999556541442, 159.09999590814112, 159.09999555647374, 158.5999932348728, 159.54998855590821, 159.24998234510423, 156.39995568394662, 158.3998804330826, 158.59963988363742, 158.24741978943348, 158.69373385608196, 155.26153395175933, 45.35666800161416, 39.93916727690085, 35.38599950330244, 33.00535902123956], "3": [19.78728584186174, 14.089126617765578, 7.66453977625788, 7.495382536639227, 7.552965223196952, 7.444496562537097, 7.325831765211478, 7.569757847272558, 7.36952518873004, 7.262224848262849, 7.303444930055411, 7.080911345980712, 7.2838315035478445, 7.144187995958783, 6.7128928838545106, 6.827191580946964, 6.753608699017787, 7.008881112679956, 6.751169024429691, 6.633602277531463, 6.4154808177205265, 6.59407882073865, 6.4117093983892115, 6.3918133080776895, 6.443338011672313, 6.391429762620828, 6.36677323924232, 6.02616471691872, 6.267282555520069, 7.390387811268738, 7.358257090214465, 7.319950769910065, 7.868155808531446], "4": [19.233001296319706, 8.199670055553725, 7.713972087716684, 7.652448743913555, 7.55317646057083, 7.680206232599448, 7.502130875037983, 7.439689628880297, 7.501163469205494, 7.554173040916794, 7.152624490269227, 7.197614684949803, 7.155237917946943, 7.007654403841298, 7.060940616849985, 7.184177849123079, 7.185304583968536, 7.082143596977403, 7.144653112944797, 7.168377831905673, 7.175627338772756, 6.9524627529928695, 7.040699578764906, 7.048806793305266, 6.775657962245168, 6.784737600464723, 6.942872985472786, 6.793279177397198, 6.973316186187731, 6.15085897368408, 6.09738869699504, 5.9960624551487856, 6.123430735329748], "5": [147.8520667205099, 145.7104248044052, 146.7336307417194, 142.23864995281036, 144.46890960302554, 142.31451041801193, 141.7049842694134, 143.9681745911308, 141.57292224829433, 143.15113851279892, 141.97011738220462, 143.55173123082494, 141.2778595558455, 144.5403060199911, 143.7389056469605, 143.66621636112686, 143.75870272245373, 142.99840505315223, 143.63131320281826, 142.719524318169, 143.60524676010246, 142.45430904537207, 142.81093505951284, 139.8728401628323, 141.21858123503335, 142.45366673057433, 142.0920066638937, 143.6090293573565, 142.54584725671447, 105.45822060853243, 103.09682506874523, 100.88528824681998, 100.28721861287485]}