{"1": [-10547.1081705115, -12404.753036915597, -6187.316570582643, -10434.35660285938, -10422.909137022363, -11326.377751009499, -9867.464744517294, -4921.218358500822, -6423.016666385182, -8436.873008028686, -7881.859056612173, -6419.365391578516, -7204.777408753629, -8051.74086438424, -8736.613826624154, -5246.463762585116, -6012.935580074269, -5541.035877194248, -8187.293781124508, -4956.775761432783, -9089.060039730926, -9301.990498858271, -6602.125182555081, -8400.077499187257, -8353.475133400529, -8104.854845733554, -5688.000041421072, -9254.124954999283, -2197.5198256277954, 12167.100652384102, 15313.088445765196, 14962.750058953185, 16712.962221026653], "2": [-8897.329999779093, -11348.424999610386, -5907.454999638491, -10003.73499968555, -10002.879999613393, -9699.209999683995, -9144.76999957133, -4518.209999659632, -5843.02499963539, -8119.969999674094, -7276.044999710968, -6026.989999652788, -6481.939999640258, -7727.679999566908, -8234.804999660506, -4898.30999959095, -5478.589999644577, -5113.12499955662, -7598.309999591186, -4577.759999555847, -8662.209999323977, -8749.354998856032, -6089.024998234708, -7852.98999556876, -7835.78998804351, -7564.359963988407, -5309.224742040621, -8631.019385513979, -2049.2844559976415, 13982.692311617884, 18699.48503718, 18496.194394244674, 21331.58523580051], "3": [-11885.184824859356, -14207.518024500536, -6940.8335540416765, -11871.569602370084, -11679.519521537555, -12451.058002239984, -10955.454192803456, -5156.310384809041, -6884.249832598874, -9452.896629540204, -8886.000528656828, -7121.422255696899, -7888.848594819884, -8935.131269455487, -9798.103498958617, -5695.197770615898, -6280.594202132869, -5764.268321243226, -8988.34743338316, -5149.286767168707, -10024.672962616432, -10332.53842207771, -7058.564695351527, -9024.020159407206, -9046.616204768423, -8943.367268472142, -6035.812559014516, -10130.38913097164, -1932.2025401628678, 18059.587448326583, 24221.681683831706, 23578.540154039543, 27191.64081388419], "4": [-11893.064165843667, -14218.24945452349, -6937.639175369138, -11905.237294021706, -11679.529042519494, -12435.639697762912, -10962.528716692399, -5156.560594239041, -6884.8731334686945, -9449.23397086019, -9231.045863148707, -7219.094832635741, -7962.336089579649, -9003.878904854415, -10070.73329969585, -5687.747486156264, -6396.041100538323, -5811.633498457428, -8987.394159180518, -5262.634422325632, -10048.2969537287, -10443.325828637375, -7117.728167862779, -9024.430481885367, -9046.654662147832, -8940.56113876819, -6124.221860156903, -10179.003719534612, -1918.5183786850498, 16144.50301452812, 22701.010727297333, 21414.36761479277, 26129.711254772636], "5": [-9519.317995047375, -12240.45238245746, -6522.7934234352, -10524.098381950775, -10688.734053330758, -10376.113015001216, -9738.88786673882, -4953.010313742279, -6518.509642543809, -8594.409349113152, -7578.835320080338, -6517.406895652797, -7033.533932879092, -8239.808197273145, -9006.960095233011, -5465.347292675653, -6111.517627244346, -5689.057422936578, -8370.20825625564, -5024.050025377084, -9317.254309986012, -9415.895137107713, -6685.839321581347, -8415.843344039578, -8482.382659501533, -8339.134135917591, -5931.688316290471, -9441.477745954178, -2418.8273531813225, 13401.05360125197, 17586.195206036748, 17228.111205585643, 19475.73187891256]}