{"1": [-15464.5, -13002.0, -14479.5, -15464.5, -16942.0, -15957.0, -18419.5, -15464.5, -12509.5, -17434.5, -13987.0, -15464.5, -14479.5, -15464.5, -10047.0, -17434.5, -16942.0, -12017.0, -12017.0, -14972.0, -7436.0, -10664.25, -14292.7, -11110.75, -9820.25, -10842.55, -12665.75, -8832.9, -8953.25, -6527.15, -5676.5, -6641.15, -5681.25, -5672.45, -6279.35, -6304.15, -5920.4, -4628.750000250339, -5306.600000101328, -5201.199932843447, -4383.292657205462, -4584.967039096356, -4815.0259534358975, -4944.845466732979, -985.2153502954286, -1644.7203579028603, -976.3895015289105, -827.3153535429504, -1155.8454708812073, -1295.426243266731, -782.1263919116813, -219.2047344390885, -235.36035118624278, -595.4649535737801, -553.0350838771003, -86.8577903599813, -214.76794877845094, 19.65257382708951, -85.62234408248624], "2": [-18419.25181131363, -11524.486586731673, -14479.492431509494, -13986.995234233142, -12509.498744744062, -14479.498961812258, -16941.99662465453, -18419.49539628625, -16941.993908721208, -11524.49800310731, -15453.851734626292, -15096.262555426732, -9886.99126679944, -15141.289717269969, -18014.55187043473, -12729.633068110363, -8587.5433243146, -8240.089854233642, -5909.405313235271, -5865.5862874167915, 1022.5168855888638, 2645.355414668001, 3352.31458023194, 3122.9519159142424, 3500.622536717812, 2045.8665626130519, 4685.307033722338, 3182.1375203869625, 3247.2662095315463, 3502.430580047722, 2844.0715023595576, 3130.3198977805196, 2536.4542729207155, 2937.8623993149536, 2759.6956889262015, 2401.341961372405, 2612.9097341486513, 2145.939204002905, 1703.3852374062, 1549.4203144455037, 2099.7679461755397, 1658.952727992287, 1969.398034659255, 1803.118125154954, 1864.9897086584867, 1819.0458381455537, 1396.7162625798185, 1040.9501541175196, 1513.2264496146818, 1851.615595517434, 1182.950654193938, 831.7063013875144, 1604.0287844088948, 1917.3372475310869, 1732.234653315376, 1239.233023614608, 1108.5626336843895, 1266.768446906352, 822.4462257482082], "3": [-12544.0, -17444.0, -13034.0, -16954.0, -12544.0, -13034.0, -14014.0, -14014.0, -12544.0, -17444.0, -14014.0, -14014.0, -15974.0, -15484.0, -15974.0, -11564.0, -16953.999999701977, -14994.0, -13524.0, -17934.0, -7151.105084317923, -6576.213438889431, -10809.383441230562, -11518.186040952674, -8540.160394752806, -10432.746603926818, -11391.630017979764, -8598.86809202091, -7729.179412262887, -3996.0379052852454, -2601.0840115503697, -2596.883495312379, -1759.1147745524127, -1261.7142985709318, -1807.4308382606366, -1659.974147374672, -1919.5649754404426, -964.4309684137522, -1036.0104206861113, -947.1032767839133, -812.6977852441748, -747.5017908779016, -656.5762574553664, -642.4956519104744, 394.77616797273805, -12.95507746005751, 333.3346490357129, -129.509186544182, -76.4035887822727, -506.82925197017465, -135.1351317425593, 583.9250749382103, 441.214583232296, -19.433505197682827, -51.67519276475214, 172.40899974449567, -113.94246137065639, -150.48521074411838, -19.52296668960771], "4": [-15484.0, -18914.0, -14504.0, -16954.0, -15484.0, -15974.0, -14014.0, -11074.0, -14014.0, -17444.0, -15484.0, -15484.0, -14504.0, -12544.0, -17444.0, -11564.0, -14014.0, -14994.0, -16464.0, -14994.0, -6376.35, -7726.55, -15102.95, -11549.2, -10341.05, -11498.599999001623, -13074.4, -10345.45, -8905.199999767541, -5751.349999853968, -6501.55000012219, -7411.15, -6539.599999687076, -5934.000000938773, -6860.549987414479, -5704.749993264675, -6335.449733406305, -4886.299837151169, -4953.15339102745, -5682.970532393456, -4821.6652696996925, -5043.119820767641, -5573.152215528488, -5477.492581379413, -2025.5920342624188, -2508.8922383874656, -1543.7389754772187, -2230.0707469135523, -2467.778647944331, -3069.710279801488, -1818.5412142515183, -974.3004340976477, -1063.4935033529996, -1926.3382963642478, -2070.3839362055064, -1282.4398716568946, -1496.0182409375907, -1760.719525319338, -1743.4763679474593], "5": [-13362.41649427116, -12402.993048662087, -14174.401459468436, -12420.905866516754, -12431.592498063856, -17236.35767962057, -12468.504294268041, -11053.340526523069, -13924.710076691768, -12949.146731246263, -13926.738430875539, -15357.041886062269, -12988.75051645647, -13913.234417551756, -14436.675486332178, -14431.162584467605, -13922.908072156202, -16408.41675078608, -14871.209915785865, -13281.882206522487, -729.8293177805638, 1462.4305291154074, 3129.863065912112, 1062.17636927946, 385.3169109626964, 1063.1890580250736, 128.15971524202615, 414.91908537463166, -72.45902560454851, 451.4357760372921, 754.2783835337716, 6.754658033396117, 524.6175666079841, 563.9333097026392, 493.27626340583373, 679.7042565145181, 692.8590748088463, 980.6009905084793, 899.420632352629, 1187.3428378216036, 716.8028225203656, 917.5120717834565, 1006.8443920519669, 694.13398953398, 1759.1570009549498, 1173.7666545396903, 1685.7185374892929, 1870.7825429603079, 1046.4665947325834, 623.4614092754812, 1789.8078949647593, 2390.304682479672, 1658.9994190681537, 1205.6832517243893, 864.425500538011, 1643.858611381083, 1445.6242432656538, 1605.6410784301975, 1950.2535734733756]}