{"1": [200.0, 200.0, 200.0, 200.0, 200.0, 200.0, 200.0, 200.0, 200.0, 200.0, 200.0, 200.0, 200.0, 200.0, 200.0, 200.0, 200.0, 200.0, 200.0, 200.0, 186.2, 172.1, 172.9, 170.8, 161.4, 162.6, 154.7, 150.6, 141.5, 129.7, 123.7, 119.5, 117.4, 116.6, 114.4, 114.4, 111.8, 112.49999999403954, 109.89999997615814, 111.19999948143959, 107.48164370656013, 107.56212983727455, 106.78427980542183, 103.5643120110035, 62.4498506231932, 55.489845396700545, 48.3716302159999, 36.925178544514345, 33.005354002592505, 29.979980729118687, 26.371230899755027, 23.426487010490384, 23.847577010950772, 23.176426718218135, 21.506864011994914, 21.405984906898812, 21.121585785597564, 20.684000788858974, 20.896703956401325], "2": [199.9946414887905, 199.99915529489516, 199.9998191356659, 199.99990943074226, 199.99994271993637, 199.9999649465084, 199.99993679523467, 199.99991828799247, 199.99990272521973, 199.99990191459656, 199.7458282470703, 193.9687449840829, 193.05178052242846, 193.69265356762335, 185.72344436869025, 136.55833353396739, 107.05687795177218, 84.0687395151821, 78.23072585284535, 71.44391503914085, 55.19083184049523, 52.05995898967376, 50.63075425314601, 44.11175253886904, 40.63948209764203, 37.28161384750856, 43.770418634728415, 36.52922303743835, 35.57762786653766, 32.87606021554384, 33.277341635531045, 31.594176528337993, 28.147202588018263, 27.305763803140145, 27.772220303761422, 25.891636277196813, 25.80507715816784, 24.272966515793815, 22.97548238739546, 22.500440790507128, 22.380598535822354, 21.244492233564962, 21.85027835490473, 21.150116313638865, 19.97136164434196, 19.85669153431663, 18.748437117261346, 17.870350977542692, 18.170366826248937, 20.197906414064345, 17.84707242193399, 16.023031919106142, 17.626816557883284, 17.202817443493405, 17.198626545784645, 15.900155944173457, 15.191368921738468, 15.163757849490503, 13.600747869853512], "3": [200.0, 200.0, 200.0, 200.0, 200.0, 200.0, 200.0, 200.0, 200.0, 200.0, 200.0, 200.0, 200.0, 200.0, 200.0, 200.0, 199.99999999403954, 200.0, 200.0, 200.0, 185.89234331846237, 163.57236122014, 161.05346402889117, 157.72698311654386, 153.50714365842288, 145.43783451037015, 138.80443926699226, 125.82391994384815, 110.65234215896344, 90.96626336361514, 73.35850612434152, 64.90414482077468, 60.82668524354231, 55.85526409750455, 53.23729758871487, 51.39592944753822, 49.4538336198515, 46.43237941955449, 46.55409788679681, 45.01147569697641, 39.873255140468245, 39.51086605427845, 34.988669760012996, 32.23973977469141, 30.59161921220948, 31.337109780547326, 29.163542608890566, 25.839527712541166, 26.82696869946376, 27.364312782368508, 24.335731231371756, 25.025075715436834, 24.94772901495162, 22.05061648185074, 21.957971379646914, 22.32025875301624, 21.7637464778556, 20.22991413291602, 19.91321785299806], "4": [200.0, 200.0, 200.0, 200.0, 200.0, 200.0, 200.0, 200.0, 200.0, 200.0, 200.0, 200.0, 200.0, 200.0, 200.0, 200.0, 200.0, 200.0, 200.0, 200.0, 162.5, 155.6, 176.8, 171.7, 168.6, 162.89999999403955, 159.3, 153.2, 144.99999999403954, 132.59999999403954, 126.89999999403953, 119.8, 118.69999999403953, 116.69999995827675, 115.79999990463257, 115.29999994039535, 113.69999860525131, 111.69999865293502, 111.7998528778553, 110.79550483226777, 110.19850885868073, 108.35210401415824, 107.74466034173966, 107.5065580368042, 78.96328056454658, 74.19114550352097, 68.27785896658898, 62.87441982030869, 60.20982499420643, 55.206150248646736, 53.273775559663775, 49.7915664345026, 50.44283468127251, 48.17723080404103, 47.198396027088165, 46.352726864814755, 46.26868650913239, 45.64873854517937, 43.70995924174785], "5": [190.17054179068654, 190.76289139217698, 195.305997664202, 196.65811454094947, 197.26462081279607, 197.23769035097212, 197.83564022667707, 198.53645616434514, 197.67182227205484, 198.2015739157796, 197.76721783056854, 197.53774639866316, 197.72659625184605, 197.5800602167845, 198.02158741038292, 198.52046251459979, 197.96428015637213, 198.5580086287111, 197.5385741533246, 195.47065847758205, 83.1850749626843, 75.59110542385024, 70.47725574968209, 53.04281684695452, 43.27199128898501, 40.5519278016669, 35.75990563121159, 32.31882083372621, 26.24831491773075, 26.343974917739978, 23.532164677095714, 21.109695078857477, 23.19275508703722, 21.09189059442433, 20.56894761893782, 21.009460920139098, 20.160950962422067, 19.135682698874735, 18.340801271298552, 19.08356772555853, 16.58281688952993, 16.946126585436286, 17.104029087384696, 16.865683458186687, 16.668630342016694, 17.00140555262042, 14.034094744978939, 16.41112273262697, 16.02701609452488, 16.132981131030828, 16.843846415745794, 14.076746131203254, 15.730670996487607, 14.373014166945358, 13.512481519574067, 14.905124255342525, 14.351299501993344, 13.402324121596758, 13.429943965515122]}