{"1": [-13168.674999998218, -12832.88000000001, -13499.830000000027, -11932.615000000016, -14013.810000000016, -10477.875000000013, -14148.425000000032, -12276.82500000002, -14656.585000000017, -13755.235000000015, -13274.305000000008, -13365.180000000011, -14035.825000000015, -13961.765000000018, -14125.605000000014, -11987.35000000001, -12423.260000000017, -15579.030000000032, -11645.075, -13551.465000000022, -15127.920000000027, -16120.204999999996, -15980.11000000003, -14215.665000000014, -16070.61000000001, -12862.960000000023, -13777.215000000026, -12536.535000000016, -15112.35000000002, -10414.810000000001, -11926.835000000015, -13787.960000000017, -11553.33500000003, -13369.515000000009, -13329.440000000022, -12261.365000000018, 1816.0750000000003, -1836.3899999999976, -4443.804999999993, -5269.040000000003, -4398.664999999996, -4810.069999999997, -4548.1449999999995, -7675.5549999999985, -5004.670000000018, -5448.055000000005, -7456.7600000000075, -8532.310000000001, -8004.000000000002, -1803.574999999999, -1476.1199999999992, -1107.665, 78.06999999999994, 1417.0849999999994, -396.83500000000004, 524.5899999999984, 2188.640000000001, 1480.3150000000003, 1333.2299999999996, 1195.6700000000023, 439.6599999999995, 1065.2600000000016, 318.3899999999997, 1545.4150000000013, 99.76500000000007, 389.90999999999997, 174.27499999999935, -922.195, -460.1300000000002, 290.5099999999993, -179.05999999999977, -502.63, -1447.5199999999984, -1434.1850000000002, -466.64000000000016, -386.175, -154.79500000000084, -2715.8799999999983, -2082.4000000000005, -939.55, -1199.35, -1042.765, -1358.6799999999969, -1476.8650000000002, -1405.4550000000006, -1862.1549999999988, -1261.015, -2316.954999999998, -1133.65, -389.3600000000001, -1825.0199999999961, -1309.4400000000007, -805.5550000000005, -1289.974999999999, -1570.094999999999, -1789.3599999999974, -422.485, -1045.480000000001, -3260.1749999999947, -1627.7050000000006, -1120.6799999999996, -1699.2999999999997, -1671.5049999999999, -1016.9299999999997, -2210.6499999999965, -1189.9349999999974, -1095.3600000000022, -1593.645, -1012.6300000000003, -2580.364999999999, -500.8100000000005, -693.0900000000008, 1296.6550000000002, 1464.585, 1506.28, 1278.8750000000016], "2": [-12760.944999900768, -12455.369999816421, -13193.684996299166, -11327.439996227335, -13813.179996135266, -10203.379996335516, -13991.729996037198, -12052.094995883146, -14589.709995767229, -13141.539995780602, -12983.08499567838, -12866.674995141033, -13836.86999508233, -13717.989994799176, -13712.079994679725, -11844.374994507129, -12214.44999411525, -15051.824993014958, -11395.134993195254, -13169.684992419503, -14895.714991722722, -15875.559991239303, -15479.394989025623, -13973.819988014986, -15875.544986428646, -12314.46998177379, -13643.13997774689, -12022.809967849824, -14588.054955005666, -10109.824923176202, -11548.014869672348, -13438.264698109017, -11220.62922469943, -13031.352246960383, -12873.413236274402, -12396.842839231787, 1911.7967739855114, -2599.9214321096956, -5402.809899644791, -6310.110121978964, -5398.490280075135, -5699.504181043369, -5262.4817789065, -8835.618213525448, -5904.103184957727, -6502.6759363402725, -8905.500827863227, -9385.252041509002, -8941.95295092698, -2691.394121632005, -2531.6280674657846, -2084.5063983087284, -840.8285568727063, 957.3357839521211, -1454.4793792273335, -471.6273136694799, 2037.6731602588065, 927.9856533643666, 715.5100849053023, 848.953276197058, -396.47580150388944, 311.7407368824869, -995.7164316132009, 1201.3870160558527, -1357.9208710630487, -832.4725286134493, -1307.3716177714225, -2655.8536740416616, -2321.9217980665057, -1674.4346889022631, -2333.7047101429785, -3004.0990867469854, -4848.08508531287, -5003.275502857761, -2730.953025951448, -2936.2425248318605, -2577.9189958366505, -7241.792652991327, -6383.434736487096, -4765.392961495788, -4835.3024713954455, -4999.575551809264, -5047.978014136802, -5127.380067278863, -5356.1614086831405, -6780.566217293841, -5473.07049315634, -6663.827599654112, -5348.402958975515, -3298.414777797288, -6861.652315402507, -5724.350810798058, -4620.912010910315, -5998.794161726733, -5935.121384895191, -6575.56236973417, -4430.43346753589, -5074.716507548358, -9226.507478825433, -5523.617386650366, -5580.890417918613, -6463.865092921123, -6744.492859334862, -5523.937538746419, -7936.888735152919, -6200.430826274562, -5587.123816922954, -6584.483442383966, -4949.486979113842, -8552.540599986538, -4873.736287941209, -4803.840718917635, 1020.0650530023315, 336.08367248515003, 931.2100673858156, -1.1772770963704382], "3": [-19566.774233658885, -20915.176618615085, -22143.678247482807, -19704.475926067353, -22747.361924506065, -17558.477183918763, -22658.159895889214, -20380.09558197939, -23831.44643321144, -21799.898328001153, -20803.286992121382, -21579.67024060564, -22484.544468802607, -22824.00967889685, -23133.854234724608, -19525.43538496178, -20449.505603621536, -24775.981080551326, -19383.857438445568, -21767.416619230757, -24075.68627453497, -25279.040630216958, -25339.67323082035, -23063.37160338589, -25258.361418081062, -20677.57864573344, -22418.958492186175, -20292.485998150394, -23769.553597978753, -17839.943276986836, -19216.145078670343, -22335.41640843414, -18789.38505864596, -21422.857436506856, -21513.247225928735, -20359.656174966447, 493.94190810463294, -6128.907018835739, -10683.953478569601, -11381.826016240013, -9821.067588743315, -9919.571041971682, -9941.607449245714, -15016.51951393227, -10951.815044091492, -11956.174603575917, -14659.20568388658, -16251.298103217003, -15462.771682735529, -6529.769883707828, -6087.918914630537, -5586.820767581305, -3784.4770086699755, -797.9665836889952, -4042.042372613197, -3085.7878095859337, 662.5962851117918, -938.9383309616908, -634.7616836098797, -1212.9867503263108, -2468.152871619465, -1713.4571701887585, -3546.5303895787665, -765.6734968012202, -4162.348483154089, -3568.4109441595765, -4101.080047444191, -6044.159553564914, -5251.678582056013, -4392.615133707652, -5173.341788293591, -5943.243476960447, -7859.136956741859, -7895.53542463749, -5040.393589924815, -5470.088649786185, -4554.313666095006, -9831.06879533455, -8471.441792374166, -7112.8709831224605, -6888.839309403923, -7228.620403603508, -6689.894973620796, -7487.801768178319, -7492.433780754126, -8784.1033821785, -7609.959304109206, -9236.606263039554, -7382.139413960115, -4555.297083416399, -9391.1327538519, -7721.596103262654, -6183.087812512104, -7713.753965722924, -8054.399294380315, -8439.999886205927, -6247.373004762865, -7366.292425034195, -11705.768076282322, -7814.874536575864, -7697.192736745962, -8617.394886246268, -8695.148640174393, -7458.712444420399, -10032.4428897838, -7987.921254530806, -7469.756026927485, -8439.198971691318, -6688.118689562051, -10940.990343675378, -5935.973864238471, -6183.56568727797, -71.66084377387975, -758.5873963717065, -182.55502278598277, -688.1081951490485],