{"1": [159.1499999821186, 150.95, 151.1, 150.25, 150.2, 149.6, 149.6, 150.35, 149.8, 150.3, 150.55, 150.55, 150.45, 149.75, 149.3, 149.65, 149.95, 149.75, 149.85, 150.15, 150.3, 149.5, 150.0, 149.25, 149.85, 150.05, 150.1, 150.45, 150.2, 149.15, 150.45, 149.25, 150.0, 149.9, 149.95, 149.3, 117.65, 126.35, 129.55, 132.25, 132.5, 135.15, 135.35, 134.55, 132.85, 132.95, 132.0, 139.95, 135.25, 126.6, 119.6, 115.0, 110.1, 105.7, 102.5, 104.1, 102.8, 102.6, 102.65, 101.25, 101.4, 100.65, 100.75, 99.95, 100.45, 97.65, 99.25, 99.45, 99.8, 98.05, 98.25, 98.0, 98.35, 96.15, 96.55, 95.55, 96.55, 96.15, 95.75, 96.1, 95.6, 95.0, 95.55, 94.45, 93.95, 93.95, 94.45, 95.9, 94.35, 95.7, 92.95, 93.65, 93.35, 93.4, 93.4, 93.45, 94.35, 92.0, 93.45, 93.15, 92.55, 93.85, 93.9, 92.05, 93.0, 91.45, 91.7, 91.35, 92.15, 93.15, 91.65, 89.1, 67.9, 65.8, 69.7, 73.15], "2": [155.14999900758266, 149.04999816417694, 147.74996298253535, 147.19996223151685, 147.59996132552624, 147.14996333122252, 147.69996034801005, 147.74995880424976, 147.49995764791964, 147.2999577730894, 148.04995676279069, 147.39995136857033, 147.79995078742505, 147.49994795918465, 146.74994677901267, 147.79994503557683, 146.5999411135912, 147.19993008375167, 147.44993190169333, 147.19992411732673, 147.09991715550422, 147.29991233348846, 146.74989015460014, 146.89987995028497, 147.04986417591573, 146.99981738626957, 148.29977699816226, 146.5996777445078, 147.74954895377158, 146.0492292165756, 147.24869032800197, 146.14695944190026, 147.0921828478575, 147.22219768464566, 146.5278057128191, 143.98697631955147, 59.5548927512602, 83.94292055531551, 95.07267443928285, 99.19030601067934, 103.09478034144267, 104.70701224968361, 105.61145324926474, 104.43839707697043, 100.09904367551499, 97.97404470933834, 99.06312936562753, 116.79846841532272, 101.82763279331849, 78.34863956297632, 59.57776877026627, 48.24136830981879, 38.327647708239965, 30.939431396781583, 26.439816126304503, 25.73374152618926, 24.075077587609123, 23.183670105530474, 21.982446417256142, 20.451982245998806, 21.17688095366757, 20.236263886695088, 19.741534954200326, 18.910445848749077, 18.864322943192384, 17.488549253065138, 17.766618456074504, 16.611459575353365, 16.782404428742304, 16.0490900873192, 15.342950660672795, 14.809920976421562, 14.896335413938505, 14.681397280508827, 14.287821389608144, 14.003027304714488, 13.57722394477023, 13.498736155247025, 13.693435446807417, 12.922472035256215, 12.652059806948818, 12.546654154549469, 12.121300732267263, 12.26318624704145, 12.439105240521894, 12.162164599608513, 12.297965115960688, 10.897447203387856, 11.528770872470341, 12.063376568247623, 10.567582998141006, 10.834360675344943, 10.946776058252727, 11.058443140298186, 10.529005334306566, 10.327787476936646, 10.298897538412712, 9.894444254526752, 10.052441130649822, 9.69583900111611, 9.764907039994432, 9.764944063981238, 9.612358065949229, 9.231786525611824, 9.879351313153165, 9.128812871564879, 9.57676234490791, 9.264461457107974, 8.758673608463141, 8.812874120460766, 8.5935826670393, 8.620206799803418, 7.699683815741446, 7.844726433412871, 8.008205493063723, 7.701935214389232], "3": [11.654010212693539, 6.307444880832918, 5.755576995635056, 5.973517525859643, 5.6456979429683996, 5.735857057118847, 5.724120929194032, 5.6422030747038665, 5.646957100433065, 5.658398348040646, 5.767363107133133, 5.63261782953632, 5.697609497136727, 5.622563850152074, 5.43434431055357, 5.505607345794852, 5.683232681450318, 5.417216806250508, 5.51406386691815, 5.553572391814669, 5.40424763848132, 5.601402876820066, 5.4429649855897875, 5.352867196260195, 5.553235370709444, 5.409104251646204, 5.45355793745548, 5.454830315838626, 5.2781971897115, 5.4213304452190645, 5.387958393568988, 5.113494346482912, 5.3546500428506985, 5.311406976540456, 5.149033017607872, 5.207542135343829, 4.8225330651475815, 4.872842470821342, 4.950957782121259, 4.993711419081956, 5.000418001899379, 5.059935642783239, 4.9931421197834425, 4.985149846895365, 5.039459500576777, 4.9956336564719095, 5.035532197305292, 5.030134127786733, 4.926350040764373, 4.8173594815671095, 4.760932121901715, 4.779778106407321, 4.683312562364153, 4.621916828608664, 4.715397660409508, 4.429134616887313, 4.493327740578389, 4.565156023681629, 4.521512818367046, 4.542221489973599, 4.504541852294642, 4.457798140017258, 4.4180856542676334, 4.350877055681485, 4.54270440137916, 4.411688914545811, 4.416967971069971, 4.394382762485475, 4.4808355692846815, 4.357690401904984, 4.467924593338102, 4.241645387596509, 4.395396555722982, 4.452477485650161, 4.483198206436645, 4.283360314939637, 4.27194038098678, 4.335444338490197, 4.158732611426967, 4.312522121041548, 4.431111498943937, 4.1598465473623945, 4.386469878981006, 4.256874929006154, 4.288549182332645, 4.3011700538991136, 4.3959477913682345, 4.191071917429508, 4.200800106349925, 4.2322043699183265, 4.2568193183804395, 4.03366125474713, 4.21957009165344, 4.233222572074737, 4.233609795839584, 4.1907228127136475, 4.2259576773853045, 4.188256561126036, 4.021219770927564, 4.0322308816641454, 4.282285854703514, 3.982075187904411, 4.131186225624697, 4.140193037557765, 4.050932835668209, 3.9561439333483577, 4.1414312404463995, 4.08779750916583, 4.066928114047914, 4.00210473981133, 4.109934883574897, 4.035556967664161, 3.972896111306909, 4.0632158313805125, 3.940426137180475, 4.053134793916252], "4": [147.2499955892563, 138.15, 138.15, 138.3, 139.3, 136.9, 138.55, 138.15, 139.0, 137.95, 138.15, 138.25, 139.1, 139.25, 138.25, 137.85, 138.55, 138.6, 137.1, 138.8, 138.8, 136.95, 138.5, 137.0, 139.25, 137.9, 139.05, 139.25, 138.45, 136.85, 138.0, 137.95, 138.0, 137.6, 138.1, 136.2, 107.5, 116.15, 121.8, 122.4, 123.1, 124.65, 125.7, 124.75, 122.45, 122.7, 122.2, 128.8, 124.6, 116.45, 110.6, 106.3, 102.65, 98.55, 95.9, 97.2, 95.6, 95.5, 95.95, 94.35, 95.5, 94.2, 94.65, 93.4, 94.1, 92.25, 92.55, 92.6, 93.2, 92.3, 93.0, 90.8, 91.9, 89.8, 91.3, 89.2, 89.65, 90.5, 90.25, 90.5, 89.4, 89.7, 89.8, 89.55, 88.0, 88.55, 88.3, 90.05, 89.19999998509884, 89.8499998807907, 88.09999951124192, 88.34999785125255, 88.19999419748783, 87.89998275339603, 88.74995740950108, 88.6999034166336, 89.14982140362262, 86.7497120052576, 88.09957416951656, 88.09940055906773, 87.8491219073534, 88.24845992922783, 88.99757758378982, 86.94625567793847, 88.24346346855164, 87.7391212284565, 87.07876931428909, 86.55371512174607, 86.9934025734663, 88.87511446774006, 85.60600549578666, 80.23643801137806, 55.90216589916381, 52.42406933638849, 55.483731571712994, 56.981017905655605],