{"1": [200.0, 198.85, 198.35, 199.35, 199.3, 198.15, 199.3, 199.35, 200.0, 198.55, 198.8, 197.9, 197.75, 199.35, 198.8, 197.65, 198.9, 198.75, 197.6, 198.95, 198.95, 196.25, 198.15, 198.7, 198.7, 198.25, 197.8, 198.2, 197.45, 197.55, 198.3, 197.75, 196.5, 198.2, 198.3, 199.35, 199.3, 198.2, 198.9, 198.75, 198.15, 197.3, 199.5, 198.15, 195.55, 195.15, 192.55, 192.65, 194.25, 193.7, 192.75, 193.8, 190.9, 197.05, 192.25, 192.35, 194.25, 189.55, 192.0, 187.4, 188.2, 185.35, 179.9, 171.35, 161.95, 159.4, 156.85, 154.3, 153.35, 151.75, 148.45, 146.2, 147.5999997526407, 140.79999906718731, 135.54999652206897, 135.04999328255653, 132.44998579919337], "2": [200.0, 198.6, 198.2, 199.25, 199.35, 197.9, 199.4, 199.25, 199.95, 198.45, 198.55, 197.95, 197.25, 199.25, 198.7, 197.25, 198.65, 198.75, 197.15, 198.85, 198.85, 196.25, 198.1, 198.19999999701977, 198.35, 198.05, 197.44999999701977, 197.89999999701976, 197.3499999910593, 197.24999999403954, 197.84999999403954, 197.14999998807906, 195.69999997615815, 197.99999997317792, 197.9999999433756, 199.04999988675118, 198.99999979138374, 197.599999409914, 198.94999938309192, 198.4499986231327, 198.04999727904797, 196.79999277591705, 199.34998831152916, 195.39997573494912, 192.7499609321356, 188.29994960427285, 187.34992144405842, 184.5498868137598, 189.64988543987275, 188.34985129237174, 187.24987348020076, 189.34986185729502, 188.39982910752298, 194.0998363405466, 187.39982003867627, 188.24981588423253, 192.59980243146418, 186.29977328777312, 189.09975224435328, 183.99975490272044, 184.94971772432328, 180.1996939897537, 172.84970077872276, 165.6496269673109, 150.2996188610792, 152.89956778883933, 152.19949638843536, 148.14945133030415, 146.34935254752637, 144.69925036132335, 141.6491886138916, 139.14903569221497, 141.1487472653389, 133.19857179522515, 131.3985374122858, 128.19824983775615, 127.6481620132923], "3": [199.9, 197.95, 197.05, 198.5, 198.7, 196.5, 198.45, 198.4, 199.4, 197.9, 197.55, 196.65, 196.6, 198.65, 197.75, 196.45, 198.05, 197.8, 195.6, 198.3, 198.05, 194.2, 196.65, 197.55, 198.15, 197.55, 196.3, 197.1, 195.9, 196.3, 197.25, 196.84999998807908, 194.8499999910593, 197.24999998807908, 197.49999996423722, 198.54999997615815, 198.59999994039535, 196.69999986290932, 198.09999984502792, 197.79999980926513, 196.69999979734422, 195.94999962449074, 198.79999954998493, 195.79999848008157, 189.24999537467957, 189.99999453425409, 185.64998959302903, 188.49998683929442, 188.84997874796392, 187.89996112585067, 186.6999330639839, 188.099840426445, 186.14975827634333, 190.64951096475124, 187.1985018581152, 186.147045353055, 189.1436192303896, 183.88257644474507, 184.93586255908014, 179.91871517002582, 180.51216360032558, 176.79995269132777, 168.5624279390322, 148.08305141432066, 134.67521617305465, 135.90415215958492, 128.63322007185488, 129.72472786385916, 127.68950102573145, 124.80864975894801, 119.99866846728837, 115.93463433579454, 114.77995363754016, 105.40221609611763, 96.33425644455129, 92.583321704212, 89.34522662561213], "4": [198.04998564124108, 190.4499959617853, 188.69999601840973, 193.14999677836894, 194.59999771416187, 188.2999969691038, 194.149996855855, 191.9999959409237, 195.99999635219575, 188.3999957472086, 190.7499964773655, 188.79999675750733, 184.99999537467957, 193.3999960631132, 190.5999965429306, 185.69999547600747, 189.69999505579472, 190.1499965339899, 187.49999738931655, 190.8999968111515, 190.29999594688417, 181.24999377131462, 188.3499916911125, 191.19999032616616, 190.14998221993446, 188.54996976852416, 186.14995891451835, 187.2499372422695, 185.14991242885588, 186.14991907477378, 188.2998912125826, 186.29990161955357, 180.99982942044736, 188.74981155991554, 187.29969698488713, 194.14979796111584, 192.2996188700199, 188.29941014647483, 190.29926497936248, 190.79843686521053, 188.4960639357567, 183.28462361097337, 194.4631094187498, 179.51541579016484, 163.85052108238452, 171.4510070032673, 152.56306447242096, 162.0342674314903, 160.11329766175476, 160.22689611788957, 153.62997240903786, 162.93984572716872, 145.02925581476885, 164.24695548686432, 151.6992845559158, 150.8002236905624, 152.76643788547955, 134.7010667247916, 140.8561725801046, 123.24639792874223, 127.59455398393766, 119.9501451880089, 107.18912571631662, 84.64732670849335, 80.118233646109, 60.85674967566884, 66.3924320126578, 51.59073053498287, 49.327128891274334, 46.00129231774044, 41.988682337975476, 39.74433589468972, 52.748489170991526, 35.28397284714883, 34.59171974590572, 37.577861116151325, 36.03960403813689], "5": [29.192287955468053, 7.8943622285689345, 7.513510592708189, 7.798224906595715, 7.382055840357498, 7.5479355961622785, 7.490930606429174, 7.657065439240251, 7.3460043824496095, 7.3190016529726565, 7.3968330729316225, 6.863084976740356, 7.150286061245424, 7.145275710112765, 7.162238897669885, 6.843787227770372, 7.059697852940007, 6.812673424965761, 7.03710873516975, 7.2523907935246825, 7.016011258031358, 6.450464794288564, 6.551656857485068, 6.4996372994355625, 6.375817125749018, 6.320067360908434, 6.174007055070251, 6.103377722507867, 6.03062357329618, 5.963260572035506, 6.017235006617557, 5.665072293304547, 5.694584143253451, 5.756868443771964, 5.570762078290864, 5.800973585108295, 5.787901578165474, 5.426310061075492, 5.325255302636651, 5.530189775908366, 5.169706066064828, 5.327539966427139, 5.280342587432824, 5.111476370813034, 5.137519769107167, 5.130520657190937, 4.904057088123227, 4.974944652675186, 4.879039213185024, 5.038880071183667, 4.818109558112337, 4.788757750709192, 4.566153869015397, 4.972673145028239, 4.684311257395893, 4.656962655475946, 4.7751850280183135, 4.643406787862477, 4.588148807197285, 4.552418491938442, 4.382109566939471, 4.371399322399521, 4.3337324397070915, 4.212265568392468, 4.032427339511924, 3.9123319300517325, 3.9409638018361877, 3.798909128602827, 3.9342855087670614, 3.7278601532423634, 3.6022180067026057, 3.6103966921189565, 3.781239175342489, 3.6337419064118874, 3.5716734348621686, 3.568513510430057, 3.4299353922921]}