{"1": [-72653.9900000019, -65376.904999999926, -63229.33000000061, -66990.6550000004, -72980.02500000155, -62712.70000000046, -69044.6650000012, -68240.1450000012, -68275.60500000071, -68560.88500000154, -63192.84500000015, -61102.319999999934, -64785.41500000076, -67284.83000000076, -63141.75000000022, -62903.920000000275, -62862.520000000295, -69433.22500000114, -61839.20999999961, -65607.01500000106, -65441.93000000065, -58103.00499999934, -62377.04000000037, -64460.71000000087, -64833.86999999943, -64526.945000000225, -63631.06500000021, -63249.10499999976, -60611.219999999434, -64881.91500000004, -64119.32000000065, -59511.174999999945, -58803.76999999953, -60533.83000000011, -60514.84999999964, -71401.99500000142, -62892.204999999536, -61963.68999999963, -71910.3150000008, -64123.70000000017, -63091.18499999987, -63162.46500000041, -72665.27000000136, -59287.999999999316, -51721.02499999876, -52689.0699999989, -41016.1399999991, -46182.60499999883, -50239.8849999988, -44280.1099999989, -47755.909999998774, -47830.74499999885, -42987.02999999895, -52496.759999998714, -44018.214999998934, -41462.58999999914, -47631.5299999988, -36423.40999999924, -35854.799999999304, -24904.72999999961, -34192.51999999947, -28250.29999999957, -23881.799999999777, -10849.710000000023, -8706.675000000008, -2338.9750000000085, -5240.404999999986, -417.8950000000007, -1564.5499999999975, -350.8550000000006, -344.0849999999949, -137.4649999999993, -4119.434999975278, 442.73500009328046, 1667.4550003477943, 833.5300006717458, 1323.2850014200822], "2": [-72857.03000000192, -65402.184999999925, -63257.800000000374, -66935.89000000036, -73009.69500000155, -62673.145000000404, -69242.12000000129, -68262.79000000094, -68153.58000000067, -68307.68500000166, -63226.130000000216, -60944.19999999982, -64613.555000000735, -67112.78500000073, -63083.24500000023, -62912.09500000032, -62833.30500000032, -69331.37000000125, -61867.26499999965, -65607.21000000107, -65340.790000000736, -58337.574999999386, -62260.14500000035, -64133.000000000524, -64831.81999999953, -64614.66500000034, -63405.64999999965, -62821.66499999942, -60869.164999998306, -64865.14999999931, -64263.750000000095, -59187.66499999866, -58371.04999999706, -60678.67499999751, -60155.20499999396, -71111.27999999026, -62864.44499997869, -61502.80999994057, -72286.79999993912, -63970.109999862456, -62910.814999728, -63083.47499927793, -72582.0299988323, -58697.0749975732, -50971.114996092256, -51876.6749949596, -39767.24499214382, -44928.9149886806, -49102.539988543154, -43553.51498512861, -46271.60998734723, -46930.094986184995, -42771.80998291013, -51412.249983633264, -43520.46498200328, -41022.00498158784, -47183.21998024249, -35870.14997732829, -35341.29497522393, -24613.22497549011, -33874.399971772116, -27582.809969398706, -22747.09997007773, -9655.569962696765, -6768.704961886132, -1405.9399567788857, -4523.334949638843, 172.7050548669701, -1319.9899352547518, -236.43492503613342, 74.58008113860889, 489.78509643078166, -3292.3048747265334, 809.1351428204763, 1707.9801462587734, 1614.8951750162248, 1322.370183798674], "3": [-72859.47500000172, -64938.89000000007, -62620.025, -66400.7200000006, -72843.41500000146, -62020.03000000019, -68663.15500000115, -67758.34500000112, -67956.46500000062, -68063.48500000141, -62925.8850000004, -60834.64999999963, -64606.47500000098, -66842.39500000075, -62741.51500000005, -62645.86000000032, -62753.86000000028, -69238.91000000114, -61014.63999999976, -65576.67500000083, -65373.865000001, -57692.94499999927, -61738.640000000094, -63945.20500000068, -64760.78999999955, -64162.42000000017, -62807.00500000033, -62777.96999999964, -60234.9849999991, -64570.2649999999, -63935.70000000052, -59066.60999999855, -58092.93499999854, -59968.784999998694, -60175.02999999603, -70885.444999999, -62704.399999993606, -61281.3099999859, -71492.30999998542, -63632.58499998149, -62560.98999997971, -62740.34499996259, -72424.43999995667, -58407.59499984702, -50136.934999536126, -51206.719999452005, -39792.80999895833, -45093.57999868284, -49076.94999787367, -43154.92499611168, -46279.23499330525, -46057.63498404146, -42755.939975826645, -50706.00495109531, -42721.49485018487, -40229.04470453451, -46532.89436192224, -35579.51325764401, -34579.82358625561, -24060.92187151748, -33377.93621637786, -27845.864995790318, -24012.24124841195, -11659.093394419957, -10847.273370467918, -3371.591756330894, -7324.891437333955, -1515.953889024036, -2675.8154089715526, -1433.527379620519, -1397.9324119251273, -760.7748257980578, -5321.011173972706, -191.68814588231515, 939.015066425384, 532.8641020158791, 720.6130816616965], "4": [-71800.55999858478, -60984.174999598086, -59228.83499960299, -63683.81999967885, -71006.63499977466, -59047.61999969765, -66410.85999968802, -64773.394999596196, -65807.30499963809, -62505.574999576645, -60449.5099996477, -58171.18999967638, -59952.01499953893, -64368.64499960822, -60005.66499965589, -57555.35499955007, -58470.31499950675, -65848.79999965461, -57852.71499973936, -61824.49999968221, -61603.52499959635, -52234.12499937849, -59160.91999917413, -61323.03999904235, -61519.8599982352, -60348.29999700792, -58377.87999594932, -57888.744993794884, -56560.229991389104, -59535.20999203539, -61148.88998930603, -54593.39999031818, -52101.78498318556, -56328.71998171591, -55947.59997013246, -69031.27498024816, -60341.40996245106, -57505.73494287833, -67309.00492765292, -61189.06984941427, -58803.74461934469, -56594.30353959462, -70144.78320444029, -56207.03391896427, -46832.215112930746, -49308.462675380164, -36656.91899933207, -44044.26568328686, -47332.34696735455, -42817.60082202811, -44738.55822494613, -45687.200309843334, -40127.40408280699, -49795.73835780801, -43370.44248188146, -40097.214458134506, -45954.156932679485, -32189.627007547835, -35218.92694098173, -24394.185798648414, -33273.07816008929, -27189.36609834199, -24001.6782351707, -10427.22072488229, -9069.458925699071, -2204.192430971071, -4781.499007641163, 161.02292166568054, -1961.9469293129405, -470.013371699937, -146.85956277227518, 256.1341388814519, -4298.86810358964, 1037.8635698961778, 1628.397058753843, 1007.2245744913649, 1597.5719879914195], "5": [-72794.9774211834, -65369.88885196849, -63263.58899428325, -66828.250410712, -73124.63221326713, -62720.126877285016, -69043.84402819048, -67997.17808931277, -68238.3015967418, -68591.58201035457, -63356.73494621704, -61124.402869300815, -64832.87410364392, -66850.2759724773, -63163.6676865709, -63207.210438436785, -63154.66527821539, -69563.65259964697, -61968.620885138705, -65794.40245944906, -65436.66024443253, -58531.676818987165, -62243.779309253616, -64541.64320983524, -64843.2378328839, -64533.840649104735, -63502.96695600345, -63119.02352600717, -60692.870835166155, -64866.26359285641, -64241.347764479855, -59600.93492751884, -58692.8456844204, -60624.930505558485, -60414.42251291856, -71380.7194578283, -62662.55515843192, -61830.5022566303, -72187.1824305459, -64025.895942926894, -62830.54484928008, -63459.790657032616, -72931.99083245602, -59510.54184525854, -52202.71251297735, -52875.827725667645, -41522.20536739348, -47215.62923410526, -50902.859386614175, -45412.21824799619, -47584.75374717168, -48110.38564891856, -43907.84801046732, -52875.20976590875, -44748.0554279451, -42628.94750299891, -48457.52573861963, -37569.52029586865, -37189.37979947559, -26235.38235186384, -35081.51321581438, -29411.32029961045, -25073.813223834357, -11254.68403894678, -10040.250924122014, -2471.803183880337, -6308.378962500425, -390.9014143365343, -2095.256386791843, -201.9495281195655, -435.75350363042526, 113.29469852661006, -4842.344272773909, 860.1170886839457, 1864.2911336900384, 1553.7495914065244, 1873.4811893073704]}