{"1": [198.24999992847444, 177.49990019500257, 177.4999007731676, 178.29990671277045, 176.24990018904208, 176.2998872309923, 179.19989460110665, 176.29989391565323, 176.94989411234855, 176.94989050924778, 178.84987824261188, 174.24986977279187, 177.84987021386624, 175.19988584518433, 174.74985869526864, 175.64988592863082, 173.59982355237008, 176.99985640645028, 176.7998836696148, 171.99984440803527, 173.29983141720294, 172.89981291294097, 171.89977569282055, 171.09976179003715, 170.9497576892376, 170.2497254639864, 170.39974036514758, 172.19962569475175, 172.5495674073696, 171.89950957894325, 173.94934093356133, 172.34891078174115, 171.09832813441753, 169.99787610173226, 170.4976393222809, 172.99625986218453, 171.09526731073856, 170.64447783231736, 171.39141422510147, 172.63828401267529, 172.33291048407554, 169.2242549687624, 170.5055681616068, 165.58113912045957, 157.08198178112508, 151.3045781493187, 151.34776632487774, 139.23731170892717, 73.89619132468215, 59.52972793335648, 58.02806796121877, 54.13462862092274, 55.219354978784395, 52.09005986384, 50.68910575487971, 49.90110813080973, 45.45399798812432, 45.16695598505176, 43.133216384763365, 39.30148105559929, 37.085621329688, 36.03313828261453, 32.35124080612441, 30.062946292104606, 26.96918504741916, 23.69715027377824, 20.426885721992583, 18.390138804819436, 16.409096722796676, 14.591769475604815, 13.489390376061783, 12.345428579194413, 11.940836686208787, 11.055024173358106, 10.535393284072052, 9.591844154035789, 8.840531783422922, 8.25152601912996, 8.04269065187982, 7.950320859595377, 7.863366619360749, 7.165095339031541, 6.7678552302269965, 6.2858100565994395, 5.88369297892641, 5.254409739478433, 5.393025593944185, 5.7634444332143175, 4.75348886372376, 4.752644603938097], "2": [197.65, 171.6, 171.85, 172.0, 170.75, 171.45, 174.4, 170.1, 171.75, 172.05, 172.3, 165.65, 171.15, 167.45, 167.1, 165.25, 167.95, 171.55, 166.0, 160.85, 164.35, 161.2, 165.5, 161.65, 157.45, 158.85, 159.2, 162.19999998807907, 161.89999995231628, 159.8999998509884, 163.99999966025354, 163.6499991208315, 165.7999977737665, 161.14999581873417, 162.4499891757965, 165.19997689723968, 161.0499426692724, 161.3498063892126, 163.99927031993866, 164.09710255265236, 164.23958510160446, 159.93371214568614, 159.58634469509124, 145.19376382529737, 93.00547002156672, 69.69775188380154, 80.19079373925925, 81.46757193220984, 70.31198082792544, 66.44320769333572, 66.1438050084078, 59.601993342596685, 59.89317291352345, 57.829850452466054, 56.29490950488107, 55.453585282797576, 52.24891141855333, 52.85323991245532, 50.05395541299949, 47.37169095609424, 45.414397118876515, 42.77584562873817, 39.269635290866425, 36.214278197284145, 33.21153235737438, 31.971581776821402, 28.868487367276977, 27.543623929731258, 25.246984729172254, 22.88160722734465, 20.291949634853516, 19.117440174201327, 17.472948460021872, 16.438278593536232, 14.861423857713817, 13.25391042089468, 12.544116225957987, 11.82758899605542, 11.467759201566514, 10.758021041299799, 10.604397543414962, 10.257240255833313, 9.741994087875355, 9.050797572248849, 8.143303804086463, 8.043132319347933, 7.840354533755454, 7.615186756949697, 7.036042464723868, 6.681101000921626], "3": [194.45, 163.0, 164.1, 164.75, 163.05, 164.15, 167.15, 162.7, 164.0, 162.45, 166.05, 160.85, 166.0, 162.35, 162.8, 163.05, 158.4, 162.7, 164.9, 159.5, 160.15, 160.4, 159.4, 158.75, 158.45, 157.7, 157.55, 160.15, 160.65, 157.4, 159.79999999701977, 158.64999994933606, 157.89999988973142, 157.6499997138977, 156.94999978542327, 159.94999959766864, 158.14999935626983, 156.89999756515027, 157.6999967545271, 157.0499980509281, 157.74999757111073, 155.19999664723872, 156.69999583363534, 150.09999572634698, 141.94999744594097, 138.84999477863312, 141.79999587237836, 135.2499934285879, 112.49999502599239, 109.69999296963215, 111.39999178349971, 106.79998540580273, 108.94998623728752, 107.14997588694095, 109.14997067451478, 109.59992750585079, 105.39986659288407, 106.3498944401741, 103.49991015195846, 103.79985046982765, 101.89980427622795, 100.19972738623619, 101.09954464435577, 96.74950131177903, 95.3496308028698, 96.79936136305332, 93.748945748806, 93.44905416667461, 90.84854767918587, 88.89753532707691, 88.2962739288807, 87.44544609487056, 86.14222596287728, 86.3866933465004, 82.67701312601567, 82.05499134659767, 80.78722088336944, 80.64482240080834, 78.1796507447958, 68.20941453427076, 49.573827836086274, 50.753546618853576, 49.758190402577746, 49.40676613028627, 48.990211016550894, 47.78295909033913, 46.95171214792354, 46.65252036048041, 44.85683167788666, 43.222327757178576], "4": [182.24999999701976, 20.912353262437684, 21.1091179413037, 17.115335095170302, 23.457701621757586, 19.111524899688085, 20.914647595987482, 20.229922804559465, 20.298469868853864, 16.100753195105064, 20.67047492485144, 18.90170824589295, 22.70934196203016, 26.98069291676802, 21.796956716327987, 26.399753744047484, 11.936974332324462, 21.311237777824864, 22.921376628353027, 20.413527202632395, 20.53798152229574, 20.6624154666526, 17.531353364916868, 20.692815983152833, 17.464458589033164, 22.295959314152423, 19.936589126623584, 21.501670398817804, 19.868152718782948, 22.245858652722383, 16.926659708542864, 20.482719469022413, 15.512846020184224, 16.102936256345128, 14.782100052517489, 16.264083882108388, 18.174314404946927, 17.823124969626953, 16.93438671727199, 16.994210456489235, 15.004173209189322, 15.090060395604814, 14.592547252532677, 15.186382166888507, 19.386971585011633, 22.017033990945492, 19.22438476033858, 18.38467884997226, 16.889726673200492, 15.789297139186237, 13.914881974295714, 14.796461865100719, 13.90993899202731, 12.531020789869945, 12.893525572847285, 12.229124098255124, 11.469319714859012, 11.394497244879313, 10.202721509982075, 10.426563193592301, 10.20956858592981, 9.0124840240067, 9.714837990036177, 8.903916613879847, 8.905062957647896, 7.830419511180662, 8.303094069480721, 7.82019022245222, 7.195529100806743, 7.377516395197017, 7.498562112945365, 7.233073062513722, 7.429959236219292, 7.564010766551656, 7.266117193282116, 7.291548662759306, 7.342740687768673, 7.1780987049642135, 7.087251884076977, 6.42869323813793, 6.936656480326201, 6.75348165355972, 6.62847313946113, 6.612764545058599, 6.63449937255209, 6.516376627155114, 6.565820869368326, 6.44999737674807, 6.4448221145532445, 6.167156685871305],