{"1": [-59736.47499999262, -26052.15999001935, -26886.61999007705, -25256.284990671178, -24705.234990018856, -27037.004988722816, -26652.39998945984, -23848.69498939146, -24529.729989411102, -26177.434989050795, -21644.94998782412, -23528.869986977006, -22038.00498702123, -20048.434988584464, -20577.164985869447, -17022.274988592817, -25110.339982355184, -21284.94998564054, -15477.959988367056, -16288.734984440807, -18546.33498314166, -18680.27998129125, -21118.45997756922, -19217.389976178914, -18891.01497576889, -16082.86497254641, -17975.79997403647, -17385.89996256947, -14887.329956740778, -16332.409950957848, -15960.369934093333, -17643.424891078175, -21466.61483281346, -17369.924787611384, -16928.28476393553, -16082.429625991566, -15827.709526742092, -15532.104447808879, -16937.154141462437, -14522.173828480541, -15028.093291239138, -15687.767425853928, -15283.53055761637, -12700.943116288181, -4354.19320451201, 1436.2595150476693, -897.109981217683, -1032.8482336661193, -1458.4930582571023, -2046.1405072883485, -2435.1388655533788, -480.0637693031188, -1024.5271415048824, -728.5334665306736, 1025.6705634882696, -341.9391538335942, -111.29036148340018, 595.8635284896276, -829.6484798930649, 2026.3177564412367, 1155.436077973131, -383.5487538353201, 1629.713636010996, -1245.5677846734457, -23.572562309895666, -1514.9195353926202, -1404.8216492972372, -2464.8661231984847, -1573.988872833369, -1230.3250021438, -1573.1738393619476, -699.7247390675934, -1761.1028493966537, -1062.512804599865, -1360.9805826768263, -539.7575482903073, -2316.5158073171524, 301.343746840799, -814.7851156361123, -2990.6010499098234, -2176.0045977937375, -2566.137163279365, -3090.8475920902733, -2366.2137504338057, -940.6005997957233, -585.4559620109362, -1308.2992205268652, -1191.4759444129336, -299.4169553545259, -185.9413147953219], "2": [-59537.01999999975, -24492.65499999989, -26032.504999999735, -24301.839999999786, -23607.844999999983, -26011.1049999997, -25546.71999999972, -23099.05999999983, -23600.659999999913, -25269.96499999977, -20656.764999999876, -22391.734999999746, -21038.669999999827, -18857.6549999999, -19591.024999999947, -15603.70999999993, -24298.579999999864, -20089.839999999916, -13931.700000000123, -14637.600000000113, -17045.489999999903, -16857.714999999916, -20015.0499999999, -17930.019999999924, -17014.004999999946, -14740.035000000038, -16466.574999999903, -16227.194999998736, -13203.569999995325, -14773.274999985031, -14486.29999996605, -16495.13499991206, -20500.744999777296, -16249.869999581813, -15487.354998917512, -15064.81999768976, -14763.964994267211, -13993.119980643096, -15779.569927085395, -13298.174710569694, -14347.72396233528, -14376.108398630051, -13971.049191189406, -11530.122539250846, -5875.9359968141425, -97.31885839906816, -2437.495295033398, -3106.1472884998498, -867.435490133394, -1993.6267876944053, -2544.0186070619557, -382.62717083075273, -559.3339086165754, -891.2763908989131, 372.5921648353295, -219.10178699834006, -217.49175118140633, 313.5550474174408, -608.9403395542851, 2072.3686504919847, 1392.2800057120203, 445.1998292346715, 2070.131198510234, -377.25334146538864, 538.3427912182489, -76.18775196546767, -389.39990719032596, -1267.8399416806037, 48.47264682937282, 190.31587844513646, -522.2183840067603, 205.9672992591712, -870.4056559234617, -411.29010092410874, -1114.9473350323647, -550.9422608140753, -2302.796244034202, 708.7859748597663, -861.3936752291786, -2452.335041579442, -1882.102904404357, -2562.6361269568793, -2886.261881130248, -2165.1168228902584, -951.963628932573, -664.9114829694631, -1261.2138096532126, -1160.2156191616932, -774.8164008948554, -170.15906892596547], "3": [-58006.21499999934, -22838.199999999793, -23701.984999999775, -22420.80999999982, -21932.68999999979, -24449.194999999672, -23948.779999999682, -21130.32999999983, -21824.469999999805, -22950.24499999977, -19423.97999999973, -20826.014999999752, -19601.479999999905, -17575.39999999982, -18400.679999999906, -14812.454999999982, -22069.26999999991, -18265.484999999804, -13407.335000000132, -14181.740000000133, -16125.529999999966, -16300.139999999887, -18567.019999999866, -17047.97999999981, -16535.759999999947, -14185.940000000137, -15563.570000000042, -15124.854999999914, -12720.635000000142, -13917.925000000028, -13529.034999999752, -15535.15499999497, -18917.119999988812, -15336.769999971419, -14616.019999978522, -14045.249999959833, -13919.244999935623, -13342.36499975656, -14937.324999675475, -12451.544999805132, -12840.779999757233, -13561.094999664692, -13060.884999583433, -10234.874999572681, -3541.854999744594, 1369.1600005221387, -429.2399995872373, -306.81999934285886, 1148.8400004974021, 885.1150007030395, 393.88000082164933, 1543.9050014594209, 1694.4900013762751, 1356.355002411308, 2054.2150029325485, 1593.4850072494157, 1668.1250133407127, 1883.7550105559844, 1485.7150089848078, 2645.5600149530214, 2512.1750195723794, 1473.9100272557139, 2670.6000455215576, 1478.9250498452784, 2109.4250368675575, 1438.1550637909759, 1702.0751052415392, 1266.660094258784, 1569.0851446312674, 1644.5952456596497, 1410.015370903613, 1676.4804522803436, 1104.0057707464696, 1683.1213056662666, 1536.7122485032671, 1713.9143572661294, 1115.580751569271, 1843.4891835275262, 1445.1144991207145, 822.350647568107, 1169.5642146890839, 960.4184876273388, 1072.3485107649662, 1109.7572569941462, 1762.2578144671174, 1894.926679854636, 1520.554006711876, 1561.7052124991637, 1869.6166245398804, 2038.5562401389222], "4": [-51350.48999999768, -33062.78402610843, -34009.091764062134, -32495.841368662677, -31932.93722813976, -34892.53406809111, -33490.13753175402, -30891.334385855975, -31474.426052567345, -33875.13338312299, -27758.59490368939, -30509.397174879712, -28300.660294287354, -26161.26822487518, -27293.65914845424, -21975.23659973453, -33596.827218238075, -27543.68412047928, -19616.52776330341, -22050.534413297763, -24282.546129314098, -24650.82143210059, -28819.51837709806, -25995.82116696686, -25091.35605681313, -22113.71924649352, -24066.66293818608, -23524.612839482113, -19661.88695579704, -21730.942283085496, -21694.700853894803, -23886.15670657564, -29068.97277957692, -23930.05200175971, -23155.708862162614, -21978.693312404186, -21862.475386546772, -20959.62824075568, -23287.874698263822, -20402.48239253705, -21094.309092376287, -21859.053879224364, -21247.49053634261, -18049.030859880608, -9770.35941815089, -1486.4267718792212, -4655.414797446673, -5028.765558175224, -3332.4647815976177, -4376.4666609895485, -5073.595182362182, -2711.9648764001827, -2669.266691292551, -2743.260204794803, -856.0238253003238, -2039.0945104575871, -2154.824778235294, -1084.7138409372226, -2872.818562839753, 481.19842592255355, -285.96336214094435, -2030.1623235637303, 888.503244323467, -2262.415068714222, -901.938606673217, -2603.168219561159, -2156.7627510869706, -3441.5215682544213, -2433.6651467737934, -1915.7837738992944, -2354.829785772231, -1583.0486789685488, -2637.8557363135233, -1690.9310665665446, -2149.0849324706546, -1331.9714205730882, -3317.1026473662823, -358.9244961355673, -1656.6180147785858, -3691.626325951558, -2805.9812624167967, -3198.069456257408, -3859.461497788098, -2865.3457888146518, -999.8255738254782, -635.0739876180951, -1281.876331691597, -980.1066712061623, -124.50760637261806, 399.9993044321034],