{"1": [198.96003582626582, 199.00841117501258, 199.092146220617, 198.6683822629042, 199.08521335199475, 198.7927600979805, 198.75516067780555, 198.9807977207005, 197.43053213357925, 195.15088473372163, 184.87808731347323, 168.48033094407293, 155.40778920110316, 146.23378299148754, 136.4698054985609, 132.30180456396192, 131.49891940560192, 124.75769298244268, 120.7175452504307, 121.30244117826223, 115.44823347330093, 115.97781761474907, 114.63156338334083, 111.79612510502338, 112.1993318522349, 109.16826761253178, 108.32862040176988, 108.59670914933085, 107.63150955662131, 106.22030758708715, 103.00679316967725, 104.98591371383517, 101.10569953620434, 102.20819149017333, 102.00604069828987, 103.56465609092265, 102.28098489493132, 102.54951703641564, 103.27563086241716, 103.39003659971058, 102.92906091548502, 100.99989136569202, 100.38976550246589, 99.24313597418367, 99.74921751245856, 98.13002763539552, 99.79572440944612, 98.45015897769481, 98.77425465825945, 99.17195321572945, 97.51078819762915, 97.7511039301753, 96.3010052934289, 97.79794250279664, 98.98475117385388, 96.7600259616971, 96.20245712138713, 98.48332746364176, 94.88077271394431], "2": [199.23025144375862, 199.0353863298893, 199.37420801073313, 198.69132561013103, 199.03978829849513, 198.03325122352106, 197.0868857845664, 195.33768406715245, 163.4557900399901, 143.72231418605662, 121.84938439745164, 109.25428125413892, 87.49777527416299, 70.28574935330252, 64.26755973994732, 58.503440777066864, 57.20460964544909, 51.24990018561366, 45.97457972074626, 45.1546601962822, 42.46293144416122, 38.65479796673753, 35.58635356915765, 34.231341109864296, 33.47673921250389, 30.264824999059783, 28.96475452071754, 27.926194824499543, 25.30722075648664, 27.290759377437645, 24.40225806290109, 24.647710570672643, 22.827865149025456, 22.647925381557435, 23.00210113112407, 19.961123577758553, 19.905556588844046, 19.71138583791326, 19.799491956908604, 19.238127822379465, 18.978269221747176, 17.784844789060298, 18.041706193590652, 17.29235319381405, 17.60134272381838, 17.434210592054296, 15.942501199553954, 16.47699970068934, 15.758297523940564, 15.393229338902165, 15.408334797510179, 14.286037201879662, 14.721249333041488, 15.053807981777936, 14.388756490458036, 14.953314376377966, 14.931940177435171, 14.115776965022087, 14.674149250937626], "3": [199.99962360858916, 199.5011382803321, 196.34175123684108, 193.2505007424159, 193.01069815270603, 191.24516012342647, 176.85871773157268, 153.56404025638477, 149.79735231577652, 141.75438059335573, 139.48377220565743, 118.12106209542836, 90.3594448114396, 82.73786728580016, 69.90092624425597, 60.341024522000225, 54.47249125479429, 46.958590900042324, 39.09678383078426, 35.32445764539007, 30.79942006118072, 28.369314816218683, 27.23806003415957, 26.840695887591572, 25.061143003453616, 24.735081014293247, 21.68309169735585, 21.31715092040249, 20.02822919144528, 20.609286397311372, 18.47663518229674, 18.001357807873866, 16.681867385390795, 17.244281841343035, 16.216521647918853, 16.429358959864476, 15.65015331497998, 16.15081403370714, 15.525067754581688, 13.392742894479307, 15.496406489284709, 13.51218529798789, 13.379882363139767, 13.030909312693984, 14.680211366695584, 12.824008946100367, 12.752475465275348, 13.543001486526919, 11.51472090461466, 12.374786503700307, 13.591995954519371, 12.48434517091955, 12.365485849665129, 11.568160944321425, 12.480793957129936, 11.227896539904759, 11.854868926823837, 11.83448355057626, 11.913112038804684], "4": [200.0, 200.0, 200.0, 200.0, 200.0, 200.0, 200.0, 200.0, 197.1, 194.0, 182.5, 170.3, 152.3, 141.2, 138.6, 133.4, 130.2, 126.0, 122.2, 121.9, 117.2, 114.6, 115.4, 112.6, 110.5, 111.1, 109.1, 109.3, 109.0, 109.3, 105.0, 106.1, 104.9, 104.4, 105.5, 103.6, 103.7, 103.4, 103.2, 102.8, 103.2, 103.2, 102.8, 100.8, 101.2, 99.2, 100.4, 100.1, 100.5, 101.5, 100.6, 98.7, 99.1, 97.8, 99.7, 98.5, 98.3, 97.39999999403953, 96.29999997019767], "5": [192.22536688700785, 192.7382405075885, 191.0678704151418, 191.13026592927054, 189.39882850972936, 187.43667544255732, 166.3109749119263, 104.93992314159986, 77.8806357906753, 56.6640015932353, 47.45158026307472, 41.51662260631856, 38.34625418439682, 36.17690072723781, 32.546746286941925, 31.335979307148953, 29.170352983521298, 27.84085646449821, 26.23982467513706, 25.28998581461492, 23.88509893065493, 24.030512092416757, 23.275526354051543, 21.682141437800603, 22.5568847560673, 20.611572256704676, 20.298951382699308, 19.208693405301894, 19.89724727634166, 19.75515402718447, 18.740538982237922, 18.333421954189543, 17.50850181794085, 16.88101583957905, 17.551131063175852, 17.35972632235498, 16.794958159441013, 16.744787436313345, 16.166870994499185, 16.175143229245442, 16.161595621332527, 15.56253054907138, 15.53182017939107, 14.499307915521786, 16.02291375756031, 15.066766798417666, 14.850515450173408, 14.969843272786239, 13.866427959949942, 14.261088316715904, 13.846682673163013, 13.682662171820994, 13.819704637475661, 14.073788081941894, 13.396095922667882, 13.360836314561311, 12.688701698780642, 12.98237787722319, 13.206058411093546]}