{"1": [-77025.9642074421, -66191.06000005007, -72101.18325296622, -70130.67480923506, -72101.0999581106, -77025.79400797487, -73085.88141359724, -71116.08076975569, -60871.775369954106, -59255.461064670606, -45412.27814016491, -24561.624892004962, -14399.41121660527, -13284.478987827617, -10029.401071508368, -8136.401843670569, -11497.199038400315, -9250.000211639888, -10276.371179592981, -6947.007875345647, -6012.407625389099, -8118.555437054485, -5670.9417338907715, -6661.118307247758, -7326.544984062947, -6971.423538960889, -5011.142921290547, -5266.1986459188165, -5834.631563671678, -5040.523985730111, -6421.780325330794, -4260.407237639092, -5747.727192738652, -5906.0063262581825, -3020.2332730829717, -6411.427582892776, -5591.9975311383605, -4953.987196219899, -4021.6783312985326, -2928.0577050495895, -1681.3487996969372, -1839.566532092914, -799.8381203785073, -4471.673621917516, -1849.567668607086, -3726.8369967594745, -3442.1287821348756, -5429.512932354398, -2254.197597643174, -5197.179364487063, -2836.1064258581027, -4559.976289995015, -5362.686861266196, -3269.11548525244, -4940.60776104033, -4213.636763389409, -3125.8708094391973, -5061.840119532123, -4991.398436003551], "2": [-77026.37552258707, -66191.16229117215, -72101.41610111148, -70130.8893052958, -72101.07268454302, -77025.17206717488, -73084.36724051535, -71112.57411283758, -61228.36971906731, -60454.52303539034, -48082.76929864306, -29050.64061456474, -19176.45077883566, -18029.804596100166, -15868.03253404717, -14116.638893916312, -18384.830506764738, -16304.223092857113, -17972.050603632804, -12993.547883620538, -12612.783252129626, -15221.823517459916, -11399.71598623335, -14388.946792532477, -13942.460716706148, -14962.487141257088, -10758.01803941516, -11184.703478251433, -13034.836367156677, -11707.013284757384, -14899.402909863817, -10190.292856902422, -13386.699890425862, -12623.712845767717, -7574.116283799772, -13507.058827913108, -12237.137326198295, -10439.468321294868, -9349.270815713642, -7504.656728948231, -5033.502767895462, -5679.477574182127, -3596.5263400092285, -10074.909851966591, -6148.082508968396, -9080.076653932605, -8678.313061590732, -11832.645616371059, -5662.087484065132, -12234.144192307935, -6349.786761522427, -10321.584365605846, -11386.851746064893, -7746.854487472772, -11377.897540048212, -9751.396798761993, -8288.10822328539, -11057.880722275144, -11265.106949388562], "3": [-77125.99963443875, -66345.50113858431, -72222.3585271608, -70259.3477052667, -72219.03585205786, -77117.53971990375, -73182.94688207898, -71200.42911494868, -61349.557500910116, -60567.64421719206, -48164.304709177566, -28763.522450584092, -19089.08662673017, -18044.254424444265, -15943.81867684554, -14046.396895535367, -18056.163452174696, -15622.652272574027, -17663.425530719815, -12646.11452093244, -12280.159472554305, -14904.160252453245, -11096.847922936175, -14077.454399483939, -13782.172116883987, -14307.876058541378, -9968.231422697918, -10909.383594160254, -12571.874926365552, -11221.812422669482, -14577.351405498266, -9726.129596158586, -13048.754511328289, -12179.165426423371, -7269.327950261693, -13202.162036033968, -11931.935170613631, -9956.2801570773, -8915.107725949896, -7328.03478837859, -4695.224350274797, -5364.336103200878, -3303.2290103483974, -9804.126203107453, -5959.020740304613, -8898.694274120013, -8546.079392154492, -11581.477932567093, -5413.864957885232, -11909.007306521846, -5872.649139098596, -9934.165335985348, -10869.978814158185, -7534.080828318588, -11145.53901957627, -9554.888075359868, -8127.799208845827, -10824.192153863789, -10707.90438910724], "4": [-77126.0, -66346.0, -72226.0, -70266.0, -72226.0, -77126.0, -73206.0, -71246.0, -60594.6, -58661.9, -44747.9, -24817.7, -13996.3, -12315.6, -10704.0, -8699.6, -11371.1, -9871.1, -10680.3, -7408.4, -6562.0, -8387.6, -6184.5, -7030.6, -7139.3, -7564.3, -5270.5, -5627.6, -6184.4, -5527.8, -6933.8, -4698.6, -6396.2, -6402.6, -3435.8, -6657.0, -5977.4, -4950.3, -4355.1, -3267.9, -1916.9, -2149.0, -1312.5, -4753.2, -2414.2, -4095.0, -3785.9, -5936.0, -2559.8, -5646.5, -3329.2, -4793.4, -5592.4, -3465.8, -5237.6, -4690.7, -3566.4, -5048.299999994039, -5278.6999999701975], "5": [-77212.65379905526, -66488.37347610554, -72336.76999542429, -70386.42517057406, -72335.07325519537, -77207.84460160861, -73288.13838504138, -71276.59044947763, -61319.759150420934, -60434.26331209667, -47907.892887197115, -28748.450864564686, -18852.72322545467, -17602.023836378154, -15477.46909101891, -13817.225855232795, -17982.473510150874, -15868.10660146157, -17593.26126982429, -12580.636740045127, -12125.313170848469, -14664.632496700788, -10843.078670944213, -14004.408978135714, -13484.2069284131, -14501.568110469603, -10089.15123026571, -10714.614526386835, -12551.824580074332, -11163.869339156241, -14439.007901735644, -9847.596173729791, -12939.684347476428, -12056.084899211874, -6998.521577247954, -12983.506021930942, -11883.505408532938, -9992.062430537175, -8870.061883225044, -7136.924282034318, -4629.010882311367, -5197.558807091639, -3013.6325786808184, -9496.795038978185, -5662.583408988811, -8712.039956803774, -8343.0018134277, -11391.771869134745, -5077.288951963361, -11890.413603516728, -5837.859434262029, -9706.966209295872, -10599.87956140374, -7272.249486462999, -10920.433539045227, -9322.000549519109, -7881.761402177476, -10757.653950750551, -10839.53303250153]}