{"1": [198.9, 186.9, 187.75, 189.95, 187.95, 188.35, 186.5, 189.15, 187.45, 188.25, 191.15, 189.65, 186.9, 186.3, 187.55, 185.5, 187.9, 188.5, 186.75, 188.15, 188.8, 184.45, 184.7, 186.4, 183.95, 184.85, 185.4, 186.75, 185.5, 183.75, 187.0, 186.65, 185.45, 182.35, 188.3, 184.75, 186.8, 184.95, 184.85, 179.3, 183.4, 184.35, 186.1, 185.1, 185.95, 185.25, 183.65, 183.3, 182.8, 184.45, 182.55, 183.75, 183.15, 184.3, 186.9, 186.45, 186.2, 181.85, 181.95, 181.4, 178.7, 180.0, 182.4, 169.8, 180.45, 166.7, 153.85, 143.0, 147.35, 148.2, 151.25, 152.3, 147.15, 148.45, 147.2, 150.5, 153.5, 152.85, 152.9, 152.2, 152.25, 151.6, 150.1, 150.4, 150.35, 150.55, 149.0, 147.15, 147.65, 148.05, 144.55, 146.3, 144.55, 139.85, 143.65, 143.0, 141.6, 140.8, 143.65, 140.15, 141.05, 140.15, 137.0, 137.5, 137.75, 137.85, 137.35, 139.45, 137.7, 137.75, 137.4, 137.1, 140.45, 139.75, 139.15, 133.35, 137.45, 136.05, 137.09999999701978, 128.99999999403954, 112.74999999701977, 113.29999999701977, 111.24999998509884, 111.79999999105931], "2": [198.8, 186.2, 186.15, 187.9, 186.45, 187.0, 183.5, 186.2, 184.25, 186.95, 189.6, 188.45, 185.3, 184.6, 185.55, 184.15, 185.35, 187.7, 185.0, 186.55, 186.55, 181.15, 183.5, 182.4, 181.55, 183.05, 184.25, 185.05, 183.45, 180.7, 183.85, 184.5, 184.1, 179.8, 186.05, 181.8, 183.75, 182.15, 182.15, 177.6, 180.7, 182.55, 182.55, 182.9, 184.5, 183.2, 180.9, 181.95, 179.8, 182.75, 179.4, 181.85, 181.3, 181.4, 184.0, 183.4, 181.8499999910593, 178.99999956786633, 178.39999429583548, 177.89996161758899, 174.39939687252044, 177.78622235059737, 177.85417740941048, 131.67625942341982, 154.78592892364685, 128.80831445440853, 96.41024994174367, 88.3715512734605, 87.04338750169555, 83.62794560853945, 82.95285649487487, 77.59392766690144, 71.59649893409805, 64.14150411788724, 56.54572831086698, 47.94081201166118, 43.61559524450713, 36.411166770487036, 32.12956417705427, 29.342960080024206, 27.28057384670101, 26.347317704795568, 24.61644053634809, 23.71881744864222, 21.769844643824037, 20.3914459039981, 19.805384858953765, 17.866038822807603, 18.109663937648293, 16.29799459725473, 15.801087193776038, 15.046413417310395, 13.836865603088517, 13.355163741890284, 12.986337113461923, 12.965736236104567, 11.58262504144077, 11.051612418799778, 11.381966822448884, 10.591606646138825, 11.604649848812551, 9.31530461977818, 10.504637805616948, 9.606905314611504, 9.829861574887763, 9.536508793642861, 9.443351697841717, 8.890873194974848, 8.212604100460885, 8.344201256005908, 8.035892623558174, 7.316912356967805, 7.707439828196948, 7.628918784038978, 8.235246638942044, 8.059360841936723, 7.199166631005937, 7.562799621958402, 6.889579323987709, 6.298634457167646, 5.142156499876, 5.167115293131792, 5.107609201247397, 5.1536601200947185], "3": [198.15, 181.85, 183.35, 185.3, 183.1, 184.35, 182.4, 183.9, 182.0, 184.2, 187.5, 185.05, 182.3, 181.85, 183.05, 179.25, 182.35, 183.45, 182.25, 182.85, 183.3, 179.7, 180.45, 180.95, 179.5, 178.9, 180.3, 181.4, 181.35, 177.75, 180.45, 181.5, 179.65, 176.3, 182.95, 178.15, 181.5, 178.9, 179.9, 174.25, 176.8, 178.5, 180.25, 177.95, 180.4, 179.8, 176.9, 176.5, 178.2, 179.25, 176.7, 177.65, 177.15, 178.15, 179.6, 179.4, 179.7, 175.1, 174.6, 173.8, 173.2, 172.8, 175.95, 164.3, 171.95, 159.55, 146.35, 138.95, 142.45, 143.0, 144.9, 145.45, 140.75, 140.75, 142.05, 145.35, 151.65, 150.7, 150.4, 148.7, 147.9, 149.3, 147.35, 147.6, 147.3, 146.7, 146.5, 145.0, 146.25, 144.9, 144.1, 144.35, 143.45, 142.0, 142.15, 142.45, 143.1, 141.0, 143.5, 140.7, 142.05, 140.6, 139.85, 140.35, 140.65, 140.44999994635583, 139.9499997138977, 140.64999894499778, 140.44999716877936, 139.1999897032976, 139.249963209033, 139.7498852044344, 140.99966109097005, 141.24896358549594, 139.74517136514186, 138.57950231432915, 139.7379323720932, 139.37919334471226, 137.35142518281936, 113.5670786106959, 65.27096401742601, 60.133826709340795, 59.71729672882793, 56.61228535504633], "4": [190.6, 142.95, 152.1, 157.15, 148.45, 151.6, 148.75, 154.05, 148.45, 150.9, 156.45, 153.5, 143.6, 146.75, 149.05, 136.75, 146.35, 151.05, 144.7, 146.65, 145.5, 138.45, 140.4, 145.85, 141.05, 135.45, 138.75, 137.85, 139.75, 139.6, 139.55, 141.3, 137.1, 130.15, 145.3, 136.35, 140.3, 137.9, 137.0, 124.9, 135.65, 132.8, 140.45, 138.1, 140.55, 136.95, 131.4, 131.25, 135.7, 135.5, 129.75, 134.6, 131.3, 139.05, 139.15, 140.2, 140.3, 127.7, 134.2, 130.1, 124.3, 125.0, 128.95, 121.1, 137.1, 116.45, 104.85, 106.8, 107.75, 111.35, 106.75, 112.75, 105.55, 105.2, 113.6, 122.25, 145.15, 145.6, 145.85, 145.35, 146.15, 144.0, 143.1, 144.15, 143.7, 142.95, 142.75, 141.45, 141.1, 141.6, 140.6, 141.15, 140.85, 137.75, 139.55, 138.75, 137.7, 138.2, 139.1, 139.3, 138.65, 137.5499999731779, 136.79999992847442, 137.699999833107, 136.79999976158143, 136.8499995559454, 137.94999926686287, 137.49999891519548, 136.34999809861182, 136.4999973744154, 136.7499956011772, 136.19999294877053, 137.79998875260353, 137.94998346567155, 138.5499700307846, 135.79993788599967, 136.94988328516484, 136.19977816343308, 135.34948001503943, 127.44861989319324, 109.09579538404941, 109.1887464940548, 108.41397541165352, 106.9451539337635], "5": [51.29824376071629, 13.783697652183765, 28.391019037598745, 23.943898465757957, 26.00776825023786, 20.836902652296704, 22.121599479539146, 18.65179272874375, 21.061635137852864, 16.45087361572514, 18.09632371135958, 18.364010483758467, 18.193336977489526, 18.28589671554073, 16.961306984040128, 14.987198216338584, 14.590393556296476, 14.248939107215847, 13.176613089792955, 12.240580475892056, 12.154332427076588, 12.170436641080595, 12.06050982241577, 11.862429908188641, 12.136191802124085, 11.026248879995546, 11.224747525880229, 11.001348094492277, 9.70505666617537, 10.122652879431552, 10.122982007809332, 8.87579633067071, 9.613581143050396, 9.751401455450104, 9.057734125254502, 8.744258708880807, 8.693776422388328, 8.950312928775384, 8.329317201241793, 9.138672359361953, 8.710592765914043, 9.182428429054562, 8.006030876944715, 7.413112330912554, 7.14156307643716, 7.236194671459089, 7.404736543657782, 7.2158375841128874, 7.240055097077857, 7.171312109931023, 7.288495879792026, 6.771947246121999, 6.885414312481589, 6.642097881503287, 6.161449532136612, 6.201001535788237, 5.802839349636633, 5.952731352468254, 6.275045941631833, 6.007495553024637, 5.805698746905546, 5.9156594373853295, 5.475537718441046, 5.365146749002451, 5.480421825782105, 5.401061560616654, 5.267501517136407, 5.2385423359039125, 5.231904407427646, 5.029647728495183, 5.065877326863119, 5.0495195175695695, 4.815886255342048, 4.674159103170678, 4.717374582645425, 4.390191372789559, 4.418857241197839, 4.358446874670335, 4.3583731822785925, 4.423677576478804, 4.278168622488738, 4.25040722804697, 4.383761233049154, 4.2759496292797845, 4.2656161781342234, 4.345325122999202, 4.208535655938613, 4.194747974653728, 4.374347740809026, 4.238701944645436, 4.328222170576919, 4.455784317180223, 4.283305829121673, 4.3990627949140615, 4.402589697942313, 4.328790786254103, 4.360199931051466, 4.210734153924568, 4.233073741469707, 4.31207799284748, 4.392893188049493, 4.347306765484973, 4.367723304688115, 4.324400057485036, 4.288022824445216, 4.242747820357908, 4.253980552528811, 4.143302553817921, 4.403048489053617, 4.334310971920786, 4.166619406695827, 4.306039703219722, 4.205367538025894, 4.193337050695845, 4.03555535657506, 3.9738453945465153, 4.173614134493983, 4.051082364538161, 4.095536464052566, 4.1276192086123045, 4.351221191507648, 4.257056013128022, 4.49426134708483, 4.5482433609460715]}