{"1": [159.94984926581384, 142.73056376352906, 142.10421078540384, 141.3638201791793, 141.49118940830232, 141.34847400505095, 140.0390464603901, 140.122911696136, 141.42726083770395, 142.10651860162616, 142.1569798450917, 142.1551468655467, 143.06816945783794, 141.16583506278693, 141.54421882852913, 140.51209516599192, 138.2194922491908, 139.61210688129069, 139.8526335835457, 138.691481025517, 139.92288436293603, 141.2568206973374, 139.3430092394352, 139.69465931922895, 138.50174447409807, 137.21929261982442, 138.55059577971696, 139.46127978228031, 138.65236659199, 136.17285368144513, 137.8698994413018, 137.15124221481383, 137.8830646709539, 139.28151712864639, 137.91942441295834, 136.38830092996358, 136.21813993155956, 136.63009864762427, 135.63079071193934, 137.95885790921747, 137.61888856943696, 137.45373225957155, 139.00153460241853, 135.85531654339283, 136.74481619931757, 137.54222758663818, 137.57351805754007, 134.98918571174144, 133.49967252612115, 137.2588778886944, 136.19955639466644, 136.5116673735203, 139.11544043794274, 135.3477495249361, 136.23672789633275, 135.21031128317117, 108.95678953006863, 109.37722897976637, 104.11589920595289, 106.27314305454493, 101.76429929062724, 103.06086368523538, 104.37297166399658, 103.72352535240353], "2": [62.959262569028944, 25.50096930361324, 22.66472134233045, 23.67642377325974, 22.765886605986452, 22.32401488949399, 23.50725564979657, 22.738298486154235, 23.592973375580915, 22.032001404094625, 21.516390075947857, 22.49200479843712, 22.367534765545862, 22.003758721335906, 22.464228090849065, 22.722253869193082, 20.078181531469454, 22.137559564542606, 21.896524035588662, 22.49742796884093, 19.564196722977794, 22.365152869120358, 21.71688439758582, 21.284375800350972, 20.425847950440946, 21.523279232946514, 20.955007148353616, 21.658318646591216, 20.176932506285084, 20.613606580383202, 20.050663517948124, 19.79824099408579, 20.45157232235215, 19.419049847142013, 18.249557673031813, 18.89125481780502, 19.250727870520496, 18.88191255060665, 18.636856781720418, 18.843904274358646, 19.62804812606628, 18.286722198284405, 18.179621090434374, 18.498596675487352, 18.326393961878786, 18.834639211460306, 17.101959473930766, 18.0064856491299, 17.212056854811088, 17.077590403912474, 17.809770952981488, 16.488233349463552, 16.357131940883118, 16.63918004059524, 15.642462141544092, 16.093284834174845, 17.146485323045635, 17.80549325493048, 16.779483684996375, 17.05593728560343, 16.280247703168424, 16.57836508800101, 16.828699687299377, 16.400933776819148], "3": [161.04999986886978, 148.6, 148.3, 147.0, 148.35, 148.15, 147.15, 147.95, 147.7, 146.4, 147.55, 148.05, 147.45, 146.8, 147.6, 147.2, 145.7, 146.45, 146.1, 146.65, 147.25, 147.25, 145.9, 146.6, 145.55, 145.05, 146.64999999701976, 146.25, 145.05, 145.0999999910593, 144.5499999910593, 145.04999997615815, 145.49999997019768, 145.84999997615813, 144.549999961257, 144.44999994933605, 144.14999994337558, 144.0499999076128, 144.599999833107, 144.99999977350234, 145.39999949038028, 144.84999938905239, 144.3499993443489, 142.89999925494195, 143.94999838471412, 145.04999680519103, 143.99999509751797, 144.6499920785427, 143.24998583495616, 144.2999747633934, 142.44993516504763, 144.29981940090656, 144.44931165277958, 143.19757736027242, 143.82644275128843, 141.48448013067247, 64.35043981304334, 64.7899541914463, 60.77792231286294, 61.26324550730205, 59.0944193313524, 56.31064142305986, 55.65016702760185, 55.74851683613961], "4": [31.295668492553524, 16.787422987060562, 15.623792688632966, 15.42245152102987, 15.4568997575916, 15.639320471245446, 15.747242817601364, 15.462024153878156, 15.69221443641436, 15.120598191872705, 15.166348499774177, 15.598285915044835, 15.273639032687061, 14.946438580968243, 14.45675432004209, 15.21583013736963, 14.455099383226479, 14.676384769559082, 14.319836639758432, 14.259374191742973, 14.293999116602937, 13.995840179211518, 13.849995395060978, 13.60985267873184, 13.291493807348889, 13.896035806839063, 13.380671143817016, 13.549367604751023, 13.479817505604297, 13.228103977031424, 13.262626810430083, 13.681531537359115, 13.575894156747381, 13.313919102674117, 13.097330382633663, 12.903396577347303, 12.728088595422742, 12.668208701002005, 12.28672381806391, 12.388920196000253, 12.707650657794147, 12.38725851803465, 12.050156635300663, 11.8065133175347, 11.972949696796423, 11.791079562577943, 11.688450733138598, 11.921546259880415, 12.075138981782947, 12.09273971501825, 11.973641486957785, 11.55323327637161, 11.643435626043356, 11.321136409715109, 11.392322204983794, 11.503976057902037, 10.482796272778069, 10.58468587861571, 10.666263836229337, 10.499456164524599, 10.177757727475546, 10.373782731455867, 10.225786464878183, 10.072718801724841], "5": [158.55, 145.85, 145.2, 144.05, 145.7, 145.25, 143.95, 144.1, 145.05, 144.5, 144.55, 144.75, 144.35, 143.95, 144.1, 144.75, 143.25, 144.2, 142.95, 143.75, 143.15, 144.35, 143.45, 143.2, 142.8, 142.8, 143.0, 143.25, 143.15, 142.4, 142.0, 142.85, 142.95, 142.2, 142.7, 141.85, 141.9, 140.95, 140.95, 141.85, 142.5, 142.8, 142.4, 140.75, 140.85, 142.0, 141.95, 141.9, 140.1, 141.6, 141.2, 141.05, 142.25, 140.55, 140.4, 139.95, 111.0, 110.95, 108.1, 109.45, 105.7, 105.8, 105.35, 105.2]}