{"1": [-16896.53502985774, -9471.73823904076, -14159.050421793221, -9085.191403059558, -11534.404325842866, -9281.511804125039, -10549.765419584513, -11042.879828993833, -10462.129811846859, -12181.9312269863, -13251.020710548886, -12467.118211980316, -9868.324754574438, -9771.781961720102, -9916.031012870892, -11249.048910923697, -10772.76626121857, -10813.256438497989, -9042.785397400285, -9703.590796012739, -11666.38331388804, -11333.881279282967, -7057.676758503029, -8244.68557508914, -11607.539593343547, -6106.661953528816, -6826.848655272128, -6583.884023962426, -8377.175552935161, -7876.437296294268, -8813.37722167299, -8972.265433757359, -8525.338330033572, -7702.763155892055, -7642.551976695786, -6747.713833275901, -7973.10423299402, -7361.623899129411, -7846.1131264092055, -7038.207585591421, -5577.065811129805, -5749.843484802847, -6639.060313395862, -5817.691881778958, -7746.859608077759, -5433.637073162752, -7951.567778311587, -3886.282276284694, -5988.945707491944, -6804.718096576296, -4642.90996083848, -7460.086617425363, -6573.851557298969, -4823.169889267648, -8157.601843761952, -6761.841073997784, 1487.6365012710569, 1842.9322386653735, 1131.5753182058784, 1491.5026442991225, 1791.010135653391, 1355.698739666381, 1172.53884938348, 1661.3479677652206], "2": [-24384.20591646123, -18213.609096338765, -25006.352449457638, -18015.999426745584, -21420.324275639498, -18590.629495849073, -20047.808204137775, -21000.32132300901, -20311.640619832448, -21915.701728559987, -23818.03317390292, -22696.61452980149, -18958.330354471516, -19214.84380562498, -18895.629039140207, -21337.811469316708, -21005.365198192154, -20083.947443539204, -18357.58955318392, -18696.279522348374, -22256.990681952717, -20727.942138035556, -14906.09445103422, -16716.15446124472, -22226.377800984268, -14233.656747655972, -14808.725036005791, -13863.931136863752, -16773.901660349624, -16106.573252301207, -17701.92552170489, -17948.281080935158, -17316.7912456456, -15727.900309562934, -15635.955670720787, -14836.138205383302, -16944.950214171873, -15121.14906516486, -16559.12258670053, -15023.828400077566, -12399.647710201116, -13144.88569714456, -14248.741892894614, -12967.716340056486, -15552.889000292882, -11976.043760274886, -16512.14444159122, -9957.771055310774, -14067.336089526838, -14110.085020355336, -10998.51491666984, -15574.766261495326, -14380.559790041336, -11519.80653666437, -16504.769362152976, -14368.50274071968, -735.7260530562286, 98.01636235884776, -1324.9634425201752, -393.7891531771667, 421.8392580805777, -1045.8157997302083, -855.348362984528, 408.41894570990945], "3": [-17127.729999986877, -10494.430000000011, -15240.95499999999, -10073.115, -12676.68999999999, -10397.124999999993, -11636.769999999988, -12365.700000000008, -11787.459999999992, -12758.645000000008, -14145.944999999998, -13460.36999999999, -10814.585000000008, -10839.610000000004, -10956.894999999999, -12348.35000000001, -11946.83500000001, -11583.005, -10148.789999999999, -10883.255000000006, -12974.849999999988, -12373.449999999993, -7964.095000000008, -9249.889999999998, -12914.220000000016, -7370.975000000009, -8021.449999999701, -7369.8350000000155, -9280.190000000004, -8896.6399999991, -9556.044999999103, -10072.309999997626, -9772.004999997018, -8681.309999997618, -8246.279999996132, -7898.279999994944, -9245.624999994343, -8082.6599999907585, -9203.829999983314, -7775.334999977359, -6521.699999949045, -6741.654999938919, -7536.484999934461, -6621.7349999254975, -8680.219999838486, -6271.9599996805255, -8915.469999509765, -4521.494999207852, -7398.799998583492, -7519.2349974763465, -5355.829993516507, -8566.664981940079, -7417.734931171557, -5827.164757822457, -9176.227649780525, -7927.41256278218, 946.4375156507983, 1533.227872397251, 556.1392726691815, 1145.2416946168375, 1512.0833875327692, 693.3756812363983, 583.0377930109373, 1555.6456305122783], "4": [-24887.58003426767, -18299.23022674208, -25109.978282824468, -18183.579313859034, -21345.815454043615, -18539.958764989497, -20372.4927313239, -21121.895121486144, -20545.961978376024, -22120.993488604447, -24032.63364539482, -22968.520395426494, -19140.8410867394, -19187.732770214396, -18877.30366182124, -21529.49560084505, -20876.952542131363, -20223.842371294024, -18472.703633002828, -19027.816832569377, -21999.51052916189, -21252.318225428862, -15054.489330220595, -16851.222104198925, -22340.618509594948, -14358.28176297622, -15002.41039917149, -14113.426698007705, -16935.614791923545, -16374.777558153082, -17775.781817109026, -18225.41820490478, -17770.71334603089, -15642.654078656778, -15593.251769668, -14843.594837880752, -17314.198756901955, -15110.281537218907, -16986.647336173446, -15269.41307307875, -12772.878375771901, -13178.33260112347, -14446.211267101788, -13440.788063771173, -16110.088187589023, -12692.01940862055, -16500.905606380722, -10235.681228932099, -14284.631711284877, -14284.054192737687, -11403.747783872486, -15874.623638293167, -14496.05021411083, -11786.04493419566, -16637.468619357693, -14854.494367391297, -1114.1453888717049, -308.28250815538473, -1548.7041131921983, -519.9440465614628, 158.99154107087415, -1699.559529797459, -1530.7386260708643, -23.62948725769857], "5": [-17581.409999999993, -9937.365000000018, -15366.01000000002, -9230.47000000002, -12305.75000000003, -9645.515000000014, -11155.67000000001, -11820.185000000025, -11506.550000000007, -12354.64500000002, -13859.950000000012, -13148.400000000014, -10188.970000000008, -10386.635000000002, -10126.250000000004, -11982.080000000014, -11532.640000000014, -10991.975000000017, -9694.255000000005, -10177.740000000005, -12498.344999999998, -12009.850000000028, -6782.4900000000225, -8191.475000000006, -12679.735000000011, -6368.335000000014, -6765.065000000002, -6082.205000000007, -8486.770000000019, -7922.370000000003, -8755.18000000001, -9157.680000000015, -8879.945000000005, -7421.210000000009, -7251.305000000009, -6757.930000000025, -8376.680000000004, -6759.5950000000175, -8299.475000000015, -6806.630000000005, -4657.980000000011, -5093.555000000017, -6089.045000000027, -5324.975000000003, -7344.775000000043, -4413.800000000014, -7816.940000000019, -2675.7649999999985, -5968.775, -6032.015000000014, -3732.7399999999993, -7289.480000000012, -6391.105000000011, -3875.8649999999934, -7739.540000000004, -6338.700000000012, 5695.649999999996, 6271.644999999994, 5469.034999999985, 6168.009999999983, 6679.654999999996, 5566.44999999999, 5534.219999999999, 6446.609999999996]}