{"1": [200.0, 200.0, 200.0, 199.9, 199.8, 197.6, 197.3, 199.2, 197.5, 185.7, 180.5, 184.4, 178.0, 177.8, 178.4, 179.4, 167.5, 170.3, 165.7, 165.4, 161.6, 155.1, 151.5, 139.5, 135.0, 125.1, 105.8, 94.5, 89.5, 83.3], "2": [189.17721780849388, 177.26760811023124, 164.65194533885224, 156.95326041990194, 147.5035764177679, 130.63462088466622, 116.38541953999956, 102.8203262583178, 86.32824022767018, 71.3427010044048, 61.610726609479755, 56.489263251662486, 43.69408649796969, 41.78781704913708, 43.90617279084108, 38.76608102705213, 36.18083434440778, 34.7659785365744, 34.71987872901373, 29.101956808779505, 26.99501073618012, 25.14404490602319, 22.398402600715052, 22.300932462277707, 21.54098686594225, 20.126267733756684, 19.600160942933872, 19.630119678445045, 19.857302491550218, 19.068265089049238], "3": [197.19501701751432, 198.03602155651896, 156.90172441725153, 148.32317297236295, 141.30195848308503, 146.45965465666958, 155.7260834830813, 172.13739626349417, 182.88468019393622, 176.91336891446264, 174.90059882150962, 176.3820827688556, 175.4698222586885, 175.94655418880285, 174.93066651299597, 178.3865878259734, 167.69272872791626, 170.8536102136597, 164.20110877705739, 164.77239569253288, 163.1291973983869, 161.42169179432094, 154.5693819001317, 143.30427061337977, 137.6603335300926, 126.43151711986866, 98.26852994355723, 82.45638584921544, 78.22645876784809, 73.39541614999762], "4": [200.0, 200.0, 199.99999992847444, 199.38232960104943, 199.07934443354605, 197.67528482675553, 193.9763668715954, 197.39420526623726, 196.97230133414268, 176.1864589035511, 166.68819203972816, 168.06877820491792, 164.59707607030867, 162.88370043039322, 158.9953358888626, 168.85017659664155, 142.24809354543686, 148.42999427067116, 136.69525618948973, 138.84363184492105, 136.10131187113, 158.8551005121786, 156.7838054678752, 148.10697093810887, 136.00932493144646, 125.64079019539058, 105.54474797511357, 89.83200594407973, 82.1857398832799, 74.97367726742523], "5": [199.99999999403954, 200.0, 199.4, 198.5, 198.09999999403954, 196.4, 195.8, 197.09999991059303, 196.6, 187.19999997615815, 184.7, 184.3, 182.7999999701977, 179.89999999403955, 179.2999998986721, 181.79999970793725, 170.99999975562096, 175.49999898076058, 169.69999282956124, 169.1999645292759, 165.7959065616131, 143.68795287132963, 115.6357493704767, 86.09065030985803, 73.68795486770105, 61.08969317908632, 53.670276058348826, 43.868284421716815, 38.630292665032904, 32.61210063536127]}