{"1": [-190.89303999999998, -182.91456000000002, -183.34784, -182.98327999999998, -168.80125999999998, -149.77385999999998, -138.1326300000001, -159.26932999999994, -143.99511000000004, -103.43574000000005, -98.21241999999998, -79.06588000000008, -61.558530000000005, -73.93677000000005, -61.76917000000007, -68.18773999999999, -48.23378999999993, -43.511790000000005, -34.047749999999915, -22.599280000000018, -24.28181, -6.824930000000006, -6.0576399999999975, -7.938710000000003, -4.673189999999996, -4.13954, -5.5966400000000025, -3.3127799999999974, -4.489369999999989, -3.5183299999999966], "2": [-1235.6962692444486, -543.396802278805, -598.9465136523938, -1487.1511168145994, -774.3913238148925, -3254.485164819018, -2438.808000086291, -1716.9017656088386, -1894.5969150509306, -3936.222576826271, -5385.448583128348, -4278.244037539027, -4249.80410089114, -6190.736945821859, -8938.37759370102, -10419.181871997505, -5420.270462882496, -2662.87111969437, -5127.247585592039, -2893.4648486502056, -3676.271361726199, -7065.294066555162, -56015.78601660341, -3823.1657028963104, -3854.426583361802, -13256.699572980768, -8751.743729767759, -2462.9544971349096, -2500.572180284234, -2944.105428040747], "3": [-421.5061501369804, -191.23027582346248, -1479.009228251064, -822.4194737314813, -2032.2998504477048, -815.8557400441898, -474.46485197731937, -358.20920962647835, -257.52628306983354, -219.00764101873952, -203.13432574167751, -173.70048036142268, -178.5927001237251, -119.65389772301498, -127.62112564650101, -179.76238849003212, -88.68963635371003, -78.24006492933081, -61.11374719187446, -46.887564896652904, -47.96464992296654, -11.551205444872515, -16.305567112333218, -8.603722600462143, -9.260087434208799, -5.984790865352522, -29.06737595071027, -29.03788535000542, -72.47436102331015, -122.00233868630896], "4": [-160.17913999999996, -175.16395999999997, -152.64801008485557, -159.57237709977443, -139.50933359739412, -152.9295258969507, -12961.369013085607, -160.34409394239097, -126.43027647167912, -43240.4994494432, -27381.237114611875, -52922.69065476485, -28213.221966211324, -45630.987679708756, -62880.86758816952, -19493.648856512948, -60395.9546140471, -63536.91604129055, -41826.51266314626, -61013.57256257373, -61577.514517166324, -2838.511855141654, -1283.6275050839488, -13.520467148681078, -20.7619117275245, -13.734939358423153, -74.52696877299556, -49.92046638389097, -57.68968407181361, -83.35121017111895], "5": [-160.11509999991057, -175.07139999999995, -425.54922999999997, -977.4711499999992, -1483.7993900000013, -2753.8374699999995, -2802.5991999999997, -2356.9391600465215, -2979.39041, -5371.267280006848, -6306.450680000001, -4796.817099999995, -5607.43619000255, -4800.135930002879, -3802.504550004228, -4862.038680225705, -2063.9793900487043, -2524.2908402476187, -872.601510247949, -1813.880915548616, -1140.1878728824754, -835.8285913145331, 474.3717811215768, 2293.956263648828, 2246.7024563860996, 1059.982272230888, 3643.438083080723, 4208.276415127015, 3389.3652773259882, 4193.619679762175]}