{"1": [165.34999954998494, 122.2, 118.4, 115.8, 118.75], "2": [161.049999961257, 8.970694440661465, 6.579405685041275, 6.448281838062394, 6.524824820765934], "3": [161.84369738660752, 127.74066560864449, 125.83500512242317, 124.48128758966922, 126.28378483355046], "4": [132.649999371171, 125.29999820888042, 122.29999887049198, 122.099998447299, 123.49999893307685], "5": [21.949984166280775, 4.535920451300626, 4.1335061983205375, 4.292321133497171, 4.155812928454543]}