{"1": [-11483.324999955115, 2092.5900000000024, 1895.7250000000008, 1678.1750000000015, 1262.355000000001], "2": [-10686.429999996255, 1850.3738667926038, 2254.212050485242, 1483.368511035989, 529.092899432117], "3": [-11574.089369738735, 2324.495933439139, 2177.1864994877587, 1918.7768712410366, 1424.4016215166462], "4": [-6650.444999937198, 2316.510000179113, 2225.53000011295, 1919.7750001552752, 1541.325000106694], "5": [-10761.971570501864, 7465.362856025973, 7676.091601227274, 7358.299872794538, 6054.454993778081]}