{"1": [-49495.05848971945, -21015.69467195957, -12946.541164321116, -3426.58592009251, -1604.9401341371472, -5531.138424229435, -6489.569070192147, -7388.043367430184, -5272.314250985999, -2036.4150138052094, -4774.041649348609, 1714.7369704676385, -2442.7079497716973, -337.0914126353309, -108.43057030257769, -25.62600495130755, 842.4348072239052, 399.0681784400047, 1492.9543191544421, 774.3178617533034, 1021.6265801735077, 1665.84014717314, 2627.5779247744476, 2833.949024099705, 1830.437147150602], "2": [-48499.75000355113, -23160.799665291233, -20202.95903365031, -9964.148041171673, -3649.770519915689, -4994.012038433086, -3237.3169366538523, -2122.2096504430287, 1598.1767568261362, 4448.615485191159, 2785.917704113084, 6701.84531202428, 3587.188667335175, 5031.581940645352, 5092.895751320082, 5933.54038236516, 5783.852035024046, 5318.504496289441, 5822.921987745515, 5165.878788735345, 6289.101901645214, 6285.935040285066, 6762.1381344161, 6679.935077798926, 5920.523396841716], "3": [-50912.6, -25930.5, -22403.3, -11037.7, -4130.3, -5326.1, -3402.3, -2311.9, 1210.6, 4211.7, 2510.1, 6929.6, 3709.2, 5260.8, 5543.6, 5852.0, 5958.4, 5373.4, 6117.6, 5503.5, 6572.5, 6533.1, 7032.4, 6901.199990153313, 6274.999872416258], "4": [-52804.84652649865, -21039.571156654878, -17003.523284277086, -7545.020143124554, -1265.8706672136207, -1870.6680709012144, -469.6916943433753, -317.43338082178377, 2244.0422062498865, 3660.9598731966953, 3209.1488450065635, 4231.586875472791, 2528.865807432332, 2579.6996718013775, 2716.508038237406, 2861.35349410678, 2824.1970610321937, 2371.276704986548, 2053.0026022535226, 2028.6528031943278, 3147.332513349457, 3026.90729747148, 3755.970581078349, 3853.909337787301, 2520.046136819001], "5": [-50891.062724268435, -13930.78235028021, -11961.103192400979, -6740.18948610042, -2252.312332043168, -5079.233521717397, -3839.4898805946054, -1299.961124127099, 1854.0755926552724, 4709.689976735678, 3027.733653561538, 8076.159691254419, 5373.189777269901, 6660.437090611687, 7356.290549268224, 8101.168955841969, 7467.325422646734, 7313.303129306296, 8207.654128148268, 7913.452045276322, 8799.085120575979, 8688.765499324576, 9611.30055505988, 9352.088648578088, 8998.67043851458]}