{"1": [150.86776750776917, 130.09236000719247, 138.2079554246855, 99.91123878317303, 70.57556143253751, 56.02168685469369, 42.307532973767955, 35.438100264433885, 28.263075159594884, 21.460038736637216, 20.034174998191883, 17.053987325463094, 16.17039443758258, 15.378983899918968, 13.320627850067103, 12.845081965468125, 11.165325827000197, 10.978896798277855, 10.066610735771246, 9.845842462248402, 8.846389321517199, 9.151503100025002, 8.598110938534955, 7.994718976510922, 8.441094433213584], "2": [180.2103467035573, 173.7402798811905, 167.40839345240676, 152.66648554969578, 124.22879663966596, 122.24888367136009, 114.52567238137127, 116.47060150098987, 107.22781447349116, 98.28767717117444, 90.86936955474667, 88.70442576147616, 82.29276656806469, 81.80079738646745, 79.92362196359318, 79.73455574118998, 78.69101988374605, 76.26022196520353, 76.16194093157537, 72.54559896811843, 75.07221539858729, 74.89056327259168, 72.41664581699297, 69.4203099904582, 67.95749424928799], "3": [195.5, 182.0, 177.8, 157.9, 132.9, 128.5, 121.6, 122.1, 113.5, 104.3, 97.2, 95.8, 90.8, 90.2, 88.4, 87.5, 85.4, 83.7, 84.7, 81.3, 82.9, 81.6, 79.7, 76.59999977350235, 76.49999643564225], "4": [183.73835197717418, 153.58675298374146, 151.11353018964874, 137.62279744287952, 100.362328060437, 87.90848963219324, 75.80811730757705, 74.14666970819235, 59.63943819631531, 45.58660141338478, 38.068581228808036, 32.31762034906133, 28.29583252853481, 26.84676125947444, 24.798784053744747, 25.085447522852338, 22.671519125427587, 21.11003313396941, 20.051784370839595, 20.042483062582324, 20.954836990623154, 18.98849601504626, 20.003101097102626, 17.10714759795519, 16.70958288735419], "5": [193.21226906776428, 112.88689370825595, 83.01747317728586, 63.49204648000887, 59.662003528748755, 53.36569594481553, 44.356823268916926, 43.292143095607756, 38.75330269233964, 36.573235215884054, 31.2048879609094, 33.05366616107058, 29.409955924379755, 28.060971952139518, 25.67379177879775, 25.693839199960347, 23.72827208311937, 21.79190228805819, 21.456929119626874, 19.165514887982862, 19.739704187127064, 18.50022688136669, 17.99026306027081, 15.997729536381666, 15.38412841456884]}