{"1": [-152938.83019287713, -160796.3349679781, -200455.21310498213, -189297.29986265762, -220453.06845986476, -153670.84271438, -156488.3446101852, -176131.4570024208, -115518.27060598989, -58087.07381109139, -115601.6017147211, -50266.33173637863, -49342.79797319042, -30053.25646987738, -3229.662257045261, -2589.790629470603, -2617.006232456617, -2830.758831008184, -2347.958599749668, -1418.8170357173483, -2555.1927294550414, -1570.1658699306302, -1876.2963323937834, -1704.4981645957716, -3265.1820402974026], "2": [-162411.42151277605, -160055.78898872805, -216187.40455488284, -181280.83058406835, -210507.31757323685, -144198.68962684774, -160733.75979322667, -165345.34323770655, -111125.14789552381, -61609.967265705556, -139548.73778923147, -91834.20758410566, -74784.87556644369, -39258.776350822605, -1569.3516687582205, -1409.63556441064, -1307.8019708270704, -1375.2782944245114, -1356.853260331281, -1467.5217337397785, -1707.482443810402, -1343.056686876324, -1472.3007068507648, -1554.6699493115311, -2061.500090979346], "3": [-167028.47997958615, -154451.23344605434, -206712.3277018449, -155808.61759527348, -217320.80610632553, -153669.0067016686, -130083.66061519374, -186386.13936979853, -126475.05050019671, -79861.7133350574, -136111.62069667695, -68027.16687404558, -56504.29030198285, -32630.782232203965, -2853.4577480446414, -2268.273202636983, -2230.8908199886696, -2502.0198141928304, -3581.8600920023173, -1972.9964841567864, -3042.964055357531, -2230.3135524130817, -2605.391896087013, -2159.2543728419028, -3295.5382856978076], "4": [-170148.27218572362, -157662.70530211384, -228868.61477531405, -143806.13772085725, -222476.7243340814, -169749.78963780112, -144792.1143015957, -173423.0714322789, -135380.8401110769, -65479.54609537097, -116030.78287922544, -45058.17363977719, -46063.21303332173, -22263.687826818346, -1385.5528351222613, -1217.931659630206, -1192.9528836529287, -1242.6210487575768, -1321.2656483730727, -1184.3309071244514, -1521.7930633767037, -1239.401029814934, -1322.2518441743048, -1259.2175083656389, -1908.7040511518694], "5": [-146591.43167582183, -159759.89048546593, -222899.71085303085, -172362.28012341278, -222121.8065797701, -169565.39260705395, -146271.26163868888, -189503.86445491813, -158005.56507635175, -96875.2675703433, -153068.63914545273, -63858.4134091568, -73517.69877472949, -30516.38463346661, -2903.695885794811, -2277.057909812257, -2316.567201576394, -2512.6043812180224, -2603.696805686386, -1480.170262986977, -2685.5056062154986, -1628.7929100875765, -2109.0905657052936, -1728.4077985986478, -3464.9150283959616], "6": [-159247.037818472, -179790.48608695983, -200417.64986110217, -154413.89602663476, -208364.34743983662, -147275.52253048035, -140598.3171472434, -162061.0188822735, -121247.65336190522, -55742.14038930702, -108565.43918186039, -50196.396458363524, -52422.07724670831, -24892.415174502155, -8041.271310483487, -7421.364306362276, -6578.075674282032, -7013.733464388626, -6484.589626496538, -5877.490128045399, -6236.382856020848, -5421.190753284481, -6261.646280631528, -5952.295731158837, -6955.028945788892]}