{"1": [199.99957491159438, 199.9999730527401, 199.99978501200675, 199.9945515871048, 199.9254993110895, 199.18699931856244, 199.25624633170665, 199.5363180808723, 199.03402139283716, 196.42424957284237, 198.6859912951244, 194.87744269929826, 195.69031208287925, 185.58646932942793, 155.4533310621977, 137.81519250731216, 129.18060029067564, 122.40762731689028, 91.71799964097445, 83.74450214756652, 78.37386271781288, 76.29014063583455, 72.86980208067689, 68.27893279917771, 62.554846538382115], "2": [200.0, 200.0, 200.0, 200.0, 200.0, 199.99999998807908, 199.99999998807908, 199.99999992847444, 199.9999999165535, 195.4999997496605, 198.89999969601632, 193.99999929070472, 197.0999979376793, 181.18580255508422, 98.81312173065089, 70.01565895946696, 60.60039831500035, 43.38414396350563, 34.05411296820675, 33.8022717448941, 31.55817946703464, 27.33139766761451, 26.425232644419886, 24.193293167243247, 20.829148527339566], "3": [200.0, 200.0, 200.0, 200.0, 200.0, 200.0, 200.0, 200.0, 198.5, 195.8, 198.4, 194.1, 196.4, 188.39999997019768, 158.9999997138977, 148.69999638795852, 141.99987983107567, 136.6076356649399, 71.38443207601085, 56.588457213933, 52.10019467129314, 48.81797861920495, 47.54318021606305, 42.54105980921304, 42.566741225431905], "4": [190.0006063291803, 198.45543998479843, 198.07142656594516, 142.55820153410315, 128.16192507366068, 90.68888193078456, 74.53388820158725, 63.15098744278366, 57.04836566849845, 49.44253309572232, 39.63731697674084, 34.696936620917405, 29.498416688982978, 25.984836213805828, 21.940713127236812, 20.65822202198615, 19.75553991046909, 18.020761657433468, 16.582386767785646, 15.274504642275861, 14.514298878505361, 13.83773237275891, 12.960077902540798, 12.599618525081315, 12.26770767873386], "5": [200.0, 200.0, 200.0, 200.0, 200.0, 200.0, 200.0, 198.5, 196.7, 193.0, 195.6, 189.8, 191.1, 177.9, 157.1, 144.2, 140.2999987602234, 134.09688614606858, 88.53536197430512, 79.680523909966, 74.11678836155916, 72.03076965520158, 68.32199070555507, 65.52417189725675, 61.433103947760536], "6": [169.95766804317245, 170.29626744512353, 167.41093026469463, 165.00282050940442, 160.01092941313982, 151.60548795459326, 128.04553928200622, 88.5578741401725, 57.635731250865504, 41.85387521079392, 40.23669212159875, 35.14732832058216, 31.966939799499233, 27.753119555453303, 26.63702728334174, 23.73231908370217, 22.196963769200373, 20.511059826501878, 19.38782740892493, 17.50703002640512, 18.20086211297894, 15.937392472356441, 16.186470847009332, 15.190500397840514, 14.471566296368838]}