{"1": [-77431.5999997139, -76299.19999946952, -71049.5999868393, -66450.19933561682, -43519.59914256334, -5481.399999976158, 3643.6000000059603, 7653.2, 10527.2, 11386.7, 10007.5, 9879.50000000596, 12149.4, 10581.5, 12464.4, 11469.7], "2": [-77431.59971726537, -76299.19993895292, -70966.89997647404, -66050.89998029471, -41066.39997652173, -4835.699963629246, 3927.500033146143, 7588.6000358819965, 10464.90003976822, 11282.80004247427, 9941.300038158894, 9668.900050365924, 11885.722263127565, 11230.154164536343, 13144.728005737206, 12245.820322954363], "3": [-77523.58807479143, -76393.78976898864, -71068.57870610435, -66448.37818363289, -44413.792226618854, -6574.136045876798, 3181.80042045851, 8540.062980088202, 12110.538705322635, 13023.278045663474, 11787.363116623344, 11710.484971133099, 14285.316916365759, 14409.99030854194, 17182.86942073317, 15935.96420336897], "4": [-77493.36729825349, -76363.89123983988, -70885.46353837312, -66346.98400002457, -44163.103278855946, -5779.0274193854075, 1913.5204593995295, 5911.876951396922, 9879.159940207881, 10284.395081187842, 9132.724928928224, 9046.323760422441, 11093.526957796257, 13622.289411350768, 16832.81832792254, 14878.192136351901], "5": [-77575.6990797758, -76466.3998860538, -70762.69988321066, -65641.19993128776, -42738.399916809794, -5836.999941414595, 3816.100034558773, 8769.200018811225, 12443.200008285046, 13456.400008124114, 12025.000000476837, 11554.400000011921, 14507.70000001192, 13631.10002925396, 15933.100061506033, 14645.20010201335]}