{"1": [-8019445858.357058, -8442890296.62686, -7929226204.023169, -6551221779.725212, -5749377149.704815, -4374627441.63981, -3573486026.3581533, -3747283135.010321, -2202257527.507225, -1848186865.1068149, -23380667.35417443, -339677.1196609199, -56726.719160948225, -7261.214328853057, -4189.085568719943, -41014.92436069022, -357434.812283279, -21040.553354527314, -36241.33246082458, -23473.184761429082, -18589.330100829677, -2524.988292242654, -22241.812462409718, -7582.385746377537, -218054.81566128568], "2": [-8019445858.6356945, -8442890303.059847, -7929226247.669226, -6470034842.094273, -5545691509.063873, -4117675561.770546, -2462504288.800508, -2330009483.9299245, -1614816880.406599, -1167308582.5750487, -11129787.15225089, -117462.79793182065, -28221.176370516303, -5867.363633825628, -3581.9394830895535, -36561.58019736231, -311928.4402985926, -12548.342708285043, -22247.98626683509, -18652.473774929807, -13009.217893747797, -1374.4216759325602, -18892.364302351823, -5382.083046654527, -226427.14235260655], "3": [-8019445848.322821, -8442890306.365065, -7929226213.796791, -6321660745.48083, -5487062089.953637, -4052440762.1013083, -2784346977.1356926, -2847924284.4031706, -1782156901.1616237, -1314094418.033793, -14135141.306068424, -176264.40050138597, -33284.71913105946, -1015.8568340269928, -531.1253585980716, -4337.190620474415, -107732.67811483513, -4885.473883054079, -3754.25718743167, -3201.601863409266, -2231.8288805531483, -374.1881070265289, -4519.912291972019, -1171.3690041384941, -19819.611873221897], "4": [-8019445861.243584, -8442890320.197186, -7929226205.232149, -6537661464.28229, -5663946329.885458, -4112851376.5726366, -3366152783.3926654, -3792622232.027439, -2251804656.182417, -1888796708.8408399, -28914007.72534131, -416157.73736357986, -66800.21331565299, -8132.677401072493, -3996.6381634869285, -36640.955191783185, -319944.23332209844, -21275.15782572399, -38172.21021808987, -21858.211080957328, -19107.844978721085, -2647.5998109030616, -22191.16641144073, -7781.778900329651, -235491.80282415636]}