{"1": [-9970.17999971184, 10749.180001018607, 11006.470001118147, 10629.04000133333, 9463.035001237675], "2": [-9319.260000000333, 16461.544018940767, 16901.40276922734, 17391.509209258344, 14967.847078197641], "3": [-9039.12499999969, 10848.18000000159, 11240.85000000101, 11312.6250000013, 9831.210000001336], "4": [-8193.647417450817, 15606.421859858357, 16191.881730627565, 16617.344529615013, 14316.99924367172], "5": [-11630.608106184702, 10099.62073193243, 10568.120549773808, 10664.20523681751, 8948.905144070039]}