{"1": [157.7999971151352, 120.19998981058598, 118.79998881518841, 115.09998666346073, 117.64998762011528], "2": [153.1, 7.194067437158083, 6.562705159009783, 6.492456664910423, 6.122942759844591], "3": [156.74999999403954, 128.19999997913837, 126.99999998509884, 125.74999998211861, 126.3999999821186], "4": [9.756282649753848, 5.9158242821780735, 5.314803218572342, 5.187794823518198, 5.129259458824526], "5": [138.3165544311749, 121.49265617132187, 120.04364340007305, 118.44690964221954, 118.7472651988268]}