{"1": [200.0, 173.9, 165.55, 165.55, 165.25, 166.75, 165.3, 165.55, 165.8, 166.3, 165.5, 166.35, 164.5, 163.25, 166.35, 164.35, 165.4, 163.9, 164.3, 164.25, 165.8, 164.75, 164.05, 164.65, 165.0, 165.25, 165.05, 164.7, 164.9, 162.6, 164.2, 162.45, 164.2, 165.05, 164.55, 163.65, 164.05, 163.45, 163.15, 163.65, 163.35, 162.55, 162.55, 163.4, 161.95, 164.25, 163.3, 163.65, 163.35, 163.35, 162.55, 162.8, 162.8, 161.8, 163.6, 162.65, 161.3, 161.8, 162.15, 161.3, 160.8, 161.4, 160.8, 160.7, 161.5, 159.45, 160.9, 161.75, 160.95, 160.7, 161.0, 160.8, 160.1, 159.95, 158.95, 159.7, 159.35, 159.8, 160.65, 159.25, 159.0, 159.4, 159.2, 158.9, 159.75, 157.3], "2": [197.64088317481801, 173.39081570438574, 164.2193223297596, 164.26950382590294, 164.64727306542918, 166.06379388347267, 163.32300853915513, 163.71197245642543, 165.21226255968213, 164.81030888248932, 165.86706512512174, 163.98928606957196, 163.54459016546608, 161.8048089992255, 163.39301880475833, 164.1181909078121, 164.10338428667745, 163.23657087646424, 164.01832727042492, 163.39039024189114, 165.14442603960634, 162.87774243950844, 165.00489685945212, 163.65946107860654, 162.07850383836777, 162.64194679642097, 162.90271982103587, 163.38900879565625, 163.11825980767608, 162.8456443235278, 162.8746931016445, 164.54758579693734, 163.29587148344143, 163.55793302319944, 161.94050296694041, 162.45383814685047, 161.963969437778, 163.38213446778826, 161.69632379859686, 161.76577021852137, 162.06101975440978, 161.10386655563488, 161.65667236857115, 161.18786888401957, 162.15605638016714, 161.9014174058102, 161.58912495933473, 162.57751634940504, 162.47526911757888, 161.52123578451574, 161.30729710385202, 160.6469523866079, 162.29454769417643, 162.95271700397134, 161.76540806032716, 160.36548651009798, 160.4932152505964, 160.5705769389868, 161.29757366664708, 161.95883697234095, 159.62056149244307, 159.51427799910306, 161.61517563315573, 158.44332587774844, 160.13148894342595, 158.67247105874122, 159.3745343476534, 160.0154344987124, 158.3919200491626, 159.47602649331094, 159.97990489182993, 158.21835286170244, 157.82312116194515, 159.04243158102037, 157.95238268263637, 157.41709832774941, 158.71198092252015, 159.0466635905206, 158.0747672032565, 157.2799235187471, 158.1592480762396, 159.19802837856113, 158.2072209585458, 156.48538532397941, 157.94737337697296, 156.7679659821093], "3": [191.0184585871146, 79.99206785973074, 49.85175953340804, 47.517920370028875, 46.94689449614234, 49.496326912543736, 47.30821317140508, 47.56212008783914, 47.529029442371396, 46.829587741782596, 48.11399000361998, 45.80268585205922, 45.64222120492195, 44.35601992366719, 44.664549021459244, 44.13996596023499, 44.94859475992998, 46.44504957538011, 44.06377886388218, 46.17231241598056, 46.3315812706569, 43.753023492656936, 44.4038255982814, 44.32304853622045, 42.57612407427223, 43.66576223091106, 43.02662775259523, 41.555218389135554, 42.09244724256278, 42.871472104091666, 41.08149489947973, 43.01645255867042, 40.5265951669222, 43.03663504911528, 40.35478889774968, 40.53204745512922, 40.76120067503653, 39.16513130198873, 39.31251026143436, 40.280009324342245, 39.97542444645224, 41.053774852739295, 37.532104269517006, 38.01492525808426, 37.010054183300234, 39.153278927016075, 36.89354823694157, 37.997477010046715, 37.92587225150637, 38.671383671504735, 36.63663532118808, 36.07187383237469, 35.0186943550565, 35.368187290606144, 35.222746960022775, 34.3129794551016, 32.78263431164087, 34.04081679269875, 33.62661378462362, 33.635543770912044, 32.84500925805769, 32.496148019502286, 31.97074736541108, 31.62713787545217, 31.28975757853332, 31.33653131555038, 31.438874056126224, 30.99896540791815, 30.423877429206915, 29.78410045200144, 29.34775529729668, 30.506322700326564, 30.185423220884694, 28.580190021672752, 28.220553515704523, 28.182777098026417, 27.817656424880262, 27.240205054117542, 27.082048918589134, 27.261078954322148, 25.97845178717689, 26.051770147078788, 25.877902339083086, 25.53823745692789, 26.080585317658553, 24.22374330888706], "4": [200.0, 168.0, 163.15, 162.6, 162.95, 164.25, 162.0, 162.15, 164.55, 164.3, 164.3, 163.9, 162.45, 160.85, 161.9, 162.0, 163.2, 164.35, 162.8, 163.35, 163.4, 163.45, 163.35, 162.4, 160.9, 161.85, 161.7, 163.05, 161.55, 162.9, 161.35, 161.45, 162.65, 162.45, 162.0, 161.0, 160.6, 161.4, 160.6, 161.45, 161.25, 161.25, 160.9, 160.9, 160.3, 160.25, 160.8, 161.35, 160.65, 161.0, 161.35, 161.4, 159.55, 160.4, 160.9, 159.1, 159.4, 159.15, 159.95, 159.7, 159.35, 158.1, 159.35, 159.4, 159.8, 158.75, 158.7, 160.1, 158.9, 158.1, 157.15, 158.55, 158.75, 158.45, 157.9, 157.2, 156.65, 157.85, 157.7, 157.8, 157.05, 156.35, 157.15, 157.2, 156.45, 156.3], "5": [58.6074626588379, 17.97961067674769, 16.659463860138203, 16.91008949465904, 16.742269438930087, 17.85759767768468, 17.022719356683957, 17.04817277197726, 18.601578112022253, 17.078231298801256, 17.461053381733656, 18.03770695386047, 18.438621621260246, 16.375006443736492, 16.98865210778167, 16.947274780197766, 16.590485366153008, 16.619440735816898, 16.34349760706391, 17.003202392726962, 17.052916661631023, 17.386885257864197, 16.354457479681876, 16.30511024282314, 15.9833244639638, 15.227555556720471, 16.85810703239549, 16.537495022908843, 15.558438867505174, 15.746755726721313, 15.667414128081873, 14.872522866194776, 15.882637558376882, 15.249861518786929, 16.83843511466548, 16.309265087987296, 15.886797353877046, 16.584005536120095, 15.597314420389012, 14.518208340987622, 16.53787877533614, 14.243751367746153, 15.762439468465164, 15.831098345297505, 15.438708452129504, 15.564324735892296, 15.900923132468597, 15.70340462035092, 14.011942846793682, 14.655739369928778, 15.170875790367427, 15.697967747261282, 15.113616960652871, 14.203981288650539, 14.32897987695469, 15.51887980835745, 13.901691376364033, 14.88417192324996, 15.244621115254995, 15.397754046063346, 14.202577915076109, 15.109056924078322, 14.073014904063893, 14.093826354781049, 14.6064357635536, 14.376153467230324, 14.436255474154313, 15.144808513691533, 14.3667991606344, 12.748728984361515, 14.309184462965641, 13.78592574421782, 13.861221261565515, 13.731565316329943, 13.390119709586724, 14.69946092835453, 12.826513601324404, 13.88078076968668, 14.20303969457891, 13.510494201078837, 13.49968875542545, 13.612689583361497, 13.70835501941183, 13.134663278466906, 12.65513596842502, 13.098082408604387]}