{"1": [-71924.70000000243, -6743.640000000293, -2643.8049999998416, -4196.555000000004, -4463.975000000131, -3537.224999999882, -2018.5299999998824, -3494.4549999999244, -2160.879999999818, -5115.580000000178, -739.1000000000106, -3580.835000000072, -1860.3999999997918, -7288.175000000621, -4679.485000000318, -6983.335000000315, -4163.439999999944, -3909.4900000000393, -2619.4799999998118, -2770.9249999998274, -718.3299999999984, -1608.3749999998915, -3301.704999999848, -2844.0649999998027, -5049.950000000237, -5287.125000000544, -3791.2049999999786, -2591.6699999999137, -4558.590000000202, -5094.610000000093, -6469.170000000209, -5094.695000000182, -2840.769999999828, -3595.6549999998433, -147.15499999998048, -3705.8149999998777, -1714.9049999998492, -1864.094999999815, -4009.615000000342, -5530.76500000038, -3225.2349999998924, -4705.855000000037, -5065.305000000099, 1504.6100000001013, -6896.395000000382, -1315.62499999986, -2266.629999999928, -511.91500000002515, -4869.3350000001155, 169.8649999999733, -256.4549999998964, -2960.9299999997793, -1518.3799999999833, -4197.029999999935, -3658.759999999874, -1152.8149999998564, -3511.4799999998663, -4663.430000000372, -1826.9649999998328, -608.8300000000238, -4049.6300000002216, -2144.2899999998635, -3217.279999999953, -812.3199999999185, -1126.800000000008, -1346.044999999905, -1771.9399999999482, 1080.7750000001088, -716.6950000000054, -4282.820000000092, -945.2999999999496, -1975.62999999981, -1640.3599999999744, -4071.894999999924, -1478.945000000002, -2801.569999999835, -5242.135000000165, -1858.4799999998152, 3044.6850000001236, -5387.175000000342, -684.3999999998434, -535.1399999999358, -769.4199999999718, -3327.390000000083, -4052.9750000001864, -1001.429999999885], "2": [-71924.46436542846, -6780.589926173314, -2650.671940499097, -4053.376990013689, -4448.315802016265, -3520.5064098840594, -1819.5907155394168, -3390.021502494315, -2357.22160052027, -4974.681112823001, -731.7867551171404, -3404.798928643352, -1941.404505923117, -7175.830625353565, -4616.943240651666, -6933.161819732134, -4190.560338461691, -3794.7736572396702, -2533.2019142141626, -2796.4890990766007, -803.3670011234806, -1536.5883379276565, -3550.4507786426293, -2744.2663268585684, -4890.959732524088, -5131.169196785107, -3598.4406442028585, -2464.3889010552784, -4373.111832236749, -5021.834585818286, -6200.290082806541, -5260.1047682534145, -2857.3796471635, -3465.0559059391576, -91.34405030233795, -3803.495384404962, -1447.8487983399932, -2051.138248711725, -3980.469632380186, -5345.22937103128, -2958.256102183611, -4579.86038666305, -4886.11573194881, 1514.8812125618438, -6987.515806770103, -1166.5901639807266, -2028.6597059216251, -518.157803775915, -4776.1512040366915, 159.69592221738225, -316.5825672201653, -2682.6651757541094, -1614.834471647831, -4332.595285726562, -3488.9765438472373, -913.943407695494, -3557.0058253679854, -4673.908482975128, -1870.4342499543175, -638.1959115600398, -3947.5621047007, -1993.10148252996, -3300.8116161001935, -606.3943328922762, -1117.3631527600069, -1411.920360288263, -1538.9384503489482, 1322.598411442954, -578.3908185432704, -4158.147606861352, -756.5001280675768, -1671.2721394666728, -1448.1323234920092, -4016.5565169545307, -1214.6999603377749, -2569.29227606334, -5201.924931520236, -1762.9612690061633, 3100.6924130439697, -5168.677992931856, -575.2185026118225, -523.1740014678725, -785.7213762240126, -3152.001019900915, -3831.5472499941416, -947.9767979636401], "3": [-72048.71291311043, -8899.74183365952, -4047.092604524175, -5832.201447451698, -6339.456039245992, -5138.196757665881, -3404.975172962063, -5083.37207631214, -3730.841603927791, -6865.934935520342, -2017.4832563013883, -5118.6642614310995, -3269.931202533525, -9597.299913349143, -6472.726274728953, -9106.962918716372, -5905.964204201822, -5726.605926542459, -3983.3797719479066, -4350.62073209476, -1934.695570698345, -2782.8082068909293, -5260.96052244726, -4379.662904651118, -6715.791648266927, -7231.054300091571, -5364.723690956185, -4177.512937069894, -6331.158421427575, -7063.253023445279, -8525.454664015331, -7078.490273996373, -4313.903658141023, -5318.658488858329, -1089.9739990957416, -5512.307745550805, -2605.8834271706173, -3248.691044013788, -5584.084722029802, -7424.811143823434, -4611.151601397725, -6299.155464374555, -7064.610103755799, 1045.7779767572495, -9049.931617627979, -2536.526435625002, -3305.271827913298, -1495.3974713049056, -6591.225864333397, -781.8246158757205, -1214.2242749497002, -4099.886364589457, -2786.749281106048, -5797.9156974418465, -5159.917178009519, -2106.312404780096, -5000.7792656038855, -6401.531303575985, -2877.5708569313947, -1482.0663209862958, -5459.090650592685, -3042.9605219478663, -4522.5554332105185, -1648.6243612401468, -1933.2866541437083, -2407.051528411704, -2635.803106914974, 713.1885048110145, -1461.6642216375726, -5772.395316986367, -1604.2971319245332, -2857.275066570738, -2545.087956691706, -5461.281507367251, -2165.2041978891793, -3581.645160915329, -6788.764762875197, -2796.868841634364, 3183.9145350701974, -6844.321303343093, -1140.3366995825731, -1186.0023065327723, -1520.8322779523821, -4350.547928258324, -5388.909822341271, -1578.720854595806], "4": [-72049.60000000245, -7198.350000000319, -2964.1149999998443, -4545.460000000131, -4752.245000000156, -3911.8249999999853, -2228.899999999873, -3929.8150000000705, -2716.3549999999236, -5354.030000000192, -1218.1799999999544, -3823.9400000000705, -2343.0949999997806, -7855.085000000603, -4747.390000000308, -7266.050000000307, -4473.120000000006, -4538.535000000125, -3007.9799999998254, -3331.9849999999396, -1057.5399999999356, -1991.94499999989, -3959.8350000000805, -3076.4899999998333, -5098.540000000253, -5670.285000000551, -4123.870000000148, -2944.555000000156, -4814.805000000195, -5644.440000000146, -6776.135000000213, -5619.595000000283, -3278.5649999998313, -3999.9449999998674, -569.4499999999555, -4068.499999999977, -1872.6599999998339, -2410.739999999948, -4379.510000000347, -5769.69500000038, -3529.0750000000144, -5004.225000000063, -5483.740000000107, 1027.210000000066, -7296.080000000492, -1689.4249999998683, -2588.679999999907, -928.9850000000142, -5006.865000000119, -304.2500000000179, -777.1349999998439, -3368.2899999998203, -1985.7549999999635, -4519.09000000003, -4071.239999999998, -1437.959999999856, -3771.439999999954, -5010.315000000369, -2267.5449999998145, -1121.1700000000096, -4499.535000000211, -2422.759999999863, -3493.7849999999744, -1295.0399999999584, -1583.5300000000054, -1855.6749999999072, -2118.169999999907, 733.0900000000681, -1231.539999999974, -4649.710000000109, -1174.6149999999745, -2362.9549999998317, -2188.0749999999684, -4373.694999999994, -1897.2400000000002, -3084.2699999998426, -5372.665000000165, -2166.63499999982, 2611.3300000001973, -5578.080000000351, -1001.1049999998282, -875.4849999999221, -1299.214999999937, -3780.3200000002607, -4447.945000000242, -1415.4299999998934],