{"1": [-10538896473.00401, -13223181205.963058, -12314800926.714869, -5382529784.338363, -2269826826.7028203, -2709453993.870679, -2760634850.6634035, -5348132265.651006, -1405095801.0568285, -2287546800.5040054, -3144233404.2650166, -2699952779.832545, -3632508482.2038, -4002398518.959134, -3177784850.724787, -4601863293.365582, -2695910238.068384, -2812687806.393354, -3169410412.8151627, -2278983380.745061, -2273478768.1499887, -2391874398.1406345, -2661871095.974945, -2684483525.425233, -1845704099.0181756, -2241207624.9195294, -536523984.01984596, -455357105.48342407, -615084741.4533238, -1854217877.3810875, -448798.1488338693, -2804413263.066003, -1458679875.490128, -577216520.1103016, -1890016379.9762318, -2288517766.0151052, -28890227.64692872, -946627239.6829277, -31721346.594915807, -14687113.563640174, -475283773.9716198, -492801408.3008693, -1011735371.0102228], "2": [-10538896464.425617, -13223181223.119862, -12314800943.871658, -3332773590.081696, -2265656785.8087845, -2703884424.9464445, -2757415346.5340476, -5327485448.762903, -1381659439.1777067, -2218287681.6637163, -3115283707.3936086, -2672196821.7178535, -3578347171.1174254, -3906915743.5395613, -2840540446.121352, -3645593090.072034, -2088491553.3654244, -2109398561.6933932, -2756299867.513678, -2059822621.5238805, -1961691332.099441, -1767867623.4468925, -2040267058.870132, -2237928114.8911643, -939260178.365823, -1789842060.3753352, -268159867.57811785, -309465176.4049293, -300476616.7074594, -964576048.8984034, -136100.71214333762, -1230026826.2218962, -609687343.9793103, -234659379.89981717, -722303765.6771902, -1075611632.3650362, -10469004.786051186, -400635569.9724835, -9028670.84301544, -6566531.463484722, -149866925.39851573, -193656047.19462952, -458014787.16990376], "3": [-10538896506.955677, -13223181213.109253, -12314800891.626205, -6372112934.895619, -2368538218.93349, -2842177609.0502005, -2901496266.444169, -5580403791.460889, -1481793232.1524067, -2437439967.9617596, -3316461288.728198, -2867412163.4346647, -3851928554.2552934, -4217424101.9208746, -3273367948.7181654, -4753904605.2275715, -2781630410.24688, -2905527460.8835783, -3279222271.6043253, -2402988032.578255, -2379301019.836565, -2487001812.401855, -2738205260.020919, -2808474484.822721, -1862480646.7107415, -2321151037.78448, -541551949.913998, -477081325.7482048, -623530392.3009548, -1900275916.0873241, -514834.35158491984, -2827107428.2301474, -1453852090.8392062, -584481285.6855055, -1853799755.8402588, -2282932431.930129, -28936654.271922827, -965362186.5365461, -32098178.85584532, -14970200.139891366, -469984632.7994906, -481463604.0581953, -997549870.932895], "4": [-10538896498.507843, -13223181230.004902, -12314800818.330154, -4252170392.2280416, -2222828278.580686, -2635648699.424696, -2677231831.980176, -5217611274.136145, -1336100644.2904232, -2167947353.18853, -3041030756.9691086, -2629488362.786875, -3525433906.299512, -3752711495.973582, -2823939481.4059, -3444959992.87374, -2190147677.932023, -2082463391.7327352, -2692841905.868205, -1776030273.2839084, -1813902584.1258152, -1600852529.4765682, -1986008691.8948102, -2090070378.726279, -891622399.3987957, -1470966008.4751012, -235442784.83109507, -303596510.65805745, -353181752.6445054, -924845533.4016933, -154397.7598706227, -1165573718.2133021, -574459952.5369976, -255310810.87797078, -821278712.6152765, -1076490687.13229, -10601463.701014344, -390641985.1699822, -11318613.80875656, -5023485.470533004, -184946958.17543852, -165363632.12540612, -372814003.98816216], "5": [-10538896489.849483, -13223181211.445309, -12314800928.16599, -6363072581.65798, -2370864320.2145367, -2853184565.343859, -2907211249.6115446, -5633288980.391159, -1488613928.8454702, -2469948073.489703, -3327367987.4489546, -2868479769.8133893, -3857653071.151103, -4224175482.8777285, -3299603001.7559, -4774121892.811322, -2803871295.327668, -2895745714.3935614, -3300348101.0177627, -2405077365.997419, -2390210558.105154, -2487814244.2476435, -2779538048.9802313, -2818189992.0864973, -1861202237.2648654, -2348071175.6495547, -536591231.3186048, -477229423.04924977, -662632167.3496941, -1921287054.1582787, -548462.7138965571, -2817599442.598869, -1454493865.721129, -606794932.9813837, -1896631415.9542804, -2315116998.3979836, -28925197.74017953, -980703035.0441244, -32255373.60533784, -15385461.984685743, -459982340.96345073, -481991198.971964, -1024489596.5797346]}