{"1": [-10075977482.142033, -8879339000.634869], "2": [-10075977482.142036, -8879339000.634869], "3": [-10075977479.554737, -8879338998.449305], "4": [-10075977479.554737, -8879338998.449305]}