{"1": [199.9999998629093, 199.99999990065893, 199.9999999066194, 199.99999988476435, 199.99999987483025, 199.33333333333334, 199.63333333333333, 200.0, 200.0, 200.0, 199.93333333333334, 200.0, 198.8], "2": [200.0, 200.0, 200.0, 200.0, 200.0, 199.2, 199.56666666666666, 199.96666666666667, 199.83333333333334, 199.66666666666666, 199.36666666666667, 199.46666666666667, 198.26666666666668], "3": [199.99981657067934, 200.0, 200.0, 200.0, 199.2, 196.93333333333334, 198.33333333333334, 198.4, 197.23333333333332, 196.8, 195.96666666666667, 196.06666666666666, 196.33333333333334], "4": [200.0, 200.0, 200.0, 196.23333333333332, 192.46666572491327, 186.1666651904583, 188.79999854564667, 190.73333202004432, 187.49999797145526, 187.5666647553444, 186.19999778469403, 185.1333308259646, 185.63333067099254], "5": [194.96666666666667, 194.8678453564644, 193.35618867576122, 135.19962476609896, 119.19570654061197, 102.03726716691648, 109.71487461438713, 110.41309979619692, 94.3498569227076, 94.20685128421853, 87.50632412422274, 85.14939139390093, 82.61643816525466]}