{"1": [-9479814613.408125, -11744843497.741556, -10838915400.804869, -11744537471.418592, -12641412218.291111, -5132328520.204368, -2534256573.3615575, -2774612046.5898905, -5080252249.091928, -3735423738.2354517, -2333320830.715611, -2830452831.382765, -1392188944.0996118, -834281013.1200863, -998236734.2431309, -726855924.7940964, -882612168.0960432, -1097429975.650208, -6011952256.273157, -4202543875.687799, -4496835332.051851, -1938228814.933253, -2852759781.73203, -3783799190.5496826, -3792184221.0919237, -4062220564.2204065, -4263968482.542772, -4231502545.882267, -4678945171.155308, -3808956688.7286367, -5347363771.760942, -6072213820.503518, -4688551529.974858, -5150692351.641485, -6086427102.865881, -3786700474.6186438, -2763951773.396327, -5069858537.848983, -4257434980.058638, -2140980817.5167205, -4411334111.536368, -6523494191.443425, -3811105890.4061723, -6972179854.420708, -3809592874.7823663, -4708352396.000904], "2": [-9479814631.62723, -11744843488.63201, -10838915400.804869, -11744537480.528145, -12641412200.072006, -5130220641.677447, -2087444665.0224156, -1203424527.7075887, -2361919229.121772, -1418199693.5596213, -1029346805.9564636, -1036568356.3263083, -442461261.4517412, -292854546.05028564, -222044419.68197852, -102315484.43238701, -152883772.65636924, -408345537.25055206, -1918442239.444022, -1111434642.598344, -1080093218.1710591, -553553159.802953, -962957134.7455612, -1073873710.712215, -874244361.5017936, -1153361253.9703636, -912709313.6624448, -943471335.7053894, -630443750.4553529, -1032030288.7382005, -1166359861.298188, -1833808658.6636682, -1414464257.0223718, -1526312661.4877284, -2139978354.5178497, -1510145431.9466298, -1057255982.8077389, -2308967952.102409, -1522094843.0956972, -1295423507.9193413, -1759727479.972351, -2476239976.23779, -1958883941.297338, -2214717029.3329487, -1439813140.765127, -2039227689.3687313], "3": [-9479814613.456844, -11744843485.963175, -10838915417.622366, -11744537478.900084, -12641412140.486132, -2586628482.9091535, -2457818436.661769, -2873258805.764805, -5142350603.481951, -3751215180.9527116, -2383197144.015201, -2838152521.1801434, -1430293537.0268416, -954962195.5410078, -1384511966.6526358, -667157776.0042757, -926030298.4859962, -1337992860.7512546, -5968811084.036333, -4202535753.466456, -4664025713.409647, -1938219509.8611455, -2852705276.6962366, -3783773872.5702486, -3792136866.6960235, -4059733263.13132, -4263966878.117109, -4230955002.069608, -4727128055.564572, -3808955859.502301, -5369566087.133394, -6072213845.163338, -4685346696.686041, -5150669658.142504, -5998627949.714117, -3786697721.280654, -2951587413.613658, -5237650399.06222, -4257434969.865486, -2359129563.236018, -4631802759.176815, -6523494168.791949, -3811105077.0440607, -6972179897.2996235, -3855374468.742631, -4708351155.597917], "4": [-9479814640.510868, -11744843458.909153, -10838915444.676394, -11744535395.353888, -12641408578.819431, -2284205348.3657975, -1234221798.6378257, -862350856.2089924, -1746278116.3991542, -955628377.9047562, -679508695.7994579, -698376347.5525935, -273268936.2287739, -209531500.94985414, -310267936.2447575, -139343174.65354982, -181930028.39623553, -231458224.52754053, -1859136352.182862, -966410914.5925252, -954598128.4509995, -497287160.2208044, -721556818.7158912, -1117685724.4672163, -994749410.1353039, -1804343389.6622117, -1279531574.1980379, -1343149800.4139237, -2059886719.5130916, -1901778276.7205207, -3435314686.261498, -3923956213.6335783, -4191270705.128707, -3901463074.1214104, -4601436476.480419, -2407537909.0888734, -2866764517.5333314, -2649686663.837762, -3590934738.7723784, -1879897817.5172832, -3031963915.7919464, -5189166726.888495, -2419345145.540236, -3409690363.0315723, -2925882299.355978, -2364465847.848348], "5": [-9479811337.564077, -11744843500.795397, -10838897802.259014, -11744514395.600962, -12640757983.398853, -963330856.9936619, -640159003.2456614, -481196055.67706645, -939007267.823868, -583667050.7416284, -319661735.8088494, -298426401.4039987, -116553499.95938298, -54761841.71905693, -49456315.32010354, -24747107.783170246, -29050816.43630285, -62426287.568802916, -2433507051.667883, -2468500048.730274, -2426784286.9236984, -1212894032.648607, -1358678587.4209201, -2190352952.2942386, -1990289879.2831929, -2593323795.8098617, -2771855993.771543, -2913867574.0999355, -3020288953.3890476, -2668091905.790247, -4546030055.231566, -4425181756.266168, -4229097431.38066, -4656207331.829508, -3514543293.1839805, -2879262099.420638, -2454510305.233437, -4201337126.842759, -2642141131.303362, -1871666210.7955043, -3938286360.4142747, -6120167396.226091, -2586055500.2826767, -5813421600.615479, -3472225859.8654184, -4090910693.7121964], "6": [-9479744339.118324, -11744842614.71732, -10838915378.278484, -11744537450.665195, -12641412172.05849, -5114750619.71221, -2588286517.1664114, -2780549301.7192464, -5140938686.978113, -3615989814.298565, -2335234835.606866, -2827514043.812689, -1342799905.9806745, -911325798.1861432, -1384008662.4927762, -726218945.3469309, -927275160.62456, -1300355597.0569012, -5918103780.758936, -4184782345.652175, -4612012185.583517, -1938167093.667851, -2847439871.349181, -3772392891.8200693, -3778927176.042936, -3967749005.1976304, -4079528676.8910303, -4133630215.5299325, -4531118380.4487095, -3719579954.8874598, -5090580176.220867, -5593807823.873756, -4571543913.056977, -4815465021.874546, -5743540946.462868, -3596621009.1743517, -2682153581.1176224, -4857032095.855051, -4127285721.000445, -2299519302.9736605, -4069934858.6335053, -5756566033.209602, -3784342490.8169203, -6891876747.109037, -2795578982.4394937, -3883052078.281554]}