{"1": [-9893662920.104036, -6915724908.321744, -8333856049.313345, -7153140154.154615, -8699722342.928709, -7073385949.420502, -8433141713.345462, -6268531089.080138], "2": [-9893662925.248783, -6915724901.1577635, -8333856084.228548, -7153140182.271315, -8699028242.209557, -7072494651.69089, -8434545216.1238, -6268383292.2811575], "3": [-9893662949.54385, -6915724912.171156, -8330516758.304819, -7053785750.017308, -8692272772.233433, -7063686088.006528, -8430552836.440808, -6149077286.587457], "4": [-9893662941.890575, -6915724926.91466, -8333421583.018138, -7147843693.397954, -8699722359.01575, -7073367951.849419, -8434707362.569933, -6268140051.080115]}