{"1": [-56540.08190725299, -53066.15462283584, -55679.798255000984, -52140.08140399042, -55640.55658012619, -58271.56070494105, -52093.67069837896, -52956.82848291341, -58786.69756840457, -54177.11826498746, -57016.56114669513, -52108.13005206613, -55594.69059998057], "2": [-53012.7, -52126.2, -54785.70000000001, -53012.7, -56558.70000000001, -58331.7, -53012.7, -56558.70000000001, -60104.70000000001, -53012.7, -59218.20000000001, -55672.2, -56558.7], "3": [-55742.40000014545, -53096.399999624504, -52214.40000032068, -52214.40000000001, -56624.40000000001, -57506.399999238274, -53096.40000000001, -54860.39999964477, -58388.40000000001, -54860.40000074388, -59270.400000176436, -53978.40000000001, -56624.40000000001], "4": [-54860.02030330546, -50435.176152991, -55730.85129465554, -53092.27950601162, -58378.53793060062, -56620.78585394439, -53972.08706592801, -53107.75078632442, -60141.757727132455, -53092.96949308637, -57512.40786587185, -53963.824088194735, -57468.79823595715], "5": [-52220.69421610578, -45515.307616321596, -50733.84582876642, -52153.60082259743, -59863.25847237029, -56568.24462303158, -53900.46155385615, -52216.83040740324, -59942.93274627523, -49391.915433190916, -44627.50328460451, -41342.05578825522, -39991.049255155725]}