{"1": [32100.0, 33300.0, 33600.0, 33900.0, 33300.0, 32945.53333333333, 35495.7, 33300.0, 32100.0, 33600.0, 33000.0, 33300.0, 31850.5], "2": [33300.0, 34200.0, 33300.0, 33600.0, 33000.0, 33572.4, 33142.26666666667, 32700.0, 32856.23333333333, 33600.0, 33612.46666666667, 33900.0, 33240.0], "3": [35700.0, 33000.0, 34800.0, 33900.0, 33351.0, 31461.3, 32532.8, 32559.2, 31412.2, 31062.6, 29965.9, 30741.8, 30321.2], "4": [34200.0, 33300.0, 32100.0, 29703.5, 27484.8, 24531.3, 24748.5, 24994.2, 21249.7, 21727.9, 21652.5, 20957.1, 20856.3], "5": [30481.3, 31039.833333333332, 32511.666666666668, 34500.0, 32400.0, 35048.86666666667, 33416.8, 32400.0, 35400.0, 34200.0, 35100.0, 34800.0, 34500.0]}