{"1": [-51899.7799999997, -42390.51499999995, -30937.649999999947, -32735.985000000008, -30554.81999999993, -28579.824999999983, -18963.364999995534, -17136.554999999986, -16539.984999999997, -17192.555, -13552.439999999997, -10989.699999992255, -9832.010000000013], "2": [-51831.704347241386, -42775.521298576256, -32955.49270347162, -34484.32415254456, -32650.273958712613, -31217.323535559502, -20614.892003241206, -19798.149064753252, -19289.946288633033, -20503.97745415199, -17666.442327993365, -15273.971965332108, -14042.61709473225], "3": [-51502.29499999976, -38709.83999999885, -28342.394999999116, -29074.12999999823, -27653.399999999976, -26283.870000000006, -16929.509999999987, -14625.045000000033, -14275.095000000001, -14554.405000000008, -11791.8, -10113.715000000006, -8855.219999999992], "4": [-45727.7649999992, -33645.42834475271, -24889.363048991414, -24448.016436895414, -22809.417678451562, -22047.28012823691, -14553.563114688772, -13334.48422059486, -12389.179134101352, -13104.073404855711, -10086.031346199376, -8340.925691649776, -7510.377344535038], "5": [-47730.28851112868, -38646.66184148998, -30049.289112865885, -32341.01305833125, -30604.16529802459, -28792.972373987373, -19634.085430495623, -18447.285960569825, -17761.39540855088, -18628.64842029704, -15736.385157524626, -12987.796983710436, -10865.513914072766]}