{"1": [196.04075040412135, 196.99853264905977, 196.45608786749654, 197.6264944618568, 198.6601263757795, 197.03828877471386, 195.8409887827933, 191.28127809986472, 191.0317832998, 189.1966752616223, 190.803176271962, 190.71364161595702, 191.7563277699519], "2": [200.0, 200.0, 200.0, 200.0, 200.0, 200.0, 200.0, 200.0, 200.0, 200.0, 200.0, 200.0, 200.0], "3": [199.99999999403954, 199.9999999821186, 199.9999999821186, 200.0, 200.0, 199.9999999821186, 200.0, 199.99999998807908, 200.0, 199.99999997615814, 199.99999999403954, 200.0, 200.0], "4": [199.52029655873775, 199.64894603602588, 199.25004303902386, 199.52849843874574, 199.60898181796074, 199.69900827184318, 199.65491722226142, 199.54795430749655, 199.69679591506718, 199.7212017118931, 199.2131279796362, 198.64741525594144, 198.5830106763402], "5": [191.14686932507902, 173.74003090304322, 191.34631279236638, 197.65097199380398, 196.8314760901034, 198.38883016854524, 197.40224856957792, 198.2680863460526, 197.67492968775332, 175.78654888120946, 154.10573430042714, 146.64211533520137, 128.57067510806957]}