{"1": [-76806.9599999926, -76172.11333332927, -77412.50333333042, -77027.82999999447, -71943.41999999173, -70460.94333333714, -72198.1000000036, -68881.55000000384, -66428.94000000281, -67582.03000000298, -66885.78000000353, -67258.03000000317, -64188.816666669576], "2": [-76915.32000000615, -76253.3833333392, -77385.41333333959, -77000.7400000061, -71916.33000000425, -70449.87000000353, -71951.26000000359, -68812.47333333733, -66397.49000000258, -67399.42666666965, -66602.99666667024, -67021.85666666974, -64050.32000000299], "3": [-77143.57998166882, -76169.34333333958, -77537.14333333963, -77047.650000006, -71470.05000000422, -68936.82666667037, -71125.76666667052, -67874.87666667042, -64726.84666666911, -65544.31666666942, -64374.93333333683, -64757.456666669874, -62386.81333333616], "4": [-77014.43000000626, -76195.17333333917, -77304.6733333399, -74195.6400000064, -66671.99333324438, -62190.409999856376, -64670.43999985911, -62546.23999987265, -58350.699999800374, -59469.24999981238, -58268.783333115134, -57896.13333308574, -55850.793333070105], "5": [-76572.0966666735, -75725.15345120327, -77309.50228553462, -77005.93201213876, -71634.68859212018, -70313.10579229906, -71749.45080092373, -68528.77183739234, -66333.40888687222, -67246.37379730202, -66650.84919433676, -66949.9789420083, -64310.208421418436]}