{"1": [200.0, 197.25, 193.45, 193.25, 192.4, 192.4, 191.0999999552965, 190.25, 189.05, 187.9, 184.8, 181.99999992251395, 182.65], "2": [24.161994029436027, 5.500210211225204, 4.840049848184572, 4.809213141906366, 5.034730046091136, 5.040988148821635, 4.132266831192828, 4.312718195753405, 4.430591327880393, 4.672998840762011, 4.529863380140159, 4.4855509443514165, 4.586679797405668], "3": [198.9, 189.29999998807907, 186.19999999105931, 184.2999999821186, 183.85, 184.9, 183.9, 181.45, 179.6, 177.95, 174.35, 172.45, 173.55], "4": [188.75, 169.98344752949197, 169.93048991527758, 169.86436895616353, 166.37678451761604, 169.95128237083554, 171.38114688778296, 167.2922059476492, 165.89134101322853, 164.134048556746, 161.7634619936347, 159.05691649764776, 160.47344535030425], "5": [172.73378863658, 153.58815547447884, 145.18687073348846, 136.7459094843769, 135.9772078525537, 135.96722950870753, 126.94056521989697, 121.36667099979823, 112.39895430535981, 107.48351824452402, 95.6864466880259, 91.44845066887501, 91.58679128563817]}