{"1": [-10474856975.977745, -9278218494.470583], "2": [-10474856975.977745, -9278218494.470585], "3": [-10474856973.256535, -9278218492.15111], "4": [-10474856973.256535, -9278218492.15111]}