{"1": [156.48061809013598, 100.29781031608582, 97.32370462715626, 97.7426977366209, 98.95035042762757, 98.04403282701969, 97.46928183734417, 97.99655502438546, 96.68808034062386, 97.67024261057377, 98.13410886228084, 96.7248101145029, 97.38171980381011, 97.274993288517, 97.29260302037001, 96.11934235095978, 97.26628471314908, 96.69787242561578, 97.1774275392294, 93.7910673841834, 94.36567339673638, 96.30968770161272, 95.9264373332262, 96.46345740407705, 95.78952810764312, 95.1974327173084, 94.45294014364481, 94.04662901720731, 95.63903269916773, 94.45153879988939, 93.51548232622444, 94.38101123347879, 93.65097720250488, 92.36247215792537, 92.6223215289414, 90.37744132727384, 89.46265532067045, 88.74085108572618, 85.40986878201366, 80.72604753598571, 73.28650446872344, 63.80205272357853, 53.27691246655886, 43.26756503007491, 40.269883053572265, 37.91447187011363, 35.800925995103896, 36.77192808692926, 36.132988435207515], "2": [22.334913187140774, 7.829865933551628, 6.091481109331653, 6.034951877748244, 5.929877932317322, 5.771368527194136, 6.001925634602958, 5.985940568562365, 5.870048988058988, 5.837144987923966, 5.590001134230988, 5.712761859878083, 5.726872540716431, 5.519088763593754, 5.625682761719508, 5.268397145497147, 5.42705381619453, 5.447504801690229, 5.240382271044655, 5.472816020049504, 5.320064496988198, 5.407488158697379, 5.320285477464495, 5.188921019789996, 5.1823651035243525, 5.240505265169486, 5.218631739793636, 5.230026240150619, 5.054316304194799, 5.036483069574752, 5.010477891674964, 5.175134061821154, 5.144559510979161, 5.114952124423871, 4.98941795744031, 4.976460485432471, 4.937723996501882, 4.847388237284031, 4.866540734619775, 4.850733046868117, 4.723007956793299, 4.807964585041918, 4.687883739276731, 4.837716252040991, 4.56471533752192, 4.609784304001368, 4.5372925596399, 4.491443465805787, 4.367220084577275], "3": [19.86961536606541, 11.87772306878178, 12.475315339404915, 11.178732204486732, 12.332142319237756, 11.379582427296555, 11.732246894823039, 10.861906142279622, 11.483466233260696, 10.819199482916156, 11.35238571404916, 11.389718178445765, 11.112162998950225, 11.046230595141243, 10.502127305271278, 11.120853793753486, 10.813201335007033, 10.651079414713603, 9.756573412792932, 9.86895874212787, 9.72539596107963, 9.672520561778219, 9.322873157740105, 9.46787859124306, 9.888270392233972, 9.140663675413816, 9.17721423274197, 9.261289735385798, 8.72875982458354, 9.038754065977992, 8.624264780852537, 8.84355984551512, 8.87673058637447, 8.394300029150326, 8.490647045502556, 8.173144868892269, 8.483686768385814, 8.247176928898261, 8.093701810330094, 8.597573406260926, 8.385940610825491, 8.100990769997589, 8.486559174348077, 8.455184569880657, 8.420343393737857, 8.541605986958894, 8.376710764686868, 8.437795338519209, 8.189655995245266], "4": [152.89998060762883, 94.74999231398105, 93.44999195933342, 94.14999168217182, 95.19999090135097, 94.44999061524868, 93.14999054968357, 93.24999123811722, 92.79999166727066, 93.34999144375324, 94.0999902665615, 93.59999163150788, 92.89999111592769, 92.9499903857708, 94.04999034106731, 92.6999900817871, 93.09998935759067, 92.89999042749405, 93.04998903274536, 91.39998971819878, 91.64998987317085, 92.74998830556869, 92.79998793900013, 92.9999872237444, 92.54998898208142, 91.69998675882816, 91.49998768270015, 91.94998734593392, 91.49998550713062, 91.39998559057713, 91.89998449087143, 91.84998344480991, 91.94998434185982, 90.64998195171356, 91.99998164176941, 90.29998285472394, 90.59998056590557, 89.49997536540032, 89.09997521042824, 86.9499728024006, 82.19997197389603, 74.34996866583825, 68.79996203780175, 64.64996059536934, 63.24995352029801, 60.69995073080063, 58.2999459952116, 59.14993586540222, 58.0999273121357], "5": [148.75, 9.387769371720788, 7.870107577455928, 7.763818508322584, 7.944464727456216, 7.702834847579652, 7.726868688792456, 7.777782221678353, 7.480395928771759, 7.668140246269468, 7.777443101227982, 7.792617154477921, 7.611891716223909, 7.451135972472548, 7.586997547706415, 7.354479192805593, 7.291100263263798, 7.47541285365296, 7.354283471187228, 7.148336895031389, 7.198127939176629, 7.3093668235291265, 7.465474859529058, 7.2154580343776615, 7.053214064556232, 7.186908218148164, 7.067000343967811, 7.069952097827627, 7.149944603131734, 6.757156383135589, 6.864770039364521, 7.2975825632558555, 6.738785995575017, 6.932969486800721, 7.062812086466875, 6.798258882011578, 6.864347074483521, 6.9878610679734265, 6.79058624113095, 6.701203850837191, 6.668917561229319, 6.5490305088605965, 6.520262557234673, 6.347846079719602, 6.4077773131182765, 6.290429357378161, 6.274698207461915, 6.277925707442046, 6.269003314500151]}