{"1": [-8490.078061809047, -4936.824781121015, 518.9526294803619, -2488.3242698365516, -1298.2100351273964, -710.4594033682346, -3663.201928294601, -2062.039655647278, -2242.5788082018453, -1397.3320244759284, -1359.6584112098792, -1485.022481274011, -890.3481723782427, -1126.217499840558, -1830.9042609481553, 980.0580649647133, 262.7833707237247, 1315.3252116881333, -1439.8227440696942, -1527.3741082932077, -1499.5065695992866, -1292.7759715972102, -2259.5826475799145, -233.97135075137012, 558.7810399338605, -758.9197521310678, -596.4003080306964, 651.6303170693316, -2092.648939994418, -1282.18519531833, -543.196640427002, -2391.718235175685, -607.0003042604769, -1773.4816221123187, -1891.5826671702391, -1717.3234496994323, -2073.0928442281393, -967.6220033805914, -1272.6232804211222, 604.4622933296114, 868.7128630056565, 564.7859074067353, 2183.317638527986, 1475.003898457084, 1583.3163520059156, 1845.2567879199094, 2335.1280237838346, 2557.0862644365575, 3340.720336101103], "2": [-14869.193355932028, -16222.97514128017, -4320.944748700763, -11939.85802046738, -8628.685502977953, -6903.3724059793385, -14030.192823104047, -10809.161586860031, -11016.939493917052, -8684.023341413038, -9203.777786479957, -9363.945718863146, -7449.503056352703, -8121.662827137874, -9969.345073215536, -2993.406321741385, -4934.968423207468, -2008.8334161793512, -8725.392782693732, -10058.582608712615, -9412.952550620375, -8086.90491490303, -10598.682158130507, -6557.87538038242, -3557.9726766925583, -7145.848513212613, -6949.648960209323, -3444.8967082758377, -10067.011593926045, -8465.755165953113, -7295.137587163166, -11327.57855655116, -6585.774285857486, -10950.398541690536, -10575.153225196624, -10015.638612708264, -9599.591030794298, -7955.695476478676, -8694.229255455139, -3951.3525757165544, -2902.031109424903, -3767.8694340223833, 186.78635093717912, -1472.6865040289774, -946.3262856273934, -654.9518912518085, 1046.945780139306, 2081.785566378706, 2863.3093109269466], "3": [-15030.157805593233, -15832.259447123064, -4386.955513517825, -11675.11787212488, -8179.541554009021, -6813.244395432489, -13583.339316343738, -10515.072892162429, -10539.907005788882, -8440.635911511989, -8951.008960112888, -9015.354906777462, -6739.907384736443, -7406.036111284653, -9579.292352451836, -2801.886457042229, -4597.406086922431, -1922.145032077465, -8239.919366024369, -9298.357311538417, -9221.42879061419, -7514.548943678453, -9669.75926350589, -6251.771995817644, -3537.366731752012, -6531.258851207175, -6376.703778620051, -2985.5960377119327, -9510.838356204957, -7892.892973742751, -6866.971715400056, -10403.395498527729, -5775.600102854176, -10363.71879201336, -9778.153232561326, -9787.459986523658, -8741.97285486319, -7429.028277663941, -8064.9157036740235, -3482.4898170381894, -2630.480182820508, -3333.775008842172, 375.430580241667, -849.6582381987258, -992.1323313136454, -429.7017455500924, 1010.9565382030278, 2179.1956536662597, 3067.584740501655], "4": [-8291.479998060766, -4743.0499992314035, 508.9400008040674, -2642.8749991682216, -1371.1249990901356, -604.8399990615253, -3445.4299990549684, -1977.1899991238115, -2278.189999166729, -1327.7399991443774, -1370.9949990266568, -1583.7199991631485, -856.029999111591, -908.7949990385756, -1741.3949990341087, 980.1900009918215, 168.36000106424106, 1369.4400009572523, -1540.4299989032752, -1454.0049989718182, -1504.8699989873153, -1051.7749988305568, -2118.819998793903, -465.5449987223744, 431.04500110179214, -694.3449986758824, -675.2049987682688, 694.4300012654066, -1871.4649985507112, -1107.5399985590552, -535.329998449087, -2280.144998344482, -604.6099984341863, -1755.1699981951715, -1586.1499981641741, -1642.0999982854694, -1819.9499980565874, -740.7049975365392, -911.8199975210433, 776.7550027197601, 1019.9800028026111, 792.505003133417, 1711.3300037962194, 1317.5300039404642, 1550.8050046479711, 1498.8950049269201, 1772.8650054004797, 1947.2800064134597, 2201.4650072687864], "5": [-10078.140000000003, -12997.475488893046, -1988.494335871396, -9629.240144765841, -6194.185361211778, -4084.719128595328, -11439.560578824638, -8042.165426993129, -8490.809181766655, -5751.7269882847995, -6761.931589985876, -7283.768990061695, -4635.809153759808, -5686.236871378595, -7263.634773771392, -1228.5977572958266, -2687.7283138484045, 231.62013710546776, -6199.950924020437, -7306.126365152491, -7149.011288769655, -5660.067340009612, -7760.395196906425, -4402.019518102593, -1802.308109866032, -5041.608807981459, -4410.757903583726, -1471.6399561518786, -7553.069829749172, -6276.661704485964, -5023.017226928167, -8685.866054267406, -4470.545363897617, -8420.737143468104, -8408.827776744762, -8177.021095253437, -7601.027512494121, -5600.65758524937, -6576.584798938393, -2384.657807563115, -1369.0196002094124, -1840.7737091533168, 1758.5527641290332, 0.9683126990014458, 414.5534219223485, 535.2496980806021, 2442.4137332455475, 2896.1135002263936, 4448.384470371234]}