{"1": [-81380.69999995468, -1039.4939873201488, -1325.7073740548833, 316.7810776075642, 1901.468037697306, 4249.674725903135, 1349.187826294125], "2": [-81380.70000000297, -292.994999979318, -700.7849999886723, 994.7750000087572, 2607.6900000212922, 3890.550000022161, 1922.145000027497], "3": [-81457.60000000444, -1025.6949999997792, -1333.550000000003, 319.4350000001674, 1674.2150000000954, 3926.0450000001233, 1230.7000000000546], "4": [-81457.60000000444, 589.0700000006889, -145.08499999513268, 1437.370000000676, 2161.7500000015943, 4784.465000001798, 1877.3450000003631], "5": [-81529.49001094195, -260.2059820831754, -466.05733976153806, 1240.7350539090316, 2567.427936429693, 5147.932766988239, 2222.705770215846]}