{"1": [199.99999949038028, 13.65402544123208, 12.811784103146056, 12.402030596591066, 11.994699869329633, 11.483249314854039, 11.902693171906867], "2": [199.99999998509884, 147.94999979436398, 144.34999988675116, 141.24999991357328, 147.59999978840352, 145.99999977946283, 141.54999972581862], "3": [200.0, 168.95, 170.0, 167.65, 170.85, 166.05, 167.5], "4": [200.0, 137.79999999403952, 148.8499999523163, 143.79999999403952, 154.99999998509884, 132.84999998211862, 142.04999999701977], "5": [199.89503922611476, 164.96513950154184, 166.2372427929193, 164.64868298694492, 168.60329257622362, 163.05742991901934, 163.47597152981908]}