{"1": [200.0, 200.0, 200.0, 200.0, 200.0, 200.0, 200.0, 200.0, 200.0, 200.0, 200.0, 200.0, 200.0, 200.0, 200.0, 200.0, 200.0, 200.0, 200.0, 200.0, 200.0, 200.0, 200.0, 200.0, 200.0, 200.0, 200.0, 200.0, 200.0, 200.0, 200.0, 200.0, 200.0, 200.0, 200.0, 200.0, 200.0, 200.0, 200.0, 200.0, 200.0, 200.0, 197.55, 195.55, 197.05, 185.85, 176.65, 177.05, 183.2, 177.55, 180.0, 181.05, 146.5, 144.75, 143.99999980926515, 143.1999992221594, 142.29999730587005, 139.44993516206742, 137.98121968470514, 127.58976809261367, 123.41696300841868], "2": [200.0, 200.0, 200.0, 200.0, 200.0, 200.0, 200.0, 200.0, 200.0, 200.0, 200.0, 200.0, 200.0, 200.0, 200.0, 200.0, 200.0, 200.0, 200.0, 200.0, 200.0, 200.0, 200.0, 200.0, 200.0, 200.0, 200.0, 200.0, 200.0, 200.0, 200.0, 200.0, 200.0, 200.0, 200.0, 200.0, 200.0, 200.0, 200.0, 200.0, 199.99999939501285, 199.99991115033626, 158.8031731931842, 83.82101876776869, 28.00871628977766, 16.189159591640056, 9.791116443424835, 10.273643063439522, 8.473569396372477, 7.5442097874241885, 6.062108595702739, 5.45561237015936, 4.874405383453995, 4.7739239942573475, 4.500499929250509, 4.557232842942176, 4.348190748364141, 4.27793425758864, 4.01558838847559, 4.146278124510718, 4.0485227514553115], "3": [200.0, 200.0, 200.0, 200.0, 200.0, 200.0, 200.0, 200.0, 200.0, 200.0, 200.0, 200.0, 200.0, 200.0, 200.0, 200.0, 200.0, 200.0, 200.0, 200.0, 200.0, 200.0, 200.0, 200.0, 200.0, 200.0, 200.0, 200.0, 200.0, 200.0, 200.0, 200.0, 200.0, 200.0, 200.0, 200.0, 200.0, 200.0, 200.0, 200.0, 200.0, 200.0, 197.95, 191.7, 188.65, 183.65, 181.5, 178.55, 179.2, 179.4, 175.4, 169.05, 136.25, 135.15, 135.1, 134.9, 134.2, 132.95, 132.65, 129.45, 128.65], "4": [200.0, 200.0, 200.0, 200.0, 200.0, 200.0, 200.0, 200.0, 200.0, 200.0, 200.0, 200.0, 200.0, 200.0, 200.0, 200.0, 200.0, 200.0, 200.0, 200.0, 200.0, 200.0, 200.0, 200.0, 200.0, 200.0, 200.0, 200.0, 200.0, 200.0, 200.0, 200.0, 200.0, 200.0, 200.0, 200.0, 200.0, 200.0, 200.0, 200.0, 200.0, 199.99999999701976, 192.2999973654747, 178.79999960660933, 172.49997427165508, 169.2981194585562, 168.04312478005886, 162.28809268474578, 160.37319953879341, 160.1533127776347, 144.05615115838592, 115.96037148888135, 10.540082310260914, 8.694747823147917, 7.811163832921011, 7.3004738655508845, 6.59510794730304, 6.075136130838655, 5.621658744495653, 5.3387363306552285, 5.050712831465352], "5": [194.7, 195.2, 194.55, 195.85, 194.6, 195.0, 195.7, 195.3, 195.1, 195.4, 195.8, 195.4, 195.6, 194.5, 195.15, 194.95, 195.7, 195.75, 194.1, 194.8, 195.6, 195.5, 195.6, 194.4, 194.95, 195.0, 195.5, 195.15, 194.45, 194.95, 194.85, 194.8, 195.65, 195.85, 194.1, 195.4, 195.3, 195.25, 194.65, 194.2, 195.5, 196.1, 187.35, 172.1, 164.15, 159.1, 158.0, 155.2, 156.5, 156.25, 151.8, 144.6, 117.1, 116.25, 116.4, 116.2, 116.15, 115.55, 115.7, 112.25, 111.05]}