{"1": [-70669.82000000124, -72171.40500000177, -71964.64500000182, -73835.78500000192, -74426.4250000022, -73061.35000000172, -75513.5550000025, -72985.56500000188, -78800.40500000234, -75483.85000000225, -73978.89500000236, -74070.955000002, -78058.13500000264, -74800.93500000256, -76161.4000000028, -73671.93000000194, -78031.31500000258, -76009.3150000029, -73737.39000000208, -74119.09000000186, -74152.52000000206, -75411.82500000276, -80187.97500000204, -71873.090000002, -72742.68500000234, -73892.30000000245, -74815.88000000286, -74288.30500000177, -70270.0850000009, -72646.1750000018, -72565.76500000214, -81206.64500000313, -74848.34000000256, -77675.15500000253, -75527.41000000153, -76692.18500000189, -78090.85500000254, -76575.77500000266, -68495.4300000013, -75738.53000000237, -80361.64000000314, -77655.09000000301, -58341.229999999494, -36428.78499999959, -34217.03999999996, -27539.93000000001, -13263.420000000016, -18581.130000000026, -20256.600000000006, -18464.225000000013, -16735.130000000012, -6579.5600000000095, 3269.080000000004, 3440.3800000000033, 3435.060000014306, 3458.2700000640725, 2626.0050002265025, 2023.5150053888606, 2164.6771159510336, 2864.878381129329, 2835.823439373632], "2": [-70669.82000000126, -71968.23000000176, -72045.91500000187, -73957.69000000175, -74141.98000000205, -73061.35000000178, -75554.19000000272, -72985.56500000194, -78597.23000000251, -75402.58000000221, -73978.89500000235, -74111.59000000224, -78058.13500000269, -74882.20500000249, -76405.21000000284, -73753.20000000174, -77990.68000000276, -75846.7750000031, -73737.39000000208, -74078.4550000018, -74233.7900000021, -75533.73000000282, -80228.61000000213, -71954.3600000021, -72742.68500000233, -73892.3000000025, -74856.5150000028, -74369.57500000179, -70310.72000000092, -72402.36500000175, -72565.76500000211, -81287.91500000314, -74767.07000000257, -77553.25000000253, -75446.14000000196, -76448.37500000183, -78090.85500000254, -76657.0450000028, -68536.06500000108, -75779.16500000237, -80361.63999994248, -77533.18499133084, -58148.15498102411, -36595.293593429924, -34167.053016413294, -28324.68692119175, -14524.864145302146, -19653.45997068355, -21266.645308545412, -19907.78966248891, -18325.06591632512, -8514.119488834902, 3376.1173671437455, 4031.065666971104, 3454.8312860551027, 3660.8090163509064, 1694.5087010508164, 643.4476745863095, 1235.807045370664, 2341.032317262666, 2408.721946568689], "3": [-70542.85000000143, -72234.110000002, -71874.62000000177, -73941.01500000175, -74480.22000000236, -73125.5850000018, -75381.45500000243, -72931.31500000188, -78732.02500000232, -75385.27500000245, -73966.00000000236, -74136.36000000204, -77999.92500000248, -74782.19000000248, -76380.79500000286, -73655.34500000175, -78046.09500000274, -75870.8250000029, -73794.60500000208, -74221.35000000191, -74257.39000000234, -75472.01000000282, -80123.73500000215, -71861.36500000207, -72884.7700000023, -74032.94500000252, -75000.1300000029, -74430.84000000182, -70178.17000000089, -72349.28500000175, -72468.6300000021, -81220.79500000304, -74829.41500000257, -77615.32500000251, -75664.72500000166, -76710.65500000211, -78145.46000000255, -76716.87000000282, -68605.88000000111, -75833.77000000239, -80490.85500000294, -77595.62000000295, -58093.06499999954, -35422.6449999996, -31715.825, -26316.815000000053, -13604.89000000002, -18459.80499999992, -19415.740000000013, -18211.46500000001, -15495.800000000012, -5069.080000000014, 3398.5250000000005, 3547.6349999999984, 3365.3749999999986, 3353.155000000001, 2579.8750000000064, 2017.6400000000024, 2075.840000000004, 2597.815000000005, 2634.9600000000014], "4": [-70581.59500000125, -72117.87500000178, -71990.85500000186, -73863.52500000174, -74325.2400000022, -73009.3500000018, -75613.92500000252, -72931.31500000195, -78615.79000000271, -75346.53000000223, -73966.00000000236, -74175.10500000205, -78348.63000000251, -74898.42500000256, -76342.05000000281, -73732.83500000175, -78007.35000000255, -75870.8250000029, -73717.1150000021, -74105.11500000212, -74179.90000000213, -75278.28500000277, -80084.99000000245, -72016.34500000204, -72691.04500000228, -73839.2200000025, -74961.38500000286, -74392.09500000182, -70100.68000000107, -72388.03000000188, -72352.39500000229, -81414.52000000334, -74674.43500000257, -77692.81500000258, -75587.23500000185, -76865.63500000194, -78029.22500000255, -76871.85000000284, -68644.6250000011, -75678.79000000234, -80413.3650000031, -77556.87500000295, -57132.42499973615, -32231.704999960282, -26572.93499742708, -22064.999811945854, -10402.609312478035, -14672.963809268465, -15711.692319953861, -14530.28533136952, -14171.995633720839, -7945.355396827812, 3373.1199912418206, 3603.464406685972, 3327.081756310998, 3397.7197782283597, 1755.078766668729, 448.243247802208, 1011.1601347658645, 2201.687011714141, 2564.2556407850307], "5": [-70105.62000000183, -71467.32000000161, -71203.60500000184, -73303.68500000195, -73381.71000000196, -72281.6000000018, -75094.17000000224, -72278.28000000249, -78025.76000000279, -74871.94000000272, -73683.78000000246, -73680.2900000024, -77331.8600000026, -73926.85000000225, -75614.3650000027, -72796.34500000262, -77413.32000000266, -75399.57500000266, -72490.360000002, -73264.18000000187, -73524.16000000197, -74816.60000000233, -79557.46000000302, -70880.0900000017, -71823.04500000252, -73095.40000000232, -74581.15000000273, -73775.61500000188, -69309.79500000173, -71527.84500000173, -71609.48500000173, -80410.7800000035, -74099.7650000024, -77164.33500000295, -74602.61000000211, -76052.24000000278, -77323.63000000292, -76123.72500000279, -67699.96500000083, -74736.92000000214, -79635.40000000327, -77340.81000000298, -56140.40999999883, -32197.364999999478, -27895.670000000002, -22267.455000000024, -9450.635000000011, -14465.564999999999, -15833.079999999949, -14803.489999999994, -12065.740000000009, -2774.0499999999965, 8574.62499999999, 8883.164999999994, 8726.86, 8534.389999999989, 7199.094999999991, 6423.954999999989, 6716.924999999974, 7880.9649999999865, 7918.6799999999985]}