{"1": [-126497.33625229183, -117357.69382215924, -126371.53987424327, -117407.13875495826, -126449.06547579155, -117166.64508755559, -51822.16361376435, -28155.888794153936, -37360.88330532799, -14587.2606767926, -28262.51965479637, -37423.03814637907, -18466.175310745042, -17708.52963056802, -2669.469830273518, -0.1971480604902044, -4613.7513175395425, -0.06674221177508646, -76.63233835875619, -51.254851097328945, -66.22805455175087, -0.1454713216453661, -8.029633897046205, -17.662905382001703, -4.067766339515375, -112.919787113702, -208.5427387893206, -8956.93644699766, -8689.751967776294], "2": [-126497.33625476665, -117357.69386384354, -126382.19467186027, -117440.09700504606, -126557.59831385594, -117218.29729257539, -51864.90810037816, -28168.265460886574, -36473.83978782062, -13658.540773988734, -27122.743258541566, -23425.600380158645, -11015.247124209625, -8279.694663187065, -802.876501846956, -0.0440501293348574, -1597.051660731747, -0.012359823688063104, -7.553995416170183, -6.757071745270987, -16.342820583329633, -0.045912655132599046, -3.260588460210806, -8.606396051715873, -1.326566103245375, -25.57376483234585, -110.43596082229377, -8859.969794419441, -5886.605133089047], "3": [-126497.3362093701, -117357.69366988497, -126415.15276541836, -117391.44567002072, -126556.49979172247, -117273.02201267172, -51865.26905926873, -28112.19651430521, -36167.355883258904, -14439.64114661915, -28130.084318146524, -34287.92151294059, -14953.9833132374, -12559.305603705794, -1724.6165053764785, -0.11877499056146323, -4563.54628681214, -0.04580205451553939, -40.916067310593725, -62.042974415493724, -89.39048289820998, -0.16891525545836011, -7.81578856847154, -19.095470023915958, -4.76373695848269, -111.58467941023441, -184.75340171479652, -6982.532197486576, -9573.768619652214], "4": [-126497.33620800753, -117357.69344695883, -126415.15230532634, -117440.09646943146, -126557.59763418317, -117273.03721688867, -51865.54323826225, -28195.07140685607, -37443.2888917272, -14695.47116441273, -28270.462601120576, -37337.40502664506, -18458.58949617022, -18106.44594411652, -2928.8046814259046, -0.21894961455674583, -4613.8194073948425, -0.07326044287340247, -68.9608656002398, -69.18776261908376, -88.10108715674228, -0.17699666498373967, -5.729065690261684, -5.967427390660247, -3.546865599384428, -90.02610975135266, -119.06585360711283, -8941.593272326307, -9507.998567991806], "5": [-126497.33615725266, -117394.38123033226, -126691.8156119857, -117626.46344219481, -126998.91646653807, -117922.50723044104, -52754.5590962098, -29181.55011534579, -37765.40497761204, -14691.040927861372, -27958.652008024008, -27388.185170508346, -10039.784762523355, -7994.0521036307255, 997.4573462700755, 4375.841232570845, 3286.728361664698, 5935.080864319523, 4549.8418519759425, 4562.844982821494, 3915.4688250317654, 4966.8749573895275, 3826.022096820995, 4030.224120081833, 2990.249322345821, 2279.9518369499474, 1421.0841999882246, 85.49090265867908, -2826.8530612098843]}