{"1": [199.37268776893615, 195.2589679566212, 192.65904382992304, 188.3732958533801, 189.20250412030146, 181.04196789846756, 180.4340286589548, 150.13095236908413, 143.9749235042371, 123.65636108055187, 118.31844727862627, 102.87177063150448, 87.25724459074554, 82.03337992865127, 75.2320121451543, 67.20645636488916, 61.156005665846166, 57.2130707817967, 50.42157405402686, 44.203539309231566, 38.939168646451435, 34.35760257424554, 29.02185835520795, 24.654904575433466, 22.64171737638535, 19.192752322592423, 17.972299342034965, 17.077970836058377, 17.24600020143553], "2": [199.8301527068019, 199.71053988188504, 199.7000759728253, 199.7948213323951, 199.76242550313472, 199.11525707095862, 193.10760249495507, 176.57681298553945, 177.33039325848222, 165.81048486605286, 162.95826929584146, 156.2884039344266, 149.3990890810266, 147.45053346059285, 135.3955123372376, 115.33967203907378, 102.17865836396814, 92.57363310791553, 92.17797418441623, 83.58295618779957, 65.04193328360562, 56.46347102592699, 53.44520641255658, 49.20309392633207, 42.36300323362811, 36.16171298366389, 33.04711762398365, 28.201703018616534, 30.278788201572024], "3": [199.99999049305916, 199.89998665452003, 199.99997879862786, 199.69998787045478, 199.899989849329, 199.6999977707863, 194.0999781847, 180.69995914697648, 179.5997490286827, 163.45693050483243, 159.06586343457457, 149.81185275396564, 139.00665268618613, 130.0738262892177, 104.01379329850897, 80.03265322288499, 57.90850604847655, 49.007747715883305, 39.28258398909238, 31.2848971883388, 27.963703938227262, 24.752426814706997, 22.958684425413956, 20.921178376520402, 20.131484069675206, 18.629197192477296, 17.687919988908106, 17.815065056123423, 16.21024298107077], "4": [199.86372231841088, 162.4619048911496, 153.9847095473786, 150.46863153800078, 135.8927093998296, 122.2752066890971, 86.07718445795471, 64.77461867644452, 54.63938049665303, 50.80980970696546, 55.17095959141152, 54.12396527395176, 41.90531340088055, 42.99456193843798, 37.943637942988424, 30.570212210406318, 30.045195442749538, 28.544250886936787, 26.590758043131792, 24.754238668381003, 21.862755420137546, 21.443980463428307, 20.407558997793238, 20.728687215762328, 17.736834704040668, 17.26347460060788, 15.639928904408588, 13.186390749181736, 14.493869784049457], "5": [199.85973623991012, 199.5691610634327, 199.39377321004866, 199.79848006367683, 199.0987339913845, 199.09941810965537, 193.39891936182977, 176.09888423681258, 175.69894258379935, 165.39869503378867, 164.49863882064818, 159.49819125533105, 153.79826505184172, 149.69588983654975, 135.7118183374405, 108.14031119528227, 95.53677357060369, 86.4604537175619, 81.76198199609644, 74.42056392396043, 67.11626061627176, 60.25158330567647, 56.63063597778091, 52.79281786424108, 48.665740618662674, 41.12713591499487, 35.61389741133316, 30.379309670921067, 26.946676353659132]}