{"1": [-13223181205.963097, -12775800432.863628, -12775800424.285233, -12328419651.185802, -12775800432.863615, -12775800415.706833, -12328419651.185755, -12328419625.450596, -7659399445.479136, -4809235884.3000965, -4613052284.075786, -3944514961.2743697, -3731210098.4109282, -2340832122.258529, -3291186132.45449, -5026575129.584097, -3118971802.4598303, -2274598278.7603607, -1082972679.2474208, -995684843.3691571, -598672817.9948859, -1444858368.652268, -3255738908.0454516, -2758444597.7205343, -1926120355.8323638, -521053626.714903, -603742843.1878082, -3709468024.2323503, -2009634632.849685, -2685825163.9582424, -1904096025.6170654, -1902333622.0204265, -495630318.4853646, -4246466797.0025926, -2837355105.430864, -3729769775.457633, -1491362047.072383, -1504241853.4271803, -3741002045.9028587, -1587524717.2277982, -1104882070.2933364, -2483534415.684561, -2927507338.032589, -2099507782.7139213, -2956349908.2385283, -2232971263.081975, -3193209190.745662, -2931584185.10412, -2849427179.0965466, -1525686950.0353546, -3440413603.836492, -4163975738.5840874, -3634092785.131697, -1375212126.9199588, -3985814997.291074, -3145119167.4920793, -3489667867.561269, -4274641949.258774, -3787922845.3422303, -4225676612.611245, -2819621865.3818054, -3693448131.7950935, -2832817619.269952, -1944108319.8459058, -2883936512.36026, -1066640173.2313082, -4233071950.251358, -577539485.2081866, -3186970842.581215, -3237067564.7170453, -4673594834.444386], "2": [-13223181214.541492, -12775800415.706818, -12775800424.285233, -12328419651.185783, -12775800415.706835, -12775800432.863626, -12328419625.450567, -12328419651.18576, -7871039223.640813, -5057220799.203225, -4920387427.751004, -4389213941.7814045, -4336820662.11364, -2515618646.3840456, -3933000578.18908, -6094159673.054766, -3325069257.4607706, -2432784859.9692874, -1151536852.6603804, -1011828519.041666, -628163600.3995103, -1502491249.3535962, -3246130697.684468, -2810547007.686591, -1858975352.5351315, -508189210.3740881, -556412068.4069712, -3779435523.103962, -1992673439.3145099, -2744189828.7812624, -1905949140.505855, -1931117108.2015705, -493772694.41657734, -4246282251.2146707, -2869250289.6225595, -3764556378.105031, -1494810143.1849513, -1511752069.1651452, -3689897405.8685875, -1547758948.1685107, -1123760537.360425, -2505619126.338346, -2956910762.5512652, -2379135494.1518526, -3016959000.8477445, -2299678610.6261716, -3311082731.6428947, -2896312734.852086, -2835027698.4783077, -1528414493.2133298, -3654742074.5014753, -4206340680.337104, -3752245022.4068956, -1725705828.185306, -4060425395.287677, -3324019543.421252, -3712811508.4133463, -4170861573.9900103, -3746569916.32769, -4218062951.073915, -2836339432.16402, -3764311690.1486716, -2822003163.325055, -1997586222.4802837, -2865204421.6959023, -1095424592.6235168, -4184192976.07982, -653512727.0859177, -3292194573.5715423, -3322777499.7615275, -4559744195.887896], "3": [-13223181213.109283, -12775800423.118435, -12775800431.566269, -12328419607.784153, -12775800440.014097, -12775800423.118444, -12328419641.575428, -12328419650.023285, -7530712087.40105, -4759468735.992362, -4521061290.798684, -4011571630.4479904, -3999910117.2227387, -2339603710.2367277, -3559114029.3729696, -5610397877.777852, -2953259953.085685, -1999497201.1937256, -788249680.1072795, -641405672.6329693, -340526529.4720239, -874503000.1761634, -2458766678.9327607, -1978932167.1588416, -1514013299.325622, -419190272.2489251, -504815789.1791029, -2993480642.7641478, -1623956257.9669056, -2550899039.642065, -1791367785.0316386, -1865122087.5071487, -491547017.1963717, -3977649756.616151, -2805415178.1363583, -3648424370.6716437, -1381709044.0208127, -1473660912.7908912, -3673458976.1377687, -1554376029.016438, -1088329513.472121, -2358293728.6345506, -2769624165.6198506, -2337248634.9162803, -2958655149.563299, -2214761558.8836174, -3167288696.5647025, -2812663412.3448286, -2764153540.207013, -1414160303.026382, -3557236151.8782134, -4122220313.7521257, -3424598794.633097, -1593043852.6565607, -3689679920.317684, -3260515618.537082, -3505665199.226831, -4033879702.8385444, -3567273511.782603, -4007534766.4812384, -2638009098.440404, -3713653495.1199303, -2711187646.397379, -1806935142.073864, -2764759506.1229687, -1099826537.898375, -3900463579.951795, -633317827.6119826, -3231167444.936884, -3215998444.037844, -4523446646.317064], "4": [-13223181230.004955, -12775800440.014105, -12775800423.118444, -12328419641.575464, -12775800448.461912, -12775800431.566263, -12328419650.023262, -12328419633.127615, -7871039239.900538, -5040110311.3543, -4899735335.6134, -4357074419.055032, -4292045634.634098, -2515233865.1683035, -3888920542.73069, -6057002579.986554, -3303233863.142434, -2386225886.3148217, -1296548526.7163522, -1035406649.5931304, -646453870.0575174, -1488580032.3121874, -3216702845.484964, -2760016889.1535606, -1927376682.4192128, -514319630.1434821, -609802020.754478, -3764685663.6602654, -2023194427.9329677, -2704400140.3076625, -1862249819.7763476, -1957495592.9415412, -461888103.8725279, -4247605062.255601, -2840625789.8870955, -3778160895.8369193, -1487675592.7190766, -1479328759.4687521, -3713860909.8996544, -1553459160.421888, -1097339381.840693, -2456815645.3159943, -2892937565.027488, -2382264412.985722, -2562795066.4549084, -2285827101.409555, -3282791902.707027, -2936756438.027241, -2863602585.9958434, -1468036565.2745485, -3699694594.0804925, -4207112714.666787, -3799207868.768201, -1731033129.6215966, -4090594403.7033415, -3341556307.8917723, -3693449211.284372, -4279995377.1679854, -3777384105.818995, -4263483958.5856605, -2820597032.8953757, -3779299712.009787, -2836673757.4967303, -1997919825.6214988, -2893894506.7000766, -1144879602.2664132, -4239184208.5646386, -677658019.8701435, -3354059059.4522305, -3322471441.4837446, -4679169345.364994], "5": [-13223181219.753376, -12775800430.051365, -12775800438.359394, -12328419648.657436, -12775800405.127274, -12775800438.359385, -12328419632.041328, -12328419640.349377, -7819000474.020381, -4950193663.273479, -4681191140.41593, -4148249225.760527, -4188126586.6935453, -2421376575.963417, -3727684712.243287, -5731984278.272252, -2729249298.260297, -1864674251.988837, -822046866.2874075, -668156029.9990112, -376135215.94324267, -807086316.5606725, -2054523944.7056937, -1397486740.1917477, -728766928.8635468, -261818632.29993448, -216753378.289255, -1973818231.7667282, -995160277.9621475, -1287052388.9613576, -1180519735.9787824, -1146092832.6091797, -429878861.35026854, -2424626417.7219334, -2094727563.9082818, -2460064069.1103654, -852967491.1351987, -1260957509.9860163, -2708885766.0844054, -1217012843.7588742, -1018858554.0099636, -1748969790.6985652, -2468281357.853754, -2018749157.212441, -2498738770.6226144, -1887945671.7446504, -3062674473.789443, -2696374912.379771, -2693875774.116595, -1461958720.1130729, -3449406452.8572297, -3940356248.0274873, -3643576652.9869027, -1587966125.9796896, -3970926072.041705, -3128743725.097843, -3640135924.5799494, -4266356767.2694616, -3689049761.2051735, -4137053592.16065, -2799319511.0227213, -3666438046.8069296, -2817196395.398698, -1960689970.5647004, -2835093435.498267, -1128789123.8024497, -4199087837.5082245, -621681120.0886567, -3269910361.337367, -3228407664.525684, -4643346887.264928]}