{"1": [-12188424053.938072, -16264334626.623281, -6627769817.7545395, -8385173277.031126, -4104466743.6044426, -3014370201.432832, -3382960258.915442, -3226485.8780162525, -230502927.6435693, -177534.1539447829, -199624631.40802857, -95790092.2345657, -1363905.148176665, -42268.163980276826, -1854.121161200599, -21752.62817260172, -325975594.07535315, -814414555.8655614, -1062381212.0859169, -160007425.3927463, -2978513949.8392534, -2137532965.3185658, -1873730009.1757774, -1978006592.736279, -2794344713.4159236, -2248803072.429963, -960018212.1527205, -2094723039.3269458, -1052355744.1958605, -2382792197.9094515, -378317007.65580404, -723874478.6726758, -436525835.2138461, -965020682.5606312, -895489661.6382573, -1408547788.9134903, -604538639.0767834, -2992625721.433446, -270121459.68177414, -1398939699.5800827, -241266474.48619503, -621779807.5624238], "2": [-12188424086.15362, -16264334578.172531, -6628039535.573578, -8176091241.5297575, -4435558413.510749, -3298311955.036233, -2974286566.2021604, -3514296.027190251, -208984844.5751346, -168391.94990587147, -180338405.84677303, -205870585.09588858, -12152655.784292126, -332756.74795382126, -28182.69598202416, -294632.4544140387, -1291569304.9310002, -1765014868.367646, -1433520676.2996407, -166740647.7397374, -3275324282.088954, -2341462351.011674, -1890988963.9829993, -2627334077.994614, -2768968851.7322297, -2223512671.2169857, -1068181977.7511183, -1661868272.217648, -1293501369.4488702, -2014480867.2119746, -326270506.07175386, -788607947.1350113, -413755340.61618257, -971321381.2054491, -831450042.5079056, -1371526612.8548782, -492236707.3168985, -2822825947.40401, -217024621.86601073, -1205188158.76137, -236761067.2519496, -608034073.0573814], "3": [-12188424050.77766, -16264334589.841928, -6628296297.10008, -8435499609.044864, -4802846748.5419, -4698421381.025287, -4112606337.7195992, -7237234.312177981, -473180786.35705197, -428797.9518772548, -336883978.14638627, -321906044.6454214, -6424595.528273131, -219651.74422582603, -13414.297818433846, -154618.55971139838, -963155768.1540747, -1455506824.5639129, -1007492314.532561, -155609551.051233, -2630744331.5430193, -2092896254.5834858, -1794861946.735014, -2038682659.6184554, -2423726437.5181584, -1595401720.6648192, -1036948957.8441975, -1402244644.0828996, -1190063259.5857942, -2415195570.815333, -364599366.4510512, -775168996.9237036, -448028112.7781192, -970118379.6806023, -648417531.6539057, -1326781796.0872645, -600402492.0486311, -2934025165.922752, -269989587.10023886, -1568690871.186072, -231086354.04903823, -622926907.3097684], "4": [-12188424097.802872, -16259274476.623276, -6622842080.92857, -8378301359.165583, -4798698630.610606, -4694651514.374708, -4192009189.551276, -9113408.497206744, -474231278.70542395, -614558.9070149448, -457560782.08455193, -477880774.19843024, -10241712.74202368, -435620.15990336763, -27071.197320586827, -247890.29121236736, -892374882.6979687, -1334331453.5733366, -517304538.55963314, -128935841.11065228, -1680754256.0422866, -1620949894.6563716, -1420741942.8963313, -2000769855.7314155, -2056287832.54608, -2112057346.5844378, -1025281544.4133714, -2029722744.6091657, -1410254637.310091, -2603549179.5733685, -374452212.6046618, -724470839.4544796, -464756329.537972, -965402018.9341456, -738337205.9998726, -1407246469.9191556, -598294431.987698, -2566195479.7343764, -267470049.29072922, -857552996.3276361, -243421436.8783683, -627931556.1638148], "5": [-12188423570.628525, -16264319870.700888, -6628154159.969005, -8388680775.85491, -4802533663.578871, -4698642693.14419, -4194495133.797404, -9311646.984500678, -479499362.00154954, -782181.3109500707, -461879911.28450143, -656166214.9589882, -18246627.486707527, -579054.3157422903, -35571.28659716439, -379932.26233388373, -1264111494.1511912, -1861639247.7095666, -1437525094.607675, -156991859.84683973, -3352313506.365335, -2438796210.097379, -1852972418.5505786, -2658606286.007642, -2727048785.608384, -2295980458.0928545, -1018607009.1534576, -1930071106.5451825, -1199451582.4190433, -2534319311.588057, -350412124.0452498, -757379985.4373896, -373603237.64043796, -968997560.2701737, -849968851.1987846, -1409196169.666025, -543553093.3829051, -2834892602.7350087, -248673269.93137512, -1446574841.0601988, -223256761.2078181, -362127380.4523889]}