{"1": [200.0, 200.0, 200.0, 200.0, 200.0, 199.95, 200.0, 200.0, 200.0, 200.0, 199.95, 200.0, 200.0, 200.0, 200.0, 200.0, 199.8, 200.0, 200.0, 199.95, 200.0, 199.9, 200.0, 200.0, 199.95, 199.95, 200.0, 200.0, 200.0, 199.9, 199.95, 200.0, 200.0, 200.0, 199.85, 200.0, 199.95, 199.85, 200.0, 199.95, 199.95, 200.0, 200.0, 200.0, 200.0, 199.9, 199.95, 199.95, 200.0, 200.0, 199.95, 199.85, 199.95, 200.0, 200.0, 200.0, 199.95, 199.8, 199.95, 200.0, 200.0, 200.0, 199.95, 199.95, 200.0, 200.0, 194.24999998807908, 178.74999984800814, 172.4999997884035, 173.6499993354082, 175.19999804794787], "2": [199.99999994933606, 199.89999992847441, 199.89999989569188, 199.94999993741513, 199.8999999076128, 199.79999989271164, 199.94999986290932, 199.6499998599291, 199.9499998867512, 199.84999991953373, 199.74999987781047, 199.94999992549418, 199.99999994039536, 199.89999991059304, 199.89999991953374, 199.89999994933606, 199.8499999254942, 199.99999996721743, 199.7999999731779, 199.94999997019767, 199.89999997615814, 199.69999999403953, 199.69999997615815, 199.89999998509884, 199.94999996721745, 199.8499999552965, 199.9499999552965, 199.84999997615813, 199.94999997019767, 199.99999997615814, 199.699999961257, 199.79999995529653, 199.99999996721743, 199.8999999910593, 199.89999995827674, 199.99999997913838, 199.79999994337558, 199.94999993145467, 199.7499999254942, 199.89999996721744, 199.949999961257, 199.9499998867512, 199.99999991357328, 199.99999990463257, 199.94999993145467, 199.99999983906747, 199.94999984800816, 199.74999983310698, 199.89999987483026, 199.6999997586012, 199.9499998241663, 199.7999998241663, 199.8499996781349, 199.9499997228384, 199.99999969899653, 199.79999976158143, 199.84999967217445, 199.69999954402448, 199.89999954998493, 199.84999954998494, 199.9999994546175, 199.99999932944775, 199.9499994188547, 199.84999925792218, 199.9999991506338, 199.94999909698964, 191.89999825954436, 175.74999634325505, 153.94999666512012, 163.14999489486217, 169.5999933451414], "3": [27.538490375706168, 12.313294327582117, 11.651788868263248, 12.10849240860989, 11.045942849371931, 11.198083756428968, 11.273025793823763, 10.88229647600383, 11.21533759466838, 11.273270495409088, 10.738221111765597, 11.168991890069446, 11.115892848744988, 11.10673890716571, 11.032667169392516, 10.814974805015662, 10.707608419979806, 11.034310231552809, 10.735587782623771, 10.678080270756618, 10.64553085929656, 11.022235278980224, 10.913655507538351, 10.752489276538835, 10.613071522653627, 10.48504557692795, 10.65641352935927, 10.486190533555055, 10.346618329925695, 10.522326455828443, 10.462575349849066, 10.562719865722466, 10.435410748695721, 10.231819943731534, 10.2285080298112, 10.367135208981926, 10.379024020073121, 10.314483676328383, 10.115394138521514, 9.992152080553932, 10.026849445444531, 9.781568495868123, 9.655218934298318, 9.9524628815474, 10.213035816702178, 9.485446397810302, 9.42898213766166, 10.122741585431504, 9.78654914448416, 9.32916941891599, 9.901762730703922, 9.314328342019872, 8.992669700016268, 9.193895836005685, 9.564727924774342, 9.38077280685684, 9.474465603465797, 9.206597334664547, 9.163370677283092, 9.346077740921464, 9.131107804163184, 9.260561276332009, 9.07037004808808, 9.402486473762838, 9.561253600165946, 9.153274502728891, 8.916623113617243, 8.267372627608712, 7.798635324355564, 8.08439021401573, 8.076775727554923], "4": [199.84999999701978, 199.199999961257, 199.0499999731779, 199.65, 198.8499999910593, 199.2, 199.19999999701977, 198.29999997615815, 199.49999999701976, 199.1, 199.29999998807907, 199.3499999910593, 198.89999996721744, 198.9999999821186, 198.99999997615814, 198.79999998509885, 199.09999998807908, 198.69999999701977, 198.74999997019768, 198.89999999701976, 199.3999999910593, 199.6, 198.84999999701978, 198.5499999821186, 198.99999996423722, 198.49999997615814, 198.8999999731779, 199.44999999105931, 199.24999998807908, 198.34999992847443, 199.34999995827675, 199.2499999463558, 198.39999996721744, 199.1499999165535, 198.74999995231627, 199.3499999076128, 199.24999995529652, 199.49999997019768, 199.24999994933606, 198.8499999642372, 199.0499999731779, 198.79999981820583, 199.0999998688698, 198.89999995529652, 198.84999986290933, 198.7999999165535, 199.29999982714654, 199.09999986588954, 199.09999984502792, 199.14999983906745, 198.8499997496605, 199.14999987781047, 199.19999982714654, 199.1999997615814, 199.44999967217444, 199.19999973773957, 198.8499993979931, 199.14999928772448, 199.04999953210353, 199.14999941587448, 199.19999917149545, 199.49999937415123, 199.29999937713146, 199.44999906122683, 199.64999894499778, 199.599999076128, 188.7999980419874, 174.19998987019062, 166.8999818891287, 166.799962079525, 167.44994076788424], "5": [199.64999930262564, 198.24999914467335, 197.89999907016755, 197.89999895691872, 198.2499990850687, 198.39999940395356, 198.74999929964542, 198.69999948740005, 197.3999991238117, 198.04999935030938, 197.79999883770944, 198.849999371171, 197.8499994158745, 197.94999898970127, 199.09999929070472, 197.8499991297722, 198.89999949038028, 198.84999958276748, 197.6999991029501, 198.69999926090242, 198.0499991863966, 198.79999908804893, 197.54999889731408, 198.0499990284443, 198.0499993145466, 198.9499992221594, 197.5999992787838, 197.94999951422216, 198.49999926388264, 198.5999988824129, 198.14999909698963, 197.9999989926815, 197.44999913871288, 198.1499993354082, 198.64999893903732, 198.349999371171, 198.29999930262565, 198.04999884963036, 197.94999904930592, 197.99999910593033, 198.59999903440476, 198.79999936819075, 198.49999902844428, 197.4999982625246, 198.5499988526106, 197.94999877512456, 198.4499986886978, 197.34999818205833, 198.9999989181757, 197.7499976783991, 197.69999791383742, 197.14999501407146, 198.99999694526196, 197.84999605119228, 197.3499934077263, 198.399994713068, 197.59999049007894, 197.84998628795148, 198.3999831587076, 198.5499743282795, 197.94995048940183, 198.8499211370945, 197.79975058734416, 198.39948690831662, 198.69782462716103, 196.93787596821784, 173.9712205405871, 88.17596231514327, 84.75349878119304, 79.4604775047992, 74.27119806090195]}