{"1": [-75864.70000000347, -73753.00000000311, -68568.50000000162, -75577.20000000285, -68315.55000000115, -74076.94500000266, -68267.45000000132, -69894.85000000239, -65877.85000000134, -74762.10000000302, -69032.74500000132, -71046.75000000244, -70338.55000000233, -69800.4000000018, -70090.00000000192, -67822.10000000126, -71336.73000000257, -70496.55000000268, -71158.35000000226, -75295.2950000033, -72328.85000000255, -70829.39000000256, -68191.1500000015, -70855.80000000256, -71567.9450000029, -70678.09500000245, -70613.9000000025, -76961.95000000365, -69751.30000000141, -67719.29000000155, -72712.24500000266, -75327.3000000026, -71148.25000000278, -72089.7500000026, -72182.58500000242, -73601.15000000334, -76449.39500000353, -73485.13500000237, -68990.15000000168, -71602.09500000255, -72243.0950000027, -72852.1500000028, -68084.60000000123, -71330.30000000236, -75299.9500000027, -70340.54000000146, -68971.09500000153, -70638.44500000225, -72963.25000000247, -66994.10000000068, -72747.49500000266, -67938.53500000176, -67187.14500000127, -70885.80000000223, -73377.80000000262, -71872.15000000158, -74218.7950000035, -63425.380000000296, -66617.74500000112, -70206.45000000246, -73444.15000000232, -70786.75000000333, -72015.64500000239, -73364.0950000024, -74047.20000000339, -72718.10000000236, -55817.224999996935, 1272.625000015379, 2503.150000021252, 788.7850000665334, 1141.7800001952098], "2": [-75864.6999999984, -73704.48999999589, -68532.48999999117, -75549.19499999654, -68279.53999999193, -74030.82999999184, -68236.94499998755, -69765.16499998834, -65852.34499998997, -74675.8349999949, -68959.72499998906, -71028.74499999497, -70338.54999999635, -69734.63999999283, -70044.53999999385, -67756.33999999615, -71402.8349999951, -70496.54999999938, -71049.42999999956, -75297.79500000032, -72258.09000000014, -70738.82000000196, -68061.51999999909, -70790.34000000104, -71545.4449999996, -70670.53499999795, -70591.09499999801, -76930.68500000125, -69723.29499999844, -67725.04999999917, -72668.11999999877, -75250.52999999812, -71148.2499999995, -72046.5900000017, -72160.28999999823, -73601.15000000125, -76423.12999999787, -73563.39499999551, -68934.52499999417, -71576.78999999925, -72258.09499999884, -72846.64499999148, -68084.59999999258, -71330.29999999281, -75294.44499999583, -70375.89999998538, -68968.59499998635, -70546.67499998552, -72917.23999998995, -66920.61999997651, -72719.99499998507, -67868.17999998415, -67176.18499996906, -70880.29499997445, -73377.79999997246, -71825.62999997768, -74218.38499997059, -63376.71999995469, -66599.98999995613, -70172.6849999574, -73444.14999994775, -70786.74999993612, -72028.14499994412, -73325.8349999281, -74047.1999999183, -72695.09499991195, -55943.3399998243, 1464.6250003658497, 2548.00500033357, 1107.5350005105886, 1446.5900006655022], "3": [-75952.70750038807, -73837.01518472229, -68672.43949005102, -75643.67655218698, -68421.92565393321, -74188.84680254121, -68378.85148263651, -69991.21987956451, -65986.75408882844, -74848.51411768602, -69119.39308899058, -71150.64740475139, -70434.93987199978, -69901.78358302926, -70191.38163293219, -67923.46570449736, -71507.34748282153, -70600.42546972877, -71239.68821953174, -75389.6470889716, -72412.69360532219, -70971.5202155986, -68287.51239103662, -70937.14897811526, -71669.78909008866, -70799.93351980337, -70702.73785941479, -77020.78241738727, -69852.6183107428, -67831.3811498422, -72818.87998769702, -75403.63035456683, -71227.07504459264, -72181.05609489136, -72317.35136037946, -73682.46918666453, -76541.01296852258, -73660.21549056048, -69088.93931589753, -71691.17311377541, -72359.88331630465, -72935.90538801925, -68198.34836084805, -71409.07437589075, -75371.24045349738, -70457.12849895828, -69077.8182054407, -70747.72759799869, -73049.51415378273, -67107.81347556747, -72834.25636725247, -68057.90617162597, -67328.63404813767, -70979.4985337606, -73456.54114644867, -71968.35773793678, -74323.02917769228, -63620.05330804204, -66746.93963141296, -70300.16587312863, -73525.33560704491, -70892.96149308604, -72114.84180083187, -73483.31084504447, -74133.44224699051, -72799.29209977294, -56025.0781512393, 906.3906295438462, 1755.2902498917197, -123.53982731859018, -25.887565256220675], "4": [-75920.08500000346, -73570.81999999906, -68242.90499999885, -75595.21500000283, -67978.08500000052, -73975.97000000262, -68186.670000001, -69473.8799999999, -65840.10000000104, -74494.66000000291, -68859.6300000004, -70927.9850000018, -70092.98999999928, -69473.54999999992, -69856.39999999938, -67537.12999999974, -71209.81000000134, -70168.42000000259, -70831.42499999954, -74939.24000000293, -72241.54000000164, -70872.66000000254, -67960.33500000116, -70399.35500000068, -71388.54999999955, -70334.24999999994, -70444.93999999977, -76844.09500000274, -69707.6750000005, -67288.33499999487, -72569.68499999873, -75132.07499999719, -70737.68999999964, -71907.76499999479, -71909.4249999976, -73440.48499999465, -76341.07499999958, -73471.95000000027, -68792.12499999712, -71315.73499999917, -72093.35500000024, -72586.57999998542, -67958.05999998929, -71048.23999999845, -75013.93499998983, -69952.82999999453, -68840.02999998779, -70527.40999999172, -72808.00999998904, -66857.61499998663, -72379.23499998197, -67640.81499999187, -67096.21999998784, -70740.66999998214, -73235.54499997219, -71762.51999997805, -73897.23499994939, -63357.16499993915, -66502.95499996052, -70028.81499995285, -73179.41999992382, -70777.74999995487, -71915.1799999576, -73254.19499992837, -73938.61499990066, -72634.0599999191, -54854.72999981309, 903.9800009400808, 2365.4100017405326, 769.320003676779, 925.4550057113056], "5": [-76069.44999993364, -73776.79499991846, -68528.06499990971, -75531.50499989853, -68451.06499991559, -74175.35499994307, -68449.71499993165, -70080.15499995276, -65899.23999991395, -74898.60499993802, -69047.52499989016, -71249.2199999394, -70506.63499994468, -69871.45499990074, -70249.6699999311, -67822.4349999201, -71550.7349999518, -70712.20999996144, -71183.25999991725, -75423.0249999316, -72394.19999992287, -71054.16499991127, -68128.29999989292, -70823.78499990699, -71703.7149999342, -70869.57499992997, -70592.12499993012, -76923.73999995763, -69866.57999993081, -67800.06999989206, -72808.63499991261, -75333.90999990182, -71171.23999991672, -72259.09999993654, -72300.29499989745, -73711.43499994077, -76583.09499993609, -73622.48999988758, -69092.51499990691, -71651.89999991517, -72450.61999990861, -73017.63999994002, -68177.4799999042, -71335.07999983226, -75416.50999988848, -70393.90999987986, -69077.98499987449, -70690.04499982862, -73073.8649998972, -67083.07999977177, -72739.01499980078, -67934.55999951265, -67370.41499969883, -70940.02999960723, -73273.32999935049, -72002.69999949198, -74243.69499911231, -63679.639998656625, -66788.81499832378, -70278.4299974528, -73541.12999506349, -70986.73999221182, -72021.40497520131, -73406.96494918357, -74187.0447869286, -72653.70439014264, -55947.08870457107, 1734.215454179006, 2598.3863107326847, 618.1603280730893, 751.4295665961433]}