{"1": [-38491.49499905626, -25451.16499801381, -29217.48999854354, -20599.92999869631, -25194.909998698837, -23096.21999923417, -19234.649999470195, -16164.454999521206, -27967.224999587062, -26219.429999663604, -27262.90499966588, -23343.414999716228, -28764.659999686926, -23766.014999750547, -24489.2249996378, -18839.334999785227, -25248.609999778673, -27602.78999979828, -26732.159999800177, -20283.474999660182, -21155.359999724453, -25120.654999862054, -21678.999999709617, -23776.34499972634, -18676.76999968092, -15714.00999948378, -23408.649998949077, -21679.66499813936, -20712.554996835723, -23186.199992806847, -21326.559978764337, -20334.649918677773, -19553.249372334794, -13095.559115208107, -10937.170732374789, 12615.734417799264, 12769.732789049645, 13373.772196704882, 10036.401106271453], "2": [-36436.40499999758, -23775.479999998504, -27761.144999997974, -19040.954999999594, -23931.649999998575, -21249.424999998686, -17119.764999997242, -14712.024999992902, -26108.114999984995, -24542.18499997007, -25627.509999967064, -22037.429999930657, -27136.944999918698, -22274.719999862522, -22974.339999767413, -17083.189999744514, -23390.444999665655, -25940.129999679782, -25455.329999410893, -18787.199999011984, -19362.694998481562, -23525.79999707927, -20231.764990150165, -22139.39998807777, -16906.92998654597, -14474.574981413485, -22014.49497900109, -20251.74497690515, -19040.154967450384, -21418.899958056787, -20024.409954933093, -18783.799938904216, -18322.27491610921, -11830.84490585492, -9484.749808073997, 10168.485180520958, 10176.035244629975, 10329.420375058977, 7668.070500470433], "3": [-33152.084999997816, -21136.999999998945, -25061.099999998405, -17069.65999999988, -21295.839999998985, -19498.36499999935, -15745.230000000107, -13108.345000000601, -23695.7049999987, -22030.65999999893, -23210.259999998503, -19164.259999999013, -24353.894999998447, -20084.404999999348, -20235.32999999901, -15535.769999999999, -21164.649999999023, -23180.61499999864, -22693.309999998874, -16458.654999999526, -17341.12999999979, -21090.929999999058, -17625.719999999365, -19704.129999999408, -15013.775000000101, -12797.780000000483, -19200.32999999915, -17682.824999999662, -16882.994999999966, -19008.58999999933, -17447.899999999438, -16523.25499999972, -15648.969999999885, -10059.7600000005, -8017.880000000283, 9640.069999999492, 9590.68999999957, 9662.109999999535, 7115.839999999624], "4": [-39432.328362984925, -26875.02826563001, -31153.156971764103, -22649.402687138907, -27697.0191472979, -25193.731464450437, -21226.915667793277, -17977.748868879688, -29969.997020798, -28496.219301869955, -29080.991420651368, -25493.042422344184, -30729.6118166023, -25601.753869946835, -26936.55037405541, -20754.734216216144, -27501.18350579324, -29446.37287667638, -28719.672616337753, -22743.508886684107, -23532.268042583197, -26910.581128132188, -24669.95404982407, -25906.23341103289, -20658.49601155717, -17486.963110363697, -25599.523843429648, -23850.131558534373, -22856.486697815417, -25225.460640446254, -23003.11608898166, -21955.962934120253, -21208.42516938429, -14284.551850363854, -12448.581460708849, 12544.325934375507, 12705.323339056076, 13230.385368866406, 9898.281072196647], "5": [-38984.66838919492, -26327.59213102092, -30597.36915679964, -22086.193298944036, -27148.214829917015, -24632.30361069037, -20661.287678950328, -17444.396615837264, -29350.24261277142, -27872.336765898013, -28431.621297210055, -24911.873052699135, -30188.197369385754, -25088.3182245094, -26390.257591606205, -20167.45818492532, -26846.997587159414, -28896.229989757674, -28122.77633358997, -22211.303519142624, -22981.489339135816, -26363.533942307695, -24131.515081388934, -25348.045726822245, -20072.08620017414, -16952.316066875806, -25037.00751764399, -23271.415387946938, -22277.52207145809, -24644.47783634825, -22500.500171768992, -21385.95887073352, -20638.750445010293, -13656.615340236622, -11864.157931264474, 11780.953635545464, 12008.000225195401, 12089.848428744372, 8949.110837060462]}