{"1": [195.44999058544636, 190.6499801516533, 187.89998545348644, 182.79998696744443, 184.59998700022697, 185.19999235272408, 182.99999470412732, 181.54999521076678, 185.2499958872795, 185.79999665021896, 186.54999667704107, 185.14999717772008, 187.09999688863755, 187.14999751746655, 183.249996393919, 183.34999786019324, 182.59999780356884, 187.3999980032444, 186.59999801814556, 181.74999661445617, 182.09999725520612, 187.54999863505364, 179.99999710917473, 184.94999727606773, 183.19999681711198, 183.59999483525752, 184.99998950362206, 184.6499814003706, 183.54996830821037, 185.99992786943912, 188.5997865408659, 187.49917964041234, 186.99359236061574, 184.57390701472758, 158.43843435889576, 52.77524857902754, 53.71104939067736, 48.00595880741166, 42.17036143224832], "2": [188.05, 182.3, 181.45, 171.55, 178.5, 174.74999999701976, 169.1499999731779, 167.7499999254942, 176.14999986588955, 177.84999971389772, 179.0999996870756, 177.79999932050706, 179.949999204278, 179.69999863505365, 174.89999768733978, 171.89999744594098, 171.44999666810037, 179.29999681413173, 180.299994122982, 171.99999012947083, 172.44998482167722, 180.49997080266476, 171.14990150928497, 176.99988078475, 171.79986546337605, 175.24981413185597, 178.44979001879693, 175.94976905584335, 173.04967450499535, 176.99958057403563, 182.0995493352413, 178.49938904345035, 178.2491610944271, 171.449058547616, 168.49808073937893, 151.64819478988647, 148.64755370020868, 144.7962493479252, 140.7949951559305], "3": [174.85, 169.5, 168.0, 163.1, 163.9, 166.15, 163.3, 160.95, 165.55, 165.1, 166.6, 162.6, 166.45, 167.05, 161.3, 163.2, 162.5, 166.15, 165.1, 159.55, 160.8, 166.8, 156.7, 163.3, 161.25, 163.8, 162.3, 161.25, 160.95, 163.4, 166.0, 164.05, 162.2, 159.6, 152.8, 141.3, 139.6, 137.4, 133.6], "4": [18.743731552013195, 7.882136673670902, 6.196624740296102, 5.671327255855431, 6.320700300124008, 5.953474428821937, 5.799464023829205, 5.631782872628537, 6.088354770977458, 5.831245355498686, 5.559681902508601, 5.576967991709535, 5.746759922683123, 5.659915238950634, 5.630806102715724, 5.482848187937634, 5.941824698865821, 5.8361035785084825, 5.845424159189861, 5.728503062433447, 5.32160874082183, 5.431752663751832, 5.6383371933887245, 5.4326549603021705, 5.071657491278893, 4.755419447866734, 4.8627429666434185, 4.924518561098376, 4.988179086160381, 4.723065706987109, 4.773447937918536, 4.75149203784822, 4.860979363466322, 4.136384395805362, 4.419869078195188, 3.861026274912001, 3.8842435523096355, 3.7628411467027036, 3.790280060656369], "5": [106.76326640028711, 97.88906623982766, 98.0998655560863, 88.97441144301119, 83.42040539548762, 96.62906489984016, 95.6453709272333, 92.65613094822474, 96.98128009908251, 91.09139248391293, 99.28097166482766, 87.9933096806315, 96.06722011406964, 97.06597875410807, 81.91338303684316, 92.02111514438293, 88.95093437904288, 98.24228587848775, 92.62412003704813, 79.35407323712134, 80.82629356883118, 97.49882614340459, 71.39207876643631, 86.65834008101083, 89.12065452950046, 86.19711712631252, 83.72897328197287, 86.94261849402974, 84.59724670994183, 85.39749053653796, 91.19976321397844, 88.36324151934386, 84.83526876114338, 87.2071200772436, 77.67407624559709, 97.7812323416947, 92.27789959053625, 88.58869384033605, 81.95055715731723]}