{"1": [28.080832113829093, 13.95457064857619, 12.307160667775316, 12.44457386135473, 12.72319877340633, 12.17305251298676, 12.506706845838925, 13.251978984189918, 12.459054293333612, 12.234551366289088, 13.162122428511793, 12.43829226569942, 12.816330384547474, 12.667091201656149, 12.213930992002133, 11.838645778225327, 11.826278001048195, 12.660000898655563, 11.515281188423979, 11.444271674286574, 11.949545611257781, 11.335771326279792, 11.637458932833397, 11.497779020288727, 11.78776919797674, 11.593609953884151, 11.912756880969392, 11.21899598553573, 11.235901896253926, 11.378208581882063, 11.268423638405512, 10.871144671732328, 10.803612629306736, 11.201134871186515, 11.103532390974578, 11.323250305918918, 11.113181710193748, 11.049309120279213, 11.030727505002869, 10.889631701757025, 11.461569663354021, 10.470297077001305, 10.721610411630536, 10.696138203825104, 10.529506197066803, 10.460920496506152, 10.621522318746429, 10.718596096266992, 10.433260406513, 10.327745414843957, 10.06154567424528, 10.23897919144947, 10.434753601490229, 10.338255957697402, 10.134824377951736, 10.53270431664132, 10.164049745288503, 10.01727004036511, 10.310438345414877, 10.206834237024305, 10.098835215911095, 9.96197567749623, 9.946239833376604, 9.717184176360025, 9.88064480884059, 9.83222429407906, 10.086789545691863, 9.58731727077684, 9.656703481869773, 9.525518398509302, 9.643743940169225, 9.592063739082368, 9.66346843194042, 9.374455590324942, 9.465195762956863, 9.319696050565108, 9.198247239201738, 9.479475449331222, 9.519581900061166, 9.887915545215947, 9.58314634613198, 9.495062257454265, 9.569635117598228, 9.700508160312893, 9.976524131385668, 9.098684760807373, 9.384340743201028, 9.431582845636877, 9.789802578253148, 9.063936866505538, 9.17992382630764, 9.127872232100344, 9.07296732575487, 8.829581485511152, 9.06780895113916, 9.152000942423182, 8.84131907604169, 9.268157837269246, 9.055013075158058], "2": [156.7, 142.4, 141.9, 143.8, 137.5, 140.85, 141.0, 140.35, 142.95, 141.65, 141.65, 140.6, 142.2, 141.3, 140.4, 141.2, 141.2, 141.15, 141.05, 141.65, 140.75, 140.55, 140.05, 143.25, 140.3, 139.1, 140.4, 141.25, 140.7, 141.55, 140.5, 141.45, 142.7, 141.95, 141.8, 139.8, 138.1, 141.6, 141.7, 139.6, 139.4, 140.5, 140.55, 140.5, 140.45, 141.0, 139.0, 138.8, 140.1, 138.3, 139.7, 139.35, 142.4, 138.05, 139.55, 138.45, 139.35, 139.95, 140.05, 139.75, 140.15, 139.2, 141.0, 139.9, 139.75, 138.49999999701976, 137.44999999403953, 139.8999999731779, 139.9499999433756, 139.4499998152256, 140.54999939203262, 140.39999830126763, 140.39999424517154, 138.69997017085552, 138.0997383773327, 137.39394529461862, 133.83364612460136, 119.394815875942, 107.1116032522812, 97.16278592772869, 89.51875416046678, 86.66826185386162, 86.09759337357828, 83.69554740242893, 81.57252269412857, 78.85992559955339, 77.92194486418157, 74.5216711840374, 72.39473864260363, 70.99068605621724, 66.70204663490003, 64.74678349193418, 63.03877740214811, 61.64469963977899, 56.682833965045575, 53.424571644191744, 50.91048514448339, 51.84534937610151, 49.87711484237225], "3": [161.85, 149.7, 150.05, 150.1, 147.35, 149.25, 148.5, 148.75, 149.3, 148.05, 148.8, 148.55, 148.9, 148.3, 148.5, 149.25, 149.2, 148.85, 148.85, 148.8, 149.0, 148.4, 147.8, 149.4, 148.35, 148.1, 148.7, 148.1, 147.1, 148.3, 148.6, 149.15, 148.5, 148.6, 149.3, 148.05, 147.7, 149.05, 148.7, 148.5, 147.55, 147.3, 148.15, 147.55, 146.95, 148.1, 147.8, 146.9, 148.4, 147.15, 146.55, 148.55, 147.85, 147.45, 146.6, 146.05, 147.25, 147.7, 147.7, 147.55, 146.75, 147.35, 148.1, 147.95, 148.25, 147.75, 146.95, 147.25, 146.6, 147.25, 147.45, 147.9, 147.45, 147.1, 145.9, 144.05, 139.95, 130.85, 118.85, 110.35, 104.55, 102.3, 103.45, 98.8, 98.15, 95.8, 95.5, 92.0, 89.5, 89.9, 82.6, 83.75, 82.3, 81.75, 77.95, 77.05, 75.3, 74.65, 73.8], "4": [26.15746795977757, 11.822495483599777, 11.655154327358469, 11.192185487221286, 11.105364526993071, 11.66040634051169, 11.063298656973348, 10.927453148181666, 10.883515984959377, 10.509900644616573, 10.972449062745728, 11.007514902927506, 10.795266112379613, 10.669646946986905, 10.24707908530836, 10.848817172432609, 10.265731244385824, 10.701196252759837, 10.454537502044696, 10.2908759191414, 10.354157627910899, 10.67810307949112, 10.337372573433095, 10.479380676534493, 10.212840600023629, 10.058088550937828, 9.887470998808567, 9.953374020164484, 10.030653655395145, 9.97532155654335, 9.87490206911607, 10.060451247327729, 10.085687440585753, 9.686242262271117, 9.824401193831, 9.750628337773378, 9.418411282621673, 9.530530879439903, 9.8708980759111, 9.512647445077892, 9.468718686192005, 9.584676972588932, 9.287076320008783, 9.782459398123319, 9.285328532262065, 9.352697683490987, 9.517371266664123, 9.091424634630675, 9.401262901084555, 9.227119814112665, 9.470724784358755, 9.286354104628845, 9.341315732541261, 8.864332524059865, 9.044692162357387, 8.863237849979487, 9.238970491103828, 8.879268188306014, 8.512788192174048, 8.667554100255074, 8.896310831069423, 8.694362673300201, 8.897819084131333, 8.856852556075319, 8.777296038056374, 8.54406259108946, 8.684973332723894, 8.550136879186903, 8.21868009899481, 8.34892116952542, 8.240667688942631, 8.490145715784456, 8.1751686596559, 8.54103092590376, 8.520274818003235, 8.171568107629719, 7.988345028104959, 8.128887985066104, 7.639350189460674, 7.117412448607501, 7.14617629074055, 6.97931527547189, 7.07355452102056, 6.829494072157831, 6.371345958356687, 6.3079935875866795, 6.758412076141394, 6.267545207752846, 6.249561544274911, 6.540576501723263, 6.546342153294245, 6.098321835849492, 5.980753324972466, 5.916991595552827, 5.819601538173447, 5.6362414597242605, 5.989061207752092, 5.8973748615651855, 5.785909700590127], "5": [157.24999479949474, 145.9, 146.4, 146.05, 145.65, 146.25, 146.2, 145.6, 145.5, 144.2, 145.0, 145.45, 145.55, 145.4, 146.0, 145.8, 144.9, 144.75, 145.25, 145.3, 144.9, 144.7, 145.05, 145.5, 144.85, 144.05, 144.45, 144.5, 145.25, 144.7, 145.2, 144.45, 144.95, 144.05, 144.75, 144.05, 143.0, 144.6, 145.1, 144.65, 143.95, 144.35, 144.1, 145.35, 145.1, 143.65, 144.55, 143.6, 143.4, 143.7, 143.9, 144.49999993145465, 145.34999946057798, 144.0499961256981, 144.19996712207794, 143.39955439269542, 143.74795545935632, 144.64680938720704, 143.8454085379839, 142.44345652759074, 142.14139925837517, 143.33971672356128, 144.63583886027337, 143.87911016047002, 143.92357069253922, 143.60855328440667, 142.9439817249775, 143.60471858978272, 143.10037132799624, 143.77103493511677, 143.704636824131, 143.70131361782552, 141.95133924484253, 142.41927741616965, 138.88959149108268, 136.8692115777638, 131.2196992137702, 124.07694937096676, 111.28895942842937, 100.93896765693789, 89.92674767541466, 83.8704060216638, 84.13772309594788, 75.81319145457819, 74.4402361214612, 73.53986094848514, 70.42773284588183, 66.0677498514793, 61.343054971232775, 65.20793305657571, 54.64041906729981, 57.75727367101208, 58.42817950011086, 55.36099242622295, 53.074611952414855, 49.921929301435014, 48.78425170264673, 48.12010850871302, 47.82096335337701]}