{"1": [-30217.066906892265, -23301.040559395515, -29056.357963121856, -27852.411741445656, -22198.747577512615, -26478.97994467547, -24469.87366154451, -19017.008932511257, -23757.27636525339, -21842.161521588692, -21278.92662387029, -25683.73433022883, -19939.948467933405, -23114.320120723263, -22930.32182217505, -26196.57075703288, -25672.96649090457, -24880.272942223335, -25036.052055557342, -28167.578021849455, -24082.568507757725, -26983.396123130213, -25797.09938477788, -27949.70063402068, -23166.272042891866, -24727.14845107225, -21323.072708957654, -23952.750037018952, -24317.458217066145, -24862.488663408352, -24669.123279486597, -22448.23623365096, -27647.26587295313, -22521.049890967573, -26553.20999554966, -22212.65108982972, -26057.040581497462, -24296.030009622416, -24251.51684737723, -22236.865227334707, -21351.26474788192, -25817.988944299723, -21770.567314177577, -24390.28529005021, -24721.39998767563, -21458.254821881597, -26630.210363625483, -20533.935515879006, -26075.109376155273, -25359.123739721235, -27166.693491337668, -24065.2587726449, -24010.023244094657, -22444.459791180117, -24038.627544070925, -21941.46872243248, -24303.734868927557, -24307.207118855084, -17945.067427085618, -20424.668243642318, -23441.881610752698, -25983.492332653313, -27117.04314541845, -27847.215896743328, -22563.858969147906, -24862.900543114185, -23741.307412540664, -25191.831688407427, -23063.73413462029, -21987.03270496584, -21192.94979057584, -24182.609999563705, -21827.58258495971, -25700.50736811781, -21210.279227230658, -21377.419917812913, -19970.693301518608, -22213.38336379214, -14630.387812252928, -10624.683151952602, -7530.455617336816, -9186.700635508962, -8711.869318696738, -6930.538350453981, -685.3036762668306, -2355.613167153792, -5664.233060506527, -1422.3949740652517, -1085.4354550739845, -4535.888183353149, -2662.418722658983, -1193.6114587349825, -2434.420358181479, -434.92227992658144, 1362.490005720122, 2027.6691820349702, -372.7965719285124, 1055.9543766040395, 1936.9912533084794], "2": [-18850.30000000004, -11934.500000000004, -16442.1, -15396.379999999961, -10879.745000000004, -13903.650000000012, -12921.200000000008, -9116.270000000004, -12894.97, -11150.525000000016, -10462.045000000016, -13834.38000000002, -10140.560000000003, -12112.670000000016, -11973.785000000029, -14082.670000000002, -13418.595000000041, -13303.550000000003, -13033.15000000002, -15136.464999999962, -12785.900000000027, -14390.35000000003, -13226.040000000005, -15471.235000000024, -11785.960000000025, -12815.415000000023, -11083.785000000002, -12512.325000000015, -12552.780000000006, -13150.495000000004, -13002.21000000001, -11669.090000000006, -15257.485000000048, -12018.835000000017, -14259.145000000013, -11452.920000000006, -13546.795000000042, -12710.500000000007, -12977.345000000028, -11251.275000000012, -10518.240000000002, -13341.745, -11387.005000000003, -12511.865000000003, -13260.97000000002, -10669.005000000006, -13918.44500000001, -9988.255000000001, -14093.500000000024, -12715.030000000004, -14478.95500000002, -12363.745000000004, -13043.09500000002, -11030.025, -12769.650000000012, -10793.185000000014, -12566.190000000006, -12631.890000000018, -8833.865000000002, -10223.100000000022, -12416.435000000005, -13627.140000000025, -14521.930000000008, -14949.770000000008, -11493.595000000003, -13136.12499999972, -12464.349999999406, -13178.434999997346, -11534.999999994337, -11473.274999981526, -11102.804999939222, -12648.484999830147, -11443.069999424519, -13200.359997017407, -10827.899973847565, -10505.564395531432, -9235.793814793822, -12736.718435546532, -7686.487346144127, -4849.953240369278, -2657.869857993629, -3852.651533176707, -3522.5322312725593, -2435.4985956869136, 1228.1639025741383, 319.88007714314614, -1804.7209296368364, 588.209719585685, 1505.1125012349617, -884.7226828738116, 457.7713970848261, 721.0916388606722, -33.91491632343445, 1780.7846958564828, 2158.0183900265465, 2266.751298727091, 1226.3198793881975, 2092.8975917416287, 2524.3160674431288], "3": [-20496.265000000032, -13561.279999999993, -18134.129999999925, -17225.149999999987, -12878.115000000005, -15653.945000000003, -14286.319999999992, -10512.460000000005, -13780.3, -12508.199999999992, -12076.614999999994, -15353.344999999998, -11426.420000000006, -13737.969999999987, -13395.11, -15534.26999999999, -15199.180000000002, -14872.789999999985, -14547.52999999999, -16653.445, -14323.97000000002, -16081.77999999997, -14734.87499999999, -16944.849999999995, -13549.855000000014, -14598.840000000011, -12216.96999999999, -13859.744999999992, -13780.194999999989, -14224.844999999998, -14549.054999999968, -12862.300000000007, -16555.489999999954, -12842.27499999999, -15757.799999999997, -12912.834999999988, -15435.529999999959, -14110.069999999989, -14276.970000000034, -12712.780000000028, -11876.954999999994, -14897.12499999999, -12612.119999999992, -14160.73999999999, -14227.104999999985, -11971.56999999999, -15735.704999999944, -11488.08499999999, -15383.424999999994, -14832.745000000006, -15768.805000000002, -14135.449999999992, -14163.865000000014, -12771.459999999992, -14218.445000000002, -12420.340000000007, -14168.64499999999, -14096.524999999989, -9959.689999999995, -11464.63500000001, -13374.394999999999, -15432.780000000002, -16156.849999999991, -16412.01499999999, -12893.72500000001, -14618.470000000012, -13877.444999999987, -14632.885000000024, -13048.614999999994, -12576.264999999994, -12384.650000000012, -14233.324999999993, -12207.630000000006, -14662.98999999999, -12076.784999999993, -11534.095000000005, -10382.234999999991, -10633.72000000002, -5663.805000000004, -2982.2750000000037, -1492.1399999999996, -2010.9549999999986, -2223.2749999999987, -1068.3949999999995, 1181.8050000000026, 707.45, -402.2799999999979, 967.7899999999996, 1376.3900000000017, 62.48500000000003, 742.9849999999999, 1007.3450000000021, 458.3549999999997, 1519.8750000000005, 1699.9950000000013, 2090.48, 1471.7350000000008, 1997.0000000000025, 1895.6200000000008],