{"1": [167.45, 66.53490924098733, 70.69243473377719, 58.62610067952628, 72.52727161138755, 58.14540084581095, 63.872490069990455, 76.1473091463733, 57.80240595243667, 74.36648939408042, 63.02125579307612, 65.46740847629262, 62.09610622912733, 60.96531405709684, 64.30385705662775, 60.36289190235548, 72.93277625665215, 68.80391572558001, 56.68137465391483, 58.822912725135396, 59.95462680712372, 55.95140327143163, 67.68746757735644, 66.55224910511461, 56.65328633960307, 62.91982114153798, 57.2152252308224, 58.35547994005028, 54.49321719740256, 56.84737369075738, 54.83580531113548, 58.27028546258807, 69.11134178119246, 49.07763925932086, 56.92045944804268, 57.055477245588555, 61.78543113370979, 52.274732126909655, 56.734314599203934, 53.700524342826974, 57.023150032364356, 46.550292474102754, 58.07617337613774, 53.40932376760611, 54.795460294239454, 49.39989723084436, 46.896892606305485, 53.80756911549106, 46.46807096162811, 45.23869580626488, 51.71358489509148, 50.12785615270259, 43.40887766539235, 43.97775946835755, 46.62519557122869, 49.37462748443795, 47.307036296260776, 40.92422707804362, 42.925789875480405, 37.34244431019033, 43.292889766434385, 44.62496332648152, 41.697843555401775, 39.36208862994681, 39.29445359441015, 40.62178600800253, 42.59572288844502], "2": [164.25, 118.74999363124371, 117.9999942779541, 110.59998784065246, 119.49999064803123, 112.04997860491275, 112.89998481571675, 119.99998015761375, 111.39997548162937, 120.19998208582402, 113.84996746778488, 115.59996922314167, 114.44995914101601, 113.39995403289795, 114.9499535650015, 113.84994977116585, 119.34996545910835, 117.59996340870858, 112.0999415487051, 111.99995985329151, 112.29996500611306, 110.39996494054795, 117.14997800886631, 116.19997873604298, 111.3999762892723, 115.34997836649418, 112.39998415708541, 112.74998233914376, 111.04998677968979, 112.6999911993742, 111.84999023675918, 112.59998716115952, 118.19998797774315, 108.74997487962246, 112.89998268783093, 111.74998360276223, 114.2499916166067, 109.39999166429043, 113.09999549686908, 111.14999561309814, 112.64999380111695, 107.3499918937683, 114.14999353587628, 111.34998804032803, 112.99998980164528, 108.49998107850551, 107.39997233748436, 110.94997884333134, 107.99995947778226, 105.19993876516818, 110.79995312988758, 110.04992167651653, 105.44988344013692, 106.64985203742981, 106.34982743263245, 109.14981145858765, 107.59972013533115, 103.19958930611611, 103.6994477212429, 97.84910285174847, 101.74898984730244, 97.14853215515613, 92.49795247018338, 87.29676516652107, 87.4950224339962, 86.34280487596989, 87.28784411251544], "3": [26.64357425597409, 9.409398105811851, 6.3688949589122785, 6.262857187866757, 6.550424058125645, 6.387900308982353, 6.318499237622018, 6.374502820121416, 5.962773573517916, 6.151715329723084, 6.264550059729663, 6.5500327701767675, 6.616924636431213, 6.289832297322573, 5.905701981250604, 5.950849468290107, 5.7227476256593945, 5.8473362717952115, 6.14507961251802, 5.794261481205467, 6.177776343036385, 6.083070152276195, 5.891971756414568, 5.629576226200152, 5.443014515252434, 5.610554842742568, 5.854284270259086, 5.355055664261454, 5.750696374157269, 5.58206461128284, 5.624434740096331, 5.200490957315196, 5.130617788474774, 5.492114314821083, 5.517825029222877, 5.669329533638665, 5.665870119462488, 5.236234033880464, 5.385008061234839, 5.299624119861983, 5.240355072333477, 5.186979872878874, 4.917913289580611, 5.157147629481915, 4.825889188909787, 5.360915172341629, 5.151359512325143, 5.030260035663377, 5.0068238413528885, 5.091110451458372, 5.137315201538149, 5.036515420785872, 4.7642559016763695, 4.971084209461696, 4.73843514147884, 4.947463027731283, 4.614865212660516, 4.711306407149823, 4.801414925987774, 4.594031698661274, 4.679816526238573, 4.626440780670964, 4.7226708333109855, 4.708536812431703, 4.8429864093282955, 4.684931496714126, 4.843900040884909], "4": [23.118283134468946, 12.01136092103261, 9.863090390735305, 9.49593826878554, 9.712810597845237, 9.63664964463096, 9.382024399889634, 9.76491318148328, 9.246572575284517, 9.146362523104472, 9.257625031089992, 9.833960046355788, 9.776824418360775, 8.897489486930136, 8.498974366860057, 8.885291182727087, 8.446189378140843, 8.993594309785113, 9.06385502852936, 8.684628806762339, 9.1789841762351, 8.49896246681601, 8.654043403828108, 8.399577638409392, 7.921496507630218, 8.626345036884596, 8.421377838210901, 8.236762765745516, 8.430828491839929, 8.23333030280628, 7.742109283409081, 7.004552369864541, 7.443223005637992, 7.591327671027102, 7.875972215157526, 7.56396806602279, 8.300612496900431, 7.620896061777603, 7.510932823958865, 7.5647563842721866, 7.421504422408179, 7.646808750006312, 6.828508955666621, 7.470532525872113, 6.7975260527193315, 6.767054464612738, 6.962785355199594, 6.964056884021557, 6.639010482403682, 7.2035800456593275, 7.2550513369686085, 7.275420675707574, 7.056737932296528, 6.874258918780834, 6.082001796616533, 6.482795714103849, 6.567923828831408, 6.414164801908191, 6.347842573261005, 6.2879030316165885, 6.082746724085882, 6.035837905431981, 6.433816135201778, 6.223706013069022, 6.281252194949775, 6.007698566916224, 5.905293541807623], "5": [155.64999997913839, 112.94999999701977, 111.45, 105.19999999701977, 111.85, 106.5999999910593, 107.74999998509884, 113.29999999403954, 105.14999999403953, 113.04999999403954, 107.4, 109.54999997913838, 108.7999999821186, 107.44999999701977, 108.44999999701977, 108.0999999910593, 112.79999999105931, 111.14999996125698, 106.44999998211861, 106.04999995827674, 106.99999996125698, 103.99999998211861, 110.34999999701976, 110.09999996721744, 105.34999993145466, 109.04999995827674, 105.19999994039536, 106.29999996423722, 104.89999994933605, 106.14999996423721, 104.39999993145466, 106.14999970197678, 111.24999959766865, 102.39999939203263, 106.24999811053276, 105.84999704360962, 108.69999522566795, 103.09999363720416, 106.7499779433012, 105.04992573559284, 105.54945088922977, 101.84891238212586, 106.79566351771355, 105.14233734607697, 105.49017379879952, 102.71550337374211, 100.43678131401539, 104.0024225525558, 100.95889920624904, 99.6849936475046, 102.1185535314493, 102.06712953778916, 97.58022481128573, 97.05092527419329, 98.19856186656398, 99.1770760296844, 97.17274579321966, 92.63231144819875, 91.29440598990769, 85.5710117404582, 85.9268788098212, 79.08861940569768, 72.93454755578423, 68.37313263578108, 67.89308592960006, 66.93120622372517, 66.8715439993568]}