{"1": [-21243.764999999996, -21417.085482860894, -7138.341209033088, -11007.975174724425, -7402.979867168135, -11069.734508822246, -8403.844314164311, -7890.022049327601, -9374.664856094934, -7047.872160282575, -12478.153427648145, -14398.470439381103, -11921.178224642681, -10616.574697609485, -8007.036778419449, -10783.961063226172, -5929.83718545384, -7356.986459230017, -12261.458281847512, -10146.956739736139, -13404.954292147095, -11247.902570809345, -3899.8806228873923, -4566.114915700984, -5822.852125731135, -6298.899399937217, -8879.063589111942, -6116.680690981389, -9625.315654268148, -8288.566658940636, -6594.738383897759, -5648.996447644387, -2803.1052079214546, -8474.676896955145, -8867.131839298903, -7912.6956883642, -11678.627912745182, -8062.6726891453, -6758.762390891563, -3673.362730179804, -7128.342964388277, -8110.807022538704, -6225.624339907111, -8335.641374175491, -3789.2414076396017, -8389.052995681825, -7329.8449828917, -5358.221075844575, -2631.288702096056, -8196.60291070835, -9701.252134535813, -5692.9929359938815, -5384.991350977059, -6522.151784023002, -3354.3515855387923, -4909.257104524286, -2941.5056545120187, -4204.92502135082, -3277.2052198203373, -6722.454591432029, 55.2763768453727, -206.10611482201824, -609.4691203578451, 1183.938087108922, 1201.3582655998262, 2281.159987942367, 3737.0295493187755], "2": [-20391.095, -10112.149999363124, -2319.4549994277954, -3018.1649987840633, -3030.404999064801, -3154.124997860493, -1528.7099984815684, -2885.529998015758, -1867.2949975481595, -2608.3249982085795, -4610.2799967467845, -5661.959996922322, -4499.399995914102, -3384.4899954032903, -2324.1499953564976, -3438.5599949771154, -1859.299996545907, -2237.7249963408703, -3956.8799941548687, -3134.5799959853266, -4512.824996500623, -3204.6049964940466, -528.2249978008873, -1022.7399978736046, -333.8649976289281, -1825.6599978366496, -2336.9699984157073, -1121.4199982339144, -2819.179998677963, -2184.719999119936, -1497.6099990236748, -1162.5199987161143, -44.28499879777446, -1506.8299974879615, -3066.309998268779, -2126.764998360275, -5339.574999161668, -2043.0349991664273, -2079.994999549686, 452.5250004386894, -1793.964999380109, -1617.9749991893768, -1455.184999353588, -2490.634998804028, -150.02499898016492, -2096.479998107847, -913.5499972337477, -1440.7999978843332, 1163.6100040522238, -1714.6999938774068, -3592.1549953147755, -1271.959992173313, -613.8249883526576, -1039.4549852240093, 297.91501724213344, -1320.7549811691028, 25.900027943253093, -105.26495899558074, 493.350055086017, -878.1099106445942, 1635.7751005741968, 1371.8001458245496, 1327.8252026683074, 2542.455318291192, 2610.3654890424023, 2610.2957045796443, 2854.2311746305218], "3": [-29878.141308304803, -25107.180187950835, -9382.489735843303, -12587.21671953637, -10300.657804765773, -12927.350878115327, -9596.634331977008, -10713.395212013926, -10318.542541234301, -9771.492654120155, -14818.277515894162, -16966.00437379638, -14668.80380921057, -12663.018005709328, -10331.846156323198, -12838.045611246655, -8925.153478461345, -9829.425528434604, -13988.843082521631, -12022.09466678089, -15334.88585154617, -13111.15632300903, -5788.179908936791, -6897.411615725525, -7001.118791883928, -8433.136275938257, -10768.983801685044, -7469.3158155767715, -11299.75204948621, -10018.516487774355, -8300.635976107798, -7673.013260839021, -5354.315177864593, -9690.12108118648, -11461.530413597317, -9827.507860885678, -15332.24485654575, -9765.550787646094, -9095.707420859351, -4759.280874990664, -9649.48925440209, -9672.42255481702, -8711.227190613181, -10461.861642342685, -5474.061429723014, -10364.057993816421, -8476.408377594724, -7881.687661355961, -3380.1845629859854, -9844.233051559113, -12502.463627442703, -7887.7445845949405, -6863.730503443812, -8371.308767996105, -4804.8799106998695, -7451.031055350779, -4778.6458547245875, -5730.224695830553, -4474.875776160532, -7962.076172324271, -1293.4909278053087, -1977.9769286249461, -1788.0464306714814, 853.8865186828431, 958.1944418208484, 1719.670765202606, 2995.842447136091], "4": [-29466.30013009035, -23741.488837586734, -8044.990792412549, -10405.176432388365, -8655.666527944475, -10445.333928261758, -7495.024354732946, -9843.362719009507, -8556.866639200629, -8732.195112131121, -12827.519789512564, -16166.393236235886, -12452.445207858877, -10109.337282007222, -8240.55927464455, -10434.330531074003, -7915.762240794791, -8921.012187897932, -13024.309802829634, -10227.775106895298, -13607.00189798562, -11673.658691281304, -4788.73211184695, -5357.6871771930255, -5034.272174163957, -7055.047023447822, -8936.96531134143, -5542.44171460531, -9820.251344104889, -8781.998817212805, -7137.116345271982, -5987.87926676804, -4152.555283079656, -7427.2490311934835, -10301.803920650329, -7854.331711437399, -14903.231170070352, -8248.473225564809, -7704.265449178293, -4581.018719463893, -8121.042685501957, -8394.119908133554, -7152.434936312947, -9741.568550160177, -4754.130229661135, -8075.765301025518, -7270.119970969735, -6564.703813137518, -2112.378814831672, -8673.422186331554, -11731.368575680544, -6886.697104304078, -6109.1682734556125, -7001.620241638209, -3800.5622294296772, -6828.691909058778, -4294.66401594774, -4310.005480174628, -4057.1088019923577, -6838.2129753933405, -766.8134327721111, -1663.818802226952, -1360.8868626894985, 987.3612195116893, 843.3273730882086, 1917.2500775297453, 2855.5791882362787], "5": [-22716.184999998182, -11676.294999999714, -2877.095000000002, -4064.9049999996996, -3591.85, -4134.274999999105, -2445.724999998509, -3742.279999999403, -2903.1149999994063, -3456.0799999994065, -5756.6399999999985, -7201.764999997909, -5796.55999999911, -4604.244999999705, -2922.419999999699, -4532.579999999113, -2813.2399999991076, -3101.0499999961244, -4985.269999998221, -4093.0849999961256, -5976.734999996141, -4331.414999998509, -992.2849999997012, -1585.2849999985108, -1064.854999994038, -2445.049999996426, -3083.0149999949313, -1700.9649999964236, -3711.479999995228, -3058.4149999964247, -2126.89999999374, -1676.6999999716868, -462.3149999603626, -2083.879999949929, -3843.369999830429, -2733.694999712703, -6559.00499956012, -2986.9349994549143, -2764.284997929327, 217.9600064525004, -2503.464967945215, -2555.1149157324444, -2151.0996003994314, -3595.634322485337, -565.9115001979486, -3150.158561282456, -1584.4140393948528, -2028.8905599232767, 1085.3518779131587, -2565.9524827319397, -4496.67000633407, -1784.195146816031, -1112.2636221578716, -1744.058121883198, 300.2765542457511, -1655.4806131911107, -83.10078189947673, -601.2363139582168, 366.26392748005674, -1567.8876607608784, 1767.3547820905183, 1510.4000429062285, 1412.910122206169, 3088.5667948863093, 3018.172780789014, 3362.7224392127546, 4058.1640819707136]}