{"1": [169.3, 138.4, 138.4, 135.7, 138.2, 134.75, 137.7, 136.45], "2": [50.12548717554891, 10.742959840215917, 10.422509074657864, 10.406101452255097, 10.280507849046263, 10.27512704141409, 9.904677868953149, 10.18158908221667], "3": [165.09983805119992, 143.74984851181506, 142.49978890717028, 142.5997347831726, 142.4996014535427, 142.49976225197315, 142.54983214139938, 143.1498642861843], "4": [42.60497688291798, 14.930268182897999, 13.745675811673573, 14.061200345006364, 13.91174597449717, 13.906751099844405, 14.258484137344931, 13.946431926632068], "5": [161.8, 139.25, 138.65, 138.75, 137.95, 138.2, 138.6, 138.75]}