{"1": [-15295.879999999921, -1849.939999999819, 876.5100000000451, -2702.1699999998864, -1755.8700000000033, 3611.8250000000603, 1487.8299999999974, 2732.0050000000674], "2": [-18238.365253444576, -3210.7473521137936, 1277.5858906625822, -4229.822011551166, -2691.954527563533, 4561.948287215006, 1873.4255355068562, 3174.1045251079104], "3": [-15118.459983805053, -2970.1249848511225, 366.5000211093012, -3608.259973478537, -2480.0499601453257, 2785.300023774941, 723.2950167858505, 1833.7850135714525], "4": [-18330.03764474594, -3341.907912266265, 992.1116950314301, -4424.37483077398, -2937.510700791664, 4129.088200691825, 1572.154040434807, 2692.5390938153773], "5": [-16892.514999999694, -3275.370000000247, 611.5950000000304, -4010.520000000346, -2625.2099999999728, 3487.5300000000507, 1070.4649999999951, 2269.105000000099]}