{"1": [199.49624786619097, 157.78017180440946, 143.47841962398962, 149.47570993751287, 150.2937917915173, 146.69106970094145, 152.91134083028882], "2": [184.68592690450313, 120.76724634459534, 117.66696319529001, 122.98630582222832, 116.64843972228991, 122.3040509198152, 123.14831464613818], "3": [199.99999848008156, 156.25, 148.55, 152.45, 152.1, 150.6, 154.7], "4": [199.9999977350235, 132.9999989837408, 131.79999873638153, 132.59999877214432, 131.34999867081643, 133.44999778568746, 130.34999942481517], "5": [200.0, 13.351101120735985, 8.245984806647176, 8.345340068887163, 8.393502100324259, 8.303644401849306, 8.093118788533321]}