{"1": [-80986.65299860164, 576.2153245201293, 4721.096617586694, 3982.051665560821, 197.51796885823913, 2585.0278371699433, 3770.3495934302846], "2": [-80985.16859269128, -1105.326724661566, 4096.883303483175, 3231.2013691286893, -1198.1648442237556, 1752.5695946064377, 3013.4351682662923], "3": [-81065.59999985251, 154.4250000000148, 5006.844999999757, 4007.2049999996975, 261.9900000000228, 2812.340000000082, 3674.5300000001394], "4": [-81065.5999999923, 795.3500000932813, 5205.420000123756, 3621.8400001226873, 472.31500005931883, 2584.405000163458, 3539.4650000525717], "5": [-81139.5000000045, -2535.784504841611, 3327.3411925811233, 2124.19194330312, -2468.797875659903, 781.4439562394552, 1915.276629330831]}