{"1": [-9924226892.240948, -7198698758.234729, -9719162017.543163, -5260515667.150481, -3286919712.5045867, -358998000.997112, -3716.4480227028916, -45409.509073775465, -2876.747417486203, -2011.6051324929388, -2042.9620998835017, -17856.84993287075, -595.9832234059782, -816135.0456451027, -1945.503178285379, -2043.0401711932955, -1188.8139459337303, -508.0138098913353], "2": [-9924226908.38049, -7198698742.095163, -9431182595.308105, -5260448672.855623, -3285721584.552438, -922947562.0595744, -20496.319578686664, -207066.74959772997, -18153.77117485022, -13194.619432965846, -17361.543588706147, -97879.17722275935, -4764.1416371985515, -2296209.512404958, -15327.624187480982, -13244.505358521687, -4838.745864121757, -3955.4329976400486], "3": [-9924226859.821327, -7198698709.62428, -9756723396.67332, -5258149008.572237, -3190036560.993708, -741448398.3201166, -8194.76453257011, -128396.37304473214, -9922.462864557934, -10034.226957063524, -14318.209825794653, -127876.89034137086, -4151.059901707531, -2027460.3036054522, -14884.947046040417, -14352.006518747183, -5387.354616423232, -4116.362945457688], "4": [-9924226846.42506, -7198698764.458241, -9805846641.933605, -5260518084.241226, -3286764232.981339, -920515916.90627, -19004.46986443073, -186212.42367752473, -16369.50440244597, -11702.12160072736, -13919.292019116, -142842.9359285659, -2248.682605681655, -413465.19649559545, -7215.505062357642, -8050.567977938146, -787.784639764688, -2540.521563149953], "5": [-9924226886.13653, -7198698748.31737, -9216218003.765026, -5247765792.075753, -3180165239.623887, -610833537.9309036, -11667.87281006262, -153303.1482198938, -11686.18499504581, -9052.268079610365, -7903.259499302187, -91385.60756574853, -3136.762812287035, -1601042.732909803, -8105.106505497199, -9022.46560516767, -3142.943436590179, -2471.6600731184635]}